SubjectID,Image Shown,User Selection,Time Taken,Edit Direction,Edit Factor,Computed LPIPS,Computed L2,Computed MSSSIM
0255,b1c555b0-5fbe-43ea-a547-6d523047360f.png,Altered,6659 ms,narrow_eyes,0.05406459122528329,0.167647123336792,0.16277778148651123,0.5186905264854431
0255,ba3b6370-c8df-4887-a790-b1e6f651a61a.png,Altered,1357 ms,bags_under_eyes,-0.5861630783050886,0.16769137978553772,0.1615421026945114,0.5183877944946289
0255,1247f460-64f1-450c-8858-790480516f8b.png,Altered,4774 ms,chubby,0.5263817274677998,0.16781073808670044,0.1626427173614502,0.518367350101471
0255,607c0b02-0caa-4094-b599-c138639cd3bb.png,Altered,1490 ms,pointy_nose,-0.33610066568724384,0.16758935153484344,0.16433706879615784,0.5183787941932678
0255,942479d0-99e8-4a68-9e0b-ede5b8d6391a.png,Altered,2378 ms,age,0.17488528188668218,0.1678714007139206,0.16300848126411438,0.5177760124206543
0255,c9037d34-75a5-4ca9-a154-4431f57904bd.png,Altered,813 ms,chubby,0.6040422963983987,0.16765551269054413,0.1625751107931137,0.5184066891670227
0255,3e9d5b48-146d-4f7b-a334-a29cd4903aa9.png,Altered,970 ms,pointy_nose,-0.7313123606554259,0.1675119400024414,0.16623762249946594,0.5179053544998169
0255,87327fb2-49a5-420c-b302-32e799865ed7.png,Altered,3774 ms,age,0.22506759012614563,0.16784094274044037,0.1631685346364975,0.5175355672836304
0255,076bab54-fc2b-4424-bc4a-4647e6c83825.png,Altered,1660 ms,smiling,-0.13586435255053764,0.16769316792488098,0.16292119026184082,0.5185561180114746
0255,3066ef30-87e9-4743-b4be-b3cd13c9d000.png,Altered,716 ms,bags_under_eyes,-0.5208768107758661,0.16764114797115326,0.16173772513866425,0.5183801054954529
0255,84662168-a68d-408f-aa98-ecd265ca26bb.png,Altered,1206 ms,pointy_nose,-0.8045296430254434,0.1674027442932129,0.1666831374168396,0.5177198052406311
0255,347a7c81-f9bc-4b59-a1ab-4a51f67ce187.png,Altered,1299 ms,narrow_eyes,-0.4872226352420723,0.1678415983915329,0.16102829575538635,0.5182241797447205
0255,59514268-650c-4240-a8e8-0cd5f46364d7.png,Altered,1464 ms,smiling,0.6067052263209001,0.16734862327575684,0.16105419397354126,0.5189535021781921
0255,f94e198d-c57f-4ba0-bcd5-ddf3c9d418c5.png,Altered,1196 ms,pointy_nose,0.7618609349813481,0.16839560866355896,0.1584121137857437,0.5186077952384949
0255,4a1656e5-51cf-456c-8a2d-7ee3385dec20.png,Altered,875 ms,smiling,0.8911165463202786,0.167075514793396,0.1602550446987152,0.5188954472541809
0255,cfdc5735-f506-472b-8153-3dc379c182cf.png,Altered,1094 ms,narrow_eyes,-0.006932460917594474,0.16763544082641602,0.16258513927459717,0.5186429619789124
0255,33b67912-cba9-4b30-a9a4-2ed44d364ee4.png,Altered,1470 ms,age,0.8574515520855839,0.1684139221906662,0.16465161740779877,0.5142274498939514
0255,8031c51f-5174-44d5-ae38-d4e8d4094919.png,Altered,3564 ms,chubby,-0.932482781778075,0.16702091693878174,0.15998560190200806,0.520439863204956
0255,b491c221-d7bb-4cfe-813e-86b287692cec.png,Altered,1168 ms,age,0.2949870720996577,0.16781064867973328,0.1632618010044098,0.517199695110321
0255,4904b60c-94f9-44e0-a624-914a25c65537.png,Altered,1063 ms,narrow_eyes,0.23022623694570443,0.16760317981243134,0.1633833944797516,0.5187763571739197
0255,aff647d4-b90a-44ab-8216-af58d123e2fb.png,Original,2711 ms,Original,0,0,0,0
0255,51728ada-4cbf-44c1-b235-4294ee5ae5ce.png,Altered,1548 ms,bags_under_eyes,-0.8129125022046115,0.16757619380950928,0.16114234924316406,0.5182615518569946
0255,dc4ed0e8-db43-4d39-9162-cd201b53efa8.png,Altered,890 ms,smiling,0.5847132129727086,0.16739028692245483,0.16112248599529266,0.5189329981803894
0255,af79cda0-3308-4c50-af9e-18bac0977220.png,Altered,949 ms,smiling,0.6157996982948386,0.1673508882522583,0.16107136011123657,0.5189401507377625
0255,fc11ddd7-67e5-4476-b9aa-64added7e56f.png,Altered,1214 ms,chubby,-0.21719188645718357,0.16765785217285156,0.16220742464065552,0.5190548300743103
0255,121663ef-cae5-4d97-9c9c-279fa998902a.png,Original,1609 ms,Original,0,0,0,0
0255,ab030cea-3833-4365-8853-7da87fed80c9.png,Altered,1250 ms,bags_under_eyes,0.1674087336210619,0.16783294081687927,0.16286735236644745,0.5186927318572998
0255,e0449d91-c4de-4aa6-8bba-eaa65db35fab.png,Altered,705 ms,pointy_nose,-0.004368004482827592,0.16764125227928162,0.1626421958208084,0.5186417698860168
0255,fbbef047-45cb-43ee-9fed-0a5bc5708480.png,Altered,768 ms,narrow_eyes,-0.930577826135806,0.16815048456192017,0.1595734804868698,0.51790851354599
0255,f787dc14-bd9e-4633-a683-4e7c31f41b95.png,Altered,718 ms,age,-0.9988701215218345,0.16712342202663422,0.16023454070091248,0.522923469543457
0255,1bb6a255-60f6-4716-92bc-a4ab14a0a40e.png,Altered,1612 ms,bags_under_eyes,-0.21122733648360503,0.1673756241798401,0.16224399209022522,0.5185390114784241
0255,809e0792-2c0c-4fe1-bd61-4ddca5cd0471.png,Original,1252 ms,Original,0,0,0,0
0255,5bf2896e-b2aa-4340-a1c5-70db78b7ee8d.png,Altered,1436 ms,chubby,-0.5528661170506253,0.16732947528362274,0.16126295924186707,0.5196930766105652
0571,9be070ce-cabd-41ef-8567-3e93536609b1.png,Altered,1740 ms,narrow_eyes,-0.8786200386384246,0.15970516204833984,0.23766854405403137,0.45672860741615295
0571,bad0f9f9-fb43-4e5b-bda0-5b5dc48968b5.png,Altered,1517 ms,smiling,-0.156599696366998,0.15986782312393188,0.2443332076072693,0.45639708638191223
0571,62f43745-cec4-43f5-9a08-ad3ab78d47ec.png,Altered,2203 ms,pointy_nose,0.01844702239732876,0.1596212387084961,0.2440035343170166,0.4562470614910126
0571,e52e5ade-a88f-4653-a657-d48b6f0daa2c.png,Altered,1918 ms,bags_under_eyes,0.14200622536316043,0.15958012640476227,0.24465477466583252,0.45630142092704773
0571,aa50e944-1229-4282-969c-e4c94275a5c5.png,Altered,1459 ms,pointy_nose,-0.25472256527009374,0.159654438495636,0.24870359897613525,0.45618054270744324
0571,4aa71869-f086-44f1-9a1c-bb422f067957.png,Altered,2383 ms,bags_under_eyes,-0.3206329369864014,0.15999476611614227,0.24378514289855957,0.45603540539741516
0571,5f28bf98-f808-4e11-a15d-6f98628a3381.png,Original,2544 ms,Original,0,0,0,0
0571,ff40575b-4c3e-4fd8-aeef-77805dd9b490.png,Altered,821 ms,narrow_eyes,0.33467045023286346,0.159637913107872,0.24692384898662567,0.4558928310871124
0571,ef68ae2c-db2e-49b5-a30f-f6153d1b2037.png,Altered,518 ms,pointy_nose,0.702758490867303,0.15991298854351044,0.23301063477993011,0.4561012089252472
0571,8d43cd33-1732-490e-a599-af29765fc902.png,Altered,540 ms,age,-0.5576172249905211,0.15972334146499634,0.24592408537864685,0.4571598470211029
0571,2e8f23c8-88fe-4b3f-bb18-353361fc9488.png,Original,4004 ms,Original,0,0,0,0
0571,1eb4c4ef-cdb5-4f9d-bf3b-5055b09a6670.png,Altered,1083 ms,age,0.3676270689177277,0.16019895672798157,0.24321511387825012,0.45557525753974915
0571,ebbb6a6a-605b-4f09-b581-5dc6779d55af.png,Altered,659 ms,narrow_eyes,0.06236984813647117,0.15959791839122772,0.24472570419311523,0.4561702609062195
0571,0df59208-48e9-4947-85f8-c501c7700faa.png,Altered,578 ms,chubby,-0.5103744231333651,0.15964874625205994,0.2418866604566574,0.45611098408699036
0571,7a2f76fd-76e2-48bd-b1a2-4203b1ac3ce2.png,Altered,564 ms,narrow_eyes,-0.7636340352515412,0.1597711145877838,0.23859111964702606,0.4566477835178375
0571,4aac211d-5207-41a5-80fc-fb62a31e0139.png,Altered,539 ms,smiling,0.4288326715106485,0.15994024276733398,0.2446022480726242,0.4558520019054413
0571,65053c9d-8332-4414-b215-8df6c5220a0f.png,Altered,639 ms,narrow_eyes,-0.9208156104128913,0.15968482196331024,0.2373095601797104,0.4567446708679199
0571,1cec42ad-1e84-4c86-b48a-e69ae4695c9a.png,Altered,544 ms,chubby,-0.03137376027468397,0.15965110063552856,0.24410121142864227,0.45623213052749634
0571,53b51e36-8de8-46f3-9392-0122375f2008.png,Altered,586 ms,bags_under_eyes,-0.8944677057093167,0.16053511202335358,0.24283215403556824,0.4555695950984955
0571,a97afdb1-3571-40db-a909-4b32a6b43389.png,Altered,633 ms,bags_under_eyes,-0.02632203355454754,0.15963762998580933,0.24423620104789734,0.45621249079704285
0571,7778723f-a119-4406-9e68-de54adad14cb.png,Altered,615 ms,age,-0.6097958514808492,0.15967705845832825,0.24610686302185059,0.4572077691555023
0571,86d1120f-15f5-48f2-8221-3c58f0920893.png,Altered,532 ms,smiling,-0.12208514704508833,0.1598600149154663,0.2442467212677002,0.45637160539627075
0571,cdbf4be4-755a-4722-990c-73e05336c749.png,Altered,878 ms,pointy_nose,-0.31348353977903143,0.15970703959465027,0.24963650107383728,0.4561658203601837
0571,f270f023-f2a4-4145-b9b4-33ddc7fad646.png,Altered,578 ms,chubby,0.24837438474337148,0.15985819697380066,0.2456749677658081,0.4561123549938202
0571,4c472476-ca2b-4fb0-af33-6125b2975bd8.png,Altered,562 ms,age,-0.05585822070016211,0.15970268845558167,0.2444263994693756,0.4563811123371124
0571,be88a6d9-4910-44ac-ad11-bb3f62de8883.png,Altered,612 ms,smiling,0.14632253117841243,0.15964457392692566,0.24443957209587097,0.4560982286930084
0571,a34cd813-fda5-47b0-b32b-4c2a970d0bac.png,Altered,650 ms,pointy_nose,0.03755669357943181,0.15964394807815552,0.2436489760875702,0.45624250173568726
0571,d180232d-c26b-4473-8c1c-7bc51315d58f.png,Altered,678 ms,chubby,-0.7932950090366222,0.15970368683338165,0.24074694514274597,0.4558325707912445
0571,8dd884b2-5982-4dea-9fa9-1654622dc561.png,Altered,663 ms,chubby,-0.8525023070009501,0.1597318947315216,0.24049803614616394,0.4556993246078491
0571,a7cf72a2-78c9-46c7-a027-ca876a54d86c.png,Altered,538 ms,age,0.38619982669927566,0.16024227440357208,0.24323156476020813,0.45554664731025696
0571,e6149d7a-a15e-4f8d-8ebe-10c5be167347.png,Original,1275 ms,Original,0,0,0,0
0571,2b54e363-51eb-4bd9-8ff4-0ca8044e68d6.png,Altered,611 ms,smiling,-0.47024202694127615,0.1597651243209839,0.24410419166088104,0.45674341917037964
0571,fa4925d8-d98d-458b-a7df-d22c28b95745.png,Altered,5761 ms,Original,0,0,0,0
0571,39b54783-1c4f-4a91-9fc7-9be52f650eed.png,Altered,714 ms,bags_under_eyes,0.01357926230377049,0.1595851182937622,0.24423180520534515,0.45626184344291687
0571,896af39f-73bc-4d79-b684-374e8bd5b05c.png,Original,2415 ms,Original,0,0,0,0
0649,49d54cc0-4713-4177-80f3-653dcab0463d.png,Altered,1614 ms,smiling,-0.5469649691443763,0.16933390498161316,0.15784786641597748,0.5074431300163269
0649,3a5ff3d7-0234-41c9-a16a-df0afd352d26.png,Altered,1428 ms,bags_under_eyes,0.10920403699370751,0.16868704557418823,0.15690362453460693,0.5080351233482361
0649,b7194672-8f72-4b07-88a8-706d245ab313.png,Altered,999 ms,pointy_nose,0.026367421517364376,0.16862505674362183,0.15749965608119965,0.507659912109375
0649,bd5a3f21-9b14-4b7e-be25-8141978f1855.png,Original,1277 ms,Original,0,0,0,0
0649,c2729287-2585-4a3c-bf03-73019b364a7e.png,Altered,1377 ms,Original,0,0,0,0
0649,0b2f5a4e-64bc-4cc2-bf0e-2b443715e47a.png,Altered,1044 ms,narrow_eyes,-0.8346029535855353,0.16846947371959686,0.15911057591438293,0.5051299929618835
0649,30c35d78-c2fa-4ae7-b5af-188d6c2a7858.png,Altered,964 ms,narrow_eyes,0.7033300833242577,0.16874299943447113,0.15566429495811462,0.5103839039802551
0649,39f33813-01c2-4a35-8ecc-57274525d0e2.png,Altered,875 ms,chubby,0.17741072313136863,0.16887162625789642,0.15551577508449554,0.5082010626792908
0649,1a43a869-a68e-45b3-b4e0-c319d312fd3f.png,Altered,882 ms,smiling,0.4586761342892036,0.1682707667350769,0.15689173340797424,0.508027195930481
0649,27c00ac5-3955-4331-9e38-8f13220f328d.png,Altered,833 ms,smiling,0.030468610432317966,0.16843894124031067,0.157293438911438,0.5077536702156067
0649,1c3dca8c-cb77-4565-9be3-bdd61d68494b.png,Altered,826 ms,pointy_nose,0.33600667804975504,0.16857008635997772,0.15916311740875244,0.5065287351608276
0649,65256471-b135-492d-aa80-ca63e34eb279.png,Altered,743 ms,smiling,0.602012956201406,0.16810618340969086,0.15671811997890472,0.5080341100692749
0649,dff44b8a-d10f-4497-a677-06b226cd076e.png,Altered,645 ms,narrow_eyes,0.8896635621353959,0.1688431352376938,0.15521535277366638,0.5111609101295471
0649,f005efcc-940c-4ad8-a027-c2d5e15dab0d.png,Altered,731 ms,bags_under_eyes,0.9209130880168492,0.1692485809326172,0.15358498692512512,0.5109456777572632
0649,a940cdba-cee4-43b6-9b98-26026c005393.png,Original,964 ms,Original,0,0,0,0
0649,7ba9c691-c3ae-48a2-ba93-2d9b07ca38e2.png,Altered,779 ms,age,0.7180405333224182,0.16839954257011414,0.1557556539773941,0.5074522495269775
0649,56d86801-59c9-4679-8c21-6165b2233a32.png,Altered,754 ms,smiling,-0.7329294239395456,0.1694076657295227,0.15806268155574799,0.5073829889297485
0649,320ac1c9-ffb9-4edd-b834-55fa145736f6.png,Altered,761 ms,bags_under_eyes,-0.5417121284613335,0.1682407110929489,0.159480482339859,0.5061414241790771
0649,6cf03e40-f8fa-4d92-aaba-ccef4a1dc064.png,Original,1620 ms,Original,0,0,0,0
0649,859c47b4-c8d2-46ed-b4da-618c1461d969.png,Altered,989 ms,age,-0.26158617981238286,0.1687510460615158,0.15771281719207764,0.5076751112937927
0649,eea653f8-bfea-4c83-afc3-683e2aa1f1a6.png,Altered,738 ms,bags_under_eyes,-0.36458907268655705,0.16830116510391235,0.15879473090171814,0.5066746473312378
0649,41d9db84-4ea6-4127-9235-d3cc7b715128.png,Altered,848 ms,narrow_eyes,0.28593261162264527,0.1687486618757248,0.1566794216632843,0.5087124705314636
0649,5ea355d5-e024-40bb-b407-caab3b751b56.png,Altered,774 ms,narrow_eyes,0.6531718982838046,0.16870145499706268,0.15578889846801758,0.5101100206375122
0649,3ce32353-73ad-4fb6-a7dd-0994691834e7.png,Original,1208 ms,Original,0,0,0,0
0649,d76c5207-9c9a-4dc2-9b3a-21e44169b138.png,Altered,768 ms,chubby,-0.2253112396342989,0.16882114112377167,0.15981164574623108,0.506878674030304
0649,ec73c3c1-0645-4264-bb34-2735780e138e.png,Altered,708 ms,pointy_nose,-0.5208399377007744,0.16850894689559937,0.15456074476242065,0.509995698928833
0649,bb70ec6d-0e55-4981-9475-4d655d3279b3.png,Altered,704 ms,pointy_nose,0.21929047554488945,0.1686554253101349,0.15854530036449432,0.5070038437843323
0649,a08566dc-c6a8-410f-8461-8c8f693668f4.png,Altered,775 ms,chubby,-0.21122173218837292,0.16880595684051514,0.1596556454896927,0.506999671459198
0649,64995e6e-2108-453d-a17e-51ef6951e39a.png,Altered,728 ms,pointy_nose,-0.5814473361462125,0.16854779422283173,0.15421894192695618,0.5103334784507751
0649,253f8a97-0acf-4938-bb23-552ed2739828.png,Altered,757 ms,chubby,0.7413823712929908,0.1685929000377655,0.15032975375652313,0.5096905827522278
0649,4715e9d3-16e9-4891-8f44-77e14344bf59.png,Altered,694 ms,age,0.5543452544303833,0.16850313544273376,0.15619060397148132,0.5074652433395386
0649,8a03695b-8b38-4598-ad11-a4edaf1285c4.png,Altered,809 ms,age,-0.511331042732899,0.1693103015422821,0.15791389346122742,0.507676362991333
0649,c5848eeb-32e8-49f6-ac7c-809d9e200f9f.png,Altered,777 ms,age,-0.8825566116182029,0.1692722737789154,0.15809381008148193,0.5074754357337952
0649,bcff4b1d-c552-4097-8ff1-5bdbeec7c7a3.png,Altered,754 ms,bags_under_eyes,-0.7830085661031196,0.16810177266597748,0.16037046909332275,0.5055034160614014
0649,54b4582c-236f-4cd9-a48b-427fb5938971.png,Altered,734 ms,chubby,0.6579089452457736,0.16864119470119476,0.15106834471225739,0.5094495415687561
0686,98f3cb7a-473e-470c-8482-ba1b42336daa.png,Altered,1986 ms,bags_under_eyes,0.27926292726892155,0.171800434589386,0.07658937573432922,0.48274877667427063
0686,faaabbc2-66f1-4e22-b53e-b62af3b523f3.png,Original,1652 ms,Original,0,0,0,0
0686,fb9f9c3b-9255-426c-acda-6f6de3980c52.png,Altered,1285 ms,smiling,-0.1667589055557117,0.1722393035888672,0.07668863981962204,0.4826521873474121
0686,3d4f31ee-5ed1-4f37-8d16-0d6fdfe05037.png,Altered,1357 ms,pointy_nose,0.9386375957790798,0.17296859622001648,0.07399564981460571,0.47129565477371216
0686,4a111bd1-5376-4ac8-b9d8-21a64b08dfcc.png,Altered,1214 ms,narrow_eyes,-0.16636488753217415,0.17228350043296814,0.07630489766597748,0.4813224673271179
0686,f76a18f7-5f05-42f4-afa5-40e7e072a1ff.png,Altered,930 ms,age,0.4755126068692741,0.17246286571025848,0.0762065052986145,0.48093679547309875
0686,9f93c0ac-1394-4847-aa80-919efc3cc93d.png,Altered,1541 ms,narrow_eyes,-0.6996275495480999,0.17226684093475342,0.07567127048969269,0.4796353280544281
0686,e5cb5418-2dfd-4c64-b857-b509da406601.png,Altered,1175 ms,smiling,-0.6728194198353425,0.17231369018554688,0.07708048820495605,0.484648734331131
0686,2ed52946-c89f-435c-8ba8-8a10e0e68ed1.png,Altered,1302 ms,pointy_nose,-0.013704724163001503,0.17244529724121094,0.07667186856269836,0.48156559467315674
0686,15fa9eba-0303-4c18-a40a-b5d67b39ae78.png,Original,1410 ms,Original,0,0,0,0
0686,9b67554a-fd7e-42c8-a621-5c5c0db433e2.png,Altered,1171 ms,age,0.9616202211383249,0.17285971343517303,0.07560846209526062,0.48067793250083923
0686,c0ddc498-acd5-4aa9-a3cc-7baeb2797155.png,Altered,925 ms,chubby,0.32870837109378237,0.17238454520702362,0.07646249234676361,0.4849121570587158
0686,d8982f0a-c61d-4c59-be48-48723fd28eba.png,Altered,732 ms,narrow_eyes,-0.36383810214615675,0.17227771878242493,0.07607190310955048,0.48066264390945435
0686,1c41a812-888b-43e4-b3e3-aac8ed88f87a.png,Altered,657 ms,bags_under_eyes,-0.8960336743216011,0.1732666790485382,0.07664328068494797,0.4790363609790802
0686,0bd93e7d-f6a1-4b39-b411-c31660c492b9.png,Altered,700 ms,narrow_eyes,0.2564031932817057,0.17217348515987396,0.07695217430591583,0.48224836587905884
0686,613b7282-755b-4a23-b0c0-305e356c4491.png,Altered,616 ms,pointy_nose,0.5511815129499584,0.17267905175685883,0.07491832971572876,0.47594088315963745
0686,86cdf4b8-773e-4e18-8f17-9ab682beda7f.png,Altered,553 ms,age,-0.8176320467731248,0.1718529313802719,0.0771714299917221,0.48217931389808655
0686,ff1cc15b-6de9-442a-8ecf-6c51a7036547.png,Altered,564 ms,pointy_nose,-0.002452455717612212,0.17245392501354218,0.07663128525018692,0.4814419746398926
0686,0fcb8305-a2fe-4edf-b19e-43acbfdf2ad3.png,Altered,556 ms,age,-0.8927320448618405,0.17176854610443115,0.07721936702728271,0.4821230173110962
0686,6a53745d-ab38-404b-bfe6-77a508246161.png,Altered,566 ms,smiling,0.5711823449543891,0.1721193492412567,0.07610058039426804,0.4783349931240082
0686,b9b26706-468f-4f82-b4e2-5ec1b61c5a23.png,Altered,634 ms,pointy_nose,-0.06618013550400437,0.17229613661766052,0.07680468261241913,0.48204031586647034
0686,8a9bdbf5-1875-4d7e-83f1-367df7eea939.png,Altered,594 ms,chubby,-0.5459618027653623,0.17246514558792114,0.07658445090055466,0.4759124219417572
0686,6251b46d-aa33-4fcc-aba0-7b415cc37ade.png,Altered,591 ms,narrow_eyes,0.29746317026052593,0.17212919890880585,0.07700150460004807,0.4823356866836548
0686,7f752035-d297-4b89-a70c-9cc93b8fc50b.png,Altered,754 ms,chubby,-0.6883622664214228,0.1723821461200714,0.07659230381250381,0.47461530566215515
0686,37b32409-31fb-4b4e-a0d9-42a49ca99877.png,Original,1262 ms,Original,0,0,0,0
0686,89796f4b-85df-44ed-bf63-802953f33ee8.png,Altered,865 ms,chubby,-0.6111395173374283,0.17247876524925232,0.07659123837947845,0.47533804178237915
0686,14ca04a5-c7fe-4f5f-a8c7-6ae7828200cb.png,Altered,646 ms,bags_under_eyes,-0.6108268198160816,0.17312303185462952,0.07661399245262146,0.4794827103614807
0686,b7f0346c-1d98-489e-831e-d44ac1d79c62.png,Altered,748 ms,bags_under_eyes,-0.4667977289625631,0.17303001880645752,0.07658480852842331,0.4804134666919708
0686,a89f5597-7868-464b-bd53-a96e20339045.png,Altered,621 ms,chubby,-0.2980854619311766,0.17208543419837952,0.07651206851005554,0.4788053333759308
0686,3f98a176-4fca-4a9c-b104-3098ed1ee7b9.png,Altered,803 ms,smiling,-0.5405227594888218,0.17225806415081024,0.07698515057563782,0.4842192232608795
0686,947902f1-b30a-42c4-baf9-4413248ecb07.png,Original,1113 ms,Original,0,0,0,0
0686,5fd83ea3-784a-4383-861c-3ca22e80a3e6.png,Altered,635 ms,smiling,-0.6400512252862673,0.17235825955867767,0.07705120742321014,0.4845631420612335
0686,8265889a-c7d9-44b7-8139-3cdb1d24bf84.png,Original,989 ms,Original,0,0,0,0
0686,5541266c-80f5-4e8d-b562-39de362892e3.png,Altered,896 ms,bags_under_eyes,0.42001105100195746,0.17151974141597748,0.07657724618911743,0.4832397997379303
0686,005932af-1ec8-410e-9db8-8ecf264568ea.png,Altered,666 ms,age,0.6450158534861157,0.17243334650993347,0.07599180936813354,0.4809870719909668
0748,3e65ea33-2fc0-4120-b9fd-c15f4f65ed1b.png,Altered,1792 ms,narrow_eyes,-0.8268892549588589,0.16053400933742523,0.105415478348732,0.5922715067863464
0748,a4bb9235-f1c8-4f81-a878-19531fcbfc94.png,Original,1223 ms,Original,0,0,0,0
0748,e51b792a-5e4a-4cbd-9880-a122c60c0df0.png,Altered,1056 ms,pointy_nose,-0.4483519277783392,0.1590883731842041,0.10442446172237396,0.5946938991546631
0748,2ccf1472-eb19-4023-81be-ab1cfb2570de.png,Altered,829 ms,smiling,-0.4391292633682755,0.16023875772953033,0.10648217797279358,0.5923793911933899
0748,ac6a3879-6a70-4afe-80ac-3169407285eb.png,Original,1111 ms,Original,0,0,0,0
0748,1082d36a-2419-4da6-8758-1157e2070e2c.png,Altered,930 ms,smiling,-0.5074593510858403,0.16057166457176208,0.10690627992153168,0.5917124152183533
0748,6e05f452-39d9-4181-949a-e0083c802389.png,Altered,851 ms,pointy_nose,-0.8587615000113256,0.15917761623859406,0.10528849810361862,0.5922236442565918
0748,686cb815-3b9c-400f-86da-e6afd50c3a2a.png,Altered,621 ms,bags_under_eyes,0.04060365259693932,0.15971510112285614,0.10397659242153168,0.5959905982017517
0748,abb31af3-084e-4930-bb3a-91228a1780c6.png,Original,984 ms,Original,0,0,0,0
0748,c1511557-d580-49d5-a08a-124ff767279d.png,Altered,996 ms,bags_under_eyes,-0.6862306655037522,0.15940865874290466,0.10363461822271347,0.5955225229263306
0748,52951239-6aee-4fc8-91f7-17debf83fc7d.png,Original,1008 ms,Original,0,0,0,0
0748,deff902c-704d-4107-8a64-c76e552bf562.png,Altered,877 ms,chubby,0.030515276774155886,0.15975815057754517,0.10391461849212646,0.5959759950637817
0748,49f13b18-9f33-48c1-a610-2b3c8cde9e56.png,Altered,1164 ms,bags_under_eyes,0.6462837644527111,0.16037267446517944,0.10452191531658173,0.5944745540618896
0748,faf18118-af53-45e7-953b-c429d4aa805d.png,Altered,645 ms,narrow_eyes,0.6056633010328203,0.1595008373260498,0.1031290739774704,0.5972898602485657
0748,2364bae1-aa77-4eed-8c68-6a2009118d96.png,Altered,520 ms,smiling,0.6413996739915999,0.1587247997522354,0.10039427876472473,0.5999725461006165
0748,ab4bc029-4065-4d66-8e90-07466df1c5ad.png,Altered,512 ms,chubby,-0.3969701914304289,0.15961496531963348,0.10429912805557251,0.5965057015419006
0748,4ececeb6-9e65-4ce6-8c02-dd473ac979c4.png,Altered,568 ms,smiling,0.9750633318740045,0.15856193006038666,0.09873385727405548,0.600860595703125
0748,8a4b71ec-2f00-40d2-91ed-87e1ff649025.png,Altered,555 ms,chubby,-0.7356154287121606,0.16021861135959625,0.10476697981357574,0.596403181552887
0748,150a92c3-fd60-4e21-95ca-dacbd9ef8dcc.png,Altered,587 ms,age,-0.8919606888650149,0.16146086156368256,0.1064491793513298,0.5893023610115051
0748,57aa1d5a-099d-4afb-9a29-30800f1fb7a8.png,Original,1046 ms,Original,0,0,0,0
0748,28e3fda5-a9cb-4903-ad0e-e177484ab382.png,Altered,956 ms,chubby,-0.8280293879271858,0.1602279096841812,0.1048908531665802,0.5964171290397644
0748,fc5fa066-b82b-4a72-ba6a-ae7b14e75394.png,Altered,571 ms,smiling,-0.3179869539706184,0.15999411046504974,0.10582882165908813,0.5934246778488159
0748,aa26a1c3-a8ae-4a91-b2e0-0e161a6c5147.png,Altered,597 ms,pointy_nose,-0.000565973958868371,0.1596965342760086,0.10393708944320679,0.5960486531257629
0748,efdb13c3-7be0-4b2b-b65d-9f85b6a2beca.png,Altered,452 ms,age,0.5999817467874391,0.15866851806640625,0.10253238677978516,0.5990735292434692
0748,3cdf1d71-a358-4077-8a1f-b5c7199b599c.png,Altered,462 ms,pointy_nose,-0.09322730843607219,0.15964671969413757,0.10401612520217896,0.5958325266838074
0748,4ef06be4-e140-4569-b329-855b79bcb806.png,Altered,548 ms,age,0.80443766757394,0.1585979163646698,0.10216663777828217,0.5997256636619568
0748,ee9f4097-9666-4748-9819-f2990a1a058f.png,Altered,505 ms,bags_under_eyes,-0.3720554037238024,0.15955108404159546,0.10375213623046875,0.5959456562995911
0748,73f8ba52-c97c-4e80-9e53-115538c9589f.png,Altered,415 ms,bags_under_eyes,0.9913041964624203,0.1606522798538208,0.10499420017004013,0.5926130414009094
0748,55be3dd5-5144-4e96-b236-b49dcd955c6e.png,Altered,501 ms,narrow_eyes,0.6378835253753099,0.1595020592212677,0.10310634970664978,0.5973328351974487
0748,ec6a88dc-2c5a-4594-a84a-741c2a02b792.png,Altered,536 ms,age,0.836633240330219,0.1585560292005539,0.10216280072927475,0.5997369289398193
0748,369bcb1b-c59a-4a05-98b2-348842a3fe4f.png,Altered,508 ms,chubby,0.9783672387658007,0.16014355421066284,0.10366308689117432,0.5927495360374451
0748,90a08191-8aa2-4eb2-a8a4-d632b14c2de2.png,Altered,474 ms,narrow_eyes,0.4337420700496022,0.15963491797447205,0.10332965850830078,0.5970105528831482
0748,fe1dcf75-3606-41d5-bd6a-cf546c44473d.png,Altered,473 ms,age,0.8145586286951927,0.15858638286590576,0.1021498441696167,0.5997355580329895
0748,e74c56b5-96a3-47dd-89c1-c5d2e333ea47.png,Altered,517 ms,pointy_nose,0.59841011328192,0.16016364097595215,0.10384726524353027,0.5960096120834351
0748,4ac7af9a-58e2-4a8c-8f24-82998a3f3aa3.png,Altered,567 ms,narrow_eyes,0.2998161281604863,0.15953217446804047,0.10348594188690186,0.5967729091644287
0834,82a11fd0-e707-4ae0-8f9e-664d4e158c34.png,Altered,3729 ms,narrow_eyes,-0.34022187506158863,0.11901593208312988,0.06778277456760406,0.6300147771835327
0834,ba5e17f1-1f82-4eb4-b126-78a035038733.png,Original,2755 ms,Original,0,0,0,0
0834,330da1df-4629-41c2-95c5-1aede36bbbb6.png,Altered,1788 ms,pointy_nose,-0.6981397260333992,0.11950483918190002,0.07503010332584381,0.6260027289390564
0834,c3894db8-fcf0-455b-bf6a-1a237df2200a.png,Altered,1386 ms,bags_under_eyes,0.5987973060329246,0.11929350346326828,0.07193604111671448,0.6220083832740784
0834,95a5e73c-84dc-4ed8-b933-4b9eab05211e.png,Altered,2035 ms,smiling,-0.9211423277490123,0.1190326064825058,0.06839912384748459,0.6340649724006653
0834,27f6cd96-60e0-4076-8f87-0f59ad70383b.png,Altered,2232 ms,smiling,0.3780021694642799,0.11983608454465866,0.07087669521570206,0.6219528913497925
0834,68150d93-8c8b-499f-a9d7-6d4c8cccc29e.png,Altered,1865 ms,pointy_nose,-0.21869747503301307,0.11937515437602997,0.07101909816265106,0.6268369555473328
0834,dcb765e3-057f-41d6-a59d-2e7452f4bcbb.png,Altered,1691 ms,narrow_eyes,0.16515433126976964,0.11933501809835434,0.07043790072202682,0.625493586063385
0834,a5be9d88-39ad-452d-acc6-b5bdfad29fef.png,Altered,1227 ms,chubby,-0.18614647610566193,0.11946257203817368,0.0692257210612297,0.6255237460136414
0834,aa5a6e2f-9f79-4a6f-9255-55176c45fd5f.png,Altered,1631 ms,pointy_nose,0.4483459722870389,0.11918425559997559,0.06688115000724792,0.6272723078727722
0834,5db5b862-0108-45dc-8416-405d64e4c251.png,Altered,1928 ms,chubby,-0.6236104024913671,0.11998461186885834,0.06917338818311691,0.6214296221733093
0834,728a2b03-20d9-4a24-a7d6-09b48b9029bd.png,Original,1469 ms,Original,0,0,0,0
0834,0fddd298-f27f-4d28-a021-4b0a82d35c7e.png,Altered,822 ms,chubby,0.21226456120673043,0.11941318213939667,0.06994806975126266,0.6283760070800781
0834,dd6270b9-3b64-4239-970e-3fe5fb94edf2.png,Altered,823 ms,pointy_nose,0.4083649844151851,0.11924700438976288,0.06708934158086777,0.627263069152832
0834,712ddf17-b42b-4582-9b42-c576506b1fab.png,Altered,876 ms,chubby,0.40527340948529256,0.11924673616886139,0.07054105401039124,0.6292138695716858
0834,906789c6-c091-49c6-94d2-f2cd9b38d727.png,Altered,808 ms,age,0.7735727975314293,0.12026737630367279,0.07015800476074219,0.6209061741828918
0834,049708a7-3409-4f73-bf09-49b3780aad66.png,Altered,670 ms,smiling,0.4166129007907473,0.11984193325042725,0.07102079689502716,0.6213865876197815
0834,d9b2c55f-d57f-4c02-85b1-e7124b1e65a1.png,Altered,1020 ms,pointy_nose,-0.7349688986023237,0.11946918815374374,0.075328029692173,0.6259538531303406
0834,05587e5a-2e6d-4375-ad7d-1091cc949f4f.png,Altered,728 ms,age,0.8270251463414982,0.12029288709163666,0.07034286856651306,0.6202206611633301
0834,47685463-1b94-4b36-aa02-3b190153d632.png,Original,927 ms,Original,0,0,0,0
0834,ec2952fe-08fb-42ae-97c8-07374fd6d883.png,Altered,932 ms,smiling,-0.40956427181307387,0.11896537244319916,0.06861385703086853,0.631059467792511
0834,65edc47d-0d1a-45df-a683-961af6ca614e.png,Original,877 ms,Original,0,0,0,0
0834,9271b9b0-5d1a-46b9-953f-60f67b364db6.png,Original,1890 ms,Original,0,0,0,0
0834,5ea119be-7ac2-4f3c-90d2-e78466faf9d2.png,Altered,824 ms,age,0.5141091623160268,0.12016689777374268,0.06958350539207458,0.6236703395843506
0834,e49d15be-67f5-4c11-95bd-1e1647c5f6f3.png,Altered,906 ms,bags_under_eyes,0.6420216524441442,0.11930745095014572,0.07207939773797989,0.621626079082489
0834,085359d0-11b1-40d0-aefd-af2f102ac643.png,Altered,830 ms,chubby,-0.9660647830483298,0.12037724256515503,0.06949074566364288,0.6182612180709839
0834,ae49344a-3dcd-4f15-9af2-da64d17b9f87.png,Altered,669 ms,smiling,-0.0028065919586515164,0.11914621293544769,0.06956182420253754,0.6270073056221008
0834,dd73e8f5-dd10-45e6-b0d9-4ea7d7235946.png,Altered,632 ms,bags_under_eyes,-0.29991003102654457,0.1191338524222374,0.06857030093669891,0.6290960907936096
0834,335f007e-4d22-44a8-8556-06acc08ce6e2.png,Altered,760 ms,bags_under_eyes,-0.15898558962138298,0.119217149913311,0.06895094364881516,0.6281704902648926
0834,9720645c-d3d2-427d-8c28-b6bf4acfe0aa.png,Altered,488 ms,bags_under_eyes,0.24852590251841145,0.11919361352920532,0.0703858733177185,0.6251044869422913
0834,abee8c32-4dcc-428f-9286-60cd81aaf95b.png,Altered,488 ms,age,0.8631939264661808,0.12030728906393051,0.07042062282562256,0.6197918057441711
0834,fd3b78d2-62a6-4fdc-b4bb-43072912cb7f.png,Altered,579 ms,narrow_eyes,0.7492992182591707,0.11991461366415024,0.07392288744449615,0.6196050047874451
0834,32399161-b4ac-43a1-91e8-75e4486efab6.png,Altered,496 ms,narrow_eyes,-0.15522787604746058,0.11916457116603851,0.06868584454059601,0.6283988356590271
0834,f3af641d-e6f6-461e-93f3-8ba181105c0e.png,Altered,864 ms,age,-0.12429222060354705,0.11943003535270691,0.06969688832759857,0.6274231672286987
0834,ce8e0618-4684-4f27-8526-db4f64e27d77.png,Altered,805 ms,narrow_eyes,-0.5264107625531198,0.1189977377653122,0.06697365641593933,0.6314811110496521
0870,9eccc81f-34a6-4c1b-af7b-b830cf7f36f4.png,Original,3129 ms,Original,0,0,0,0
0870,50c4811b-f6b2-4749-9f5c-94257a5dd3a8.png,Altered,2173 ms,chubby,0.4809760452147518,0.2221018522977829,0.14476293325424194,0.38421630859375
0870,7fe8f231-4a54-42c2-b701-0c946bc4f182.png,Altered,2747 ms,narrow_eyes,-0.0016515809417780858,0.22175687551498413,0.14388811588287354,0.3849390149116516
0870,31e506ed-8199-4137-a0c3-161587f8f49c.png,Altered,829 ms,chubby,-0.6991669514996184,0.22078770399093628,0.14336171746253967,0.3846396505832672
0870,75689163-027d-44e6-a597-1cce06f89dcc.png,Altered,923 ms,age,-0.6510447849211611,0.22099682688713074,0.14341722428798676,0.38633498549461365
0870,747f1d10-24e9-4d61-89a0-4d29184afdaf.png,Altered,841 ms,smiling,-0.9126247559517304,0.22130048274993896,0.13940158486366272,0.3869912922382355
0870,b3d8b192-f8cd-42fa-87cf-83eebc96ac4e.png,Altered,1058 ms,bags_under_eyes,0.41395126300296714,0.22150710225105286,0.1440228521823883,0.3847096860408783
0870,98f92a24-f055-48fd-b933-bc969fb5b2d9.png,Altered,578 ms,bags_under_eyes,0.886888894231713,0.22200725972652435,0.14413492381572723,0.3846723139286041
0870,5e3d701c-a233-462f-85de-5e547610f746.png,Altered,653 ms,chubby,0.794544033729027,0.2229137122631073,0.14574909210205078,0.3831619322299957
0870,9e512ac8-0bf5-4cc8-8709-9bf94062cc9e.png,Altered,1045 ms,pointy_nose,0.9359494310085517,0.22078363597393036,0.13369503617286682,0.3837644159793854
0870,e0946d0a-6b4c-4caf-801c-b01878eafb7a.png,Altered,944 ms,smiling,-0.4675446245410624,0.22156107425689697,0.14149229228496552,0.3858605623245239
0870,00336c02-adde-4010-922c-1bdc75e09269.png,Altered,1052 ms,bags_under_eyes,-0.08971693821629345,0.22168603539466858,0.14387017488479614,0.3849661946296692
0870,2b0f4098-cb20-49cc-9163-a61e472657c5.png,Altered,674 ms,pointy_nose,0.8598597437276221,0.22073134779930115,0.13436700403690338,0.3839612603187561
0870,97583d54-84f1-414c-bf68-dfc55fe79154.png,Altered,790 ms,pointy_nose,-0.45667517692890414,0.2225867360830307,0.15032079815864563,0.3843531906604767
0870,dcaefeb8-18d0-4077-b2a8-9a4e56f32cbd.png,Altered,4241 ms,Original,0,0,0,0
0870,0aa2abf2-65ca-4192-b912-21661375eebf.png,Altered,711 ms,Original,0,0,0,0
0870,42aeec85-f30e-4a53-9f2d-b1bd238dbded.png,Altered,737 ms,narrow_eyes,-0.20614119693230348,0.22163459658622742,0.14229068160057068,0.38520529866218567
0870,a9f358c5-f631-417c-b20f-7d82747c8a3a.png,Altered,711 ms,narrow_eyes,0.5598311784283283,0.22183756530284882,0.14858320355415344,0.3835817575454712
0870,e5e9fb9a-5611-4bce-9b5a-a6ae25611597.png,Altered,539 ms,Original,0,0,0,0
0870,50519dae-9e05-4e21-8986-9f40710cd3d5.png,Altered,945 ms,pointy_nose,-0.490616294005618,0.2226385772228241,0.15084192156791687,0.38434138894081116
0870,c2246eb9-af01-4817-b638-fdf81fea5df3.png,Altered,710 ms,chubby,0.47023758690560347,0.22212788462638855,0.14472010731697083,0.3842586874961853
0870,8f42ab09-cf5c-42a3-9f3d-0ce094f59f7c.png,Altered,700 ms,smiling,0.4435482352601656,0.2220996618270874,0.14637920260429382,0.3840728998184204
0870,5a467e29-fe06-4639-8ecd-e4a3fd990acc.png,Original,1666 ms,Original,0,0,0,0
0870,869d3c86-f446-49a8-91a0-f3c51c456ee9.png,Altered,887 ms,chubby,0.9594888154060328,0.22296282649040222,0.14626288414001465,0.3830181062221527
0870,69c86fcc-ec13-4db1-9253-1ee15b16d835.png,Altered,1110 ms,narrow_eyes,0.0841179043407565,0.2219690978527069,0.14457052946090698,0.38476285338401794
0870,7c305588-6980-4e4f-9da2-ac4e7e1dc936.png,Altered,776 ms,pointy_nose,-0.8597902597352278,0.2233636975288391,0.15673859417438507,0.38355371356010437
0870,eb7b8f27-a4ba-4df2-a2b4-274e31361b5a.png,Altered,865 ms,age,0.13532359612296996,0.22179648280143738,0.14410021901130676,0.3849700689315796
0870,6009133f-1165-46a0-b1d8-654fbf6216c7.png,Altered,622 ms,smiling,-0.25540772225997355,0.22161422669887543,0.14252245426177979,0.38544929027557373
0870,7a4a693d-22f7-4612-acb6-a5adeed93447.png,Altered,636 ms,age,0.26277111196525205,0.22207534313201904,0.14424365758895874,0.3848067820072174
0870,1e3d4156-fd24-4b73-ab7e-55ec9ce45ed2.png,Altered,767 ms,narrow_eyes,-0.20773721454659655,0.22162604331970215,0.14226727187633514,0.385213166475296
0870,a033efd5-ce08-4815-9594-d1a98c1f52b0.png,Altered,617 ms,age,-0.09047933474749104,0.22179746627807617,0.14380241930484772,0.3848932385444641
0870,0a264c52-8a32-4004-a3d7-a30ce7f752c6.png,Altered,581 ms,age,-0.0020862854711558576,0.22176502645015717,0.14390720427036285,0.38490545749664307
0870,7e8d1166-2958-4e7a-8521-60059ae50fd4.png,Altered,693 ms,smiling,-0.02356389997352837,0.22169232368469238,0.1437910795211792,0.3849392831325531
0870,23a74f77-5c6c-4a8c-8c8e-95f788c84d7b.png,Altered,640 ms,bags_under_eyes,-0.8215149239253376,0.22107617557048798,0.14389002323150635,0.3844621777534485
0870,683f6f92-555e-4833-94ec-84d0dc8e7d6f.png,Altered,893 ms,bags_under_eyes,0.9669542656734511,0.22222165763378143,0.1441790759563446,0.38469842076301575
1039,0ef3fd83-5bba-4c6d-bf4f-ffdba7141a42.png,Altered,2096 ms,chubby,0.23017745548063884,0.131364643573761,0.10236890614032745,0.5844438076019287
1039,5d38faca-e44f-4e8f-b4af-fd18d59571d8.png,Altered,1665 ms,age,-0.5379186856297775,0.13062302768230438,0.09982970356941223,0.5897316336631775
1039,f18bdbf6-3f4f-4ef4-9237-04761e8c3687.png,Altered,1730 ms,age,0.2860399068540336,0.13099786639213562,0.10234110057353973,0.5847586989402771
1039,4ad317fb-1298-49dd-bcbd-e2fd59f624cc.png,Altered,1799 ms,bags_under_eyes,0.23348590497186406,0.13135185837745667,0.10191642493009567,0.5854216814041138
1039,3e28b936-d34d-48b7-8503-c317df9afc25.png,Altered,1561 ms,chubby,-0.7794311359075639,0.13017955422401428,0.09994667768478394,0.5927973985671997
1039,8c08b9b0-4f02-4a5d-898b-225076e9d62e.png,Altered,1725 ms,narrow_eyes,0.6726226612258324,0.1306377351284027,0.10169023275375366,0.5880994200706482
1039,9ad826ff-e086-449f-a538-feba802efe4d.png,Altered,2265 ms,pointy_nose,0.35453932749963246,0.13151425123214722,0.10078200697898865,0.5850803256034851
1039,61e21296-2ecf-42ac-97d3-73e311f7953b.png,Altered,2062 ms,bags_under_eyes,0.20635726779808516,0.13133710622787476,0.1018383800983429,0.5855646133422852
1039,01bee583-00d8-4f67-b576-a2633ca7a810.png,Altered,1821 ms,smiling,-0.8833723387922874,0.13204315304756165,0.10533016920089722,0.584152340888977
1039,d318966e-bc18-4150-a4a7-40fb4767423b.png,Altered,2012 ms,narrow_eyes,0.9625280385744832,0.13054047524929047,0.10190751403570175,0.5888988375663757
1039,d8983260-ce61-47bc-b1ff-84fe7032f263.png,Altered,1822 ms,smiling,0.9258746109153988,0.12992417812347412,0.09761013090610504,0.589745819568634
1039,f88c3855-64d7-41ae-bffd-a7c4c404719d.png,Altered,1808 ms,bags_under_eyes,0.6849821946007608,0.13144451379776,0.1027829647064209,0.5839250087738037
1039,b62e403b-a77a-46fe-8505-1e2d8af05794.png,Altered,1473 ms,pointy_nose,0.09424674474301664,0.13115601241588593,0.10119710862636566,0.5859683156013489
1039,52c43fd1-1b3c-4cc0-a096-0e07c136612f.png,Altered,1553 ms,bags_under_eyes,-0.447717120264401,0.130445659160614,0.10042464733123779,0.5877825021743774
1039,40fe8738-4a20-4971-8ec4-37007e844607.png,Altered,1684 ms,age,0.7398954819674308,0.13147896528244019,0.10386037081480026,0.5827813744544983
1039,1e499905-701b-48fa-95c2-aae43499014a.png,Original,1611 ms,Original,0,0,0,0
1039,7cafef0a-f387-4b27-a708-91581c932e24.png,Original,1913 ms,Original,0,0,0,0
1039,c8b6ae37-dd53-4cc1-8486-2a109c94eea9.png,Altered,1796 ms,pointy_nose,-0.8257889057106271,0.1303219497203827,0.10383426398038864,0.5880569815635681
1039,49c8a2b7-ba61-4717-bede-4f97a20026be.png,Altered,1392 ms,smiling,-0.8007422674344966,0.13201335072517395,0.10497176647186279,0.5842467546463013
1039,b7aa8256-d195-46eb-a722-1037803f9de9.png,Original,2012 ms,Original,0,0,0,0
1039,d11d7682-5c7a-46ae-a21e-d71ce19974d3.png,Altered,1284 ms,chubby,-0.775663882148325,0.13016627728939056,0.09994225203990936,0.5927555561065674
1039,35080df4-8e0b-48c9-9e4c-8b4f62bdcfb0.png,Altered,904 ms,chubby,-0.4706846668162632,0.1304343193769455,0.10022023320198059,0.5900713205337524
1039,e97bf2db-e366-40fc-95e2-4f5cc8fedb31.png,Altered,1291 ms,narrow_eyes,-0.1429297397110998,0.13099586963653564,0.10136568546295166,0.5859206318855286
1039,c43a2efa-ab56-4767-abc4-b00617218399.png,Altered,927 ms,bags_under_eyes,0.8106229135264378,0.13159632682800293,0.10312069952487946,0.5833838582038879
1039,2ea95cbf-40f2-4529-b309-d158a975a08b.png,Original,1217 ms,Original,0,0,0,0
1039,fc78a211-703f-4af1-b6b1-c7feba03bf16.png,Altered,1223 ms,pointy_nose,-0.6777800080497247,0.13047191500663757,0.10326598584651947,0.5879108309745789
1039,eac3d8f7-8ef9-4a43-933c-ded415b90dbf.png,Altered,1089 ms,chubby,-0.12080197059238174,0.13091149926185608,0.10099110007286072,0.5873085260391235
1039,d50c04d0-0862-4749-9819-c64110679fa6.png,Altered,968 ms,narrow_eyes,-0.25177696949725226,0.1311129629611969,0.10131441056728363,0.5856207013130188
1039,fc81323c-f335-4372-9b7e-00a503be5e69.png,Altered,1129 ms,narrow_eyes,-0.7752525766721108,0.13139401376247406,0.10122643411159515,0.5841819643974304
1039,255493ef-d0f5-4226-b26b-131c4e2d973e.png,Altered,1254 ms,pointy_nose,-0.3898302977731325,0.13074231147766113,0.10239535570144653,0.5873000025749207
1039,4abe013e-2801-4c91-8811-04386f0606ed.png,Altered,984 ms,smiling,0.4170591302492528,0.1301565170288086,0.0996558889746666,0.5876040458679199
1039,7f6674b8-30cf-4927-8a64-18b532120034.png,Altered,1100 ms,smiling,0.17015879947468693,0.130899116396904,0.10070033371448517,0.586835503578186
1039,c1a6786c-7d57-48c8-9ff1-6f90f6218073.png,Altered,1284 ms,age,0.2334951237125198,0.1309981644153595,0.102174311876297,0.5850251913070679
1039,61d4e223-1eb5-47f3-9608-27ccd373adf2.png,Original,1257 ms,Original,0,0,0,0
1039,b9bc1a33-5e45-4165-9324-d3f60102dee0.png,Altered,1282 ms,age,-0.894471853583418,0.13124045729637146,0.09891148656606674,0.5927329659461975
1168,e2425b99-2d95-4ab2-9709-ecd7716ce8e2.png,Altered,1781 ms,smiling,-0.737338585687721,0.12891140580177307,0.06562996655702591,0.5734714269638062
1168,e85fd115-c789-41db-a3e7-a62f6589ab36.png,Original,2219 ms,Original,0,0,0,0
1168,2b6c37e5-9871-476b-9f8d-69c5c0b7679e.png,Altered,964 ms,age,0.2242156389784582,0.12847958505153656,0.06482289731502533,0.5760074257850647
1168,698bd57f-c309-4e3f-a35a-bbe35301e096.png,Altered,704 ms,chubby,-0.6554665402214923,0.12864959239959717,0.06502394378185272,0.5741068720817566
1168,ce7c8c9b-ab22-4f23-85b7-9bb78a1c3d1b.png,Original,2516 ms,Original,0,0,0,0
1168,c60196d6-9fa9-4d14-af00-e85bf0cb004c.png,Altered,823 ms,pointy_nose,-0.8283902403128576,0.12819379568099976,0.06796802580356598,0.5770154595375061
1168,63e5686f-1947-4ac9-8836-901feda0c0dd.png,Original,1378 ms,Original,0,0,0,0
1168,e8edff1c-2b6e-4511-8aa5-1cd8eca21e04.png,Altered,919 ms,age,-0.7332469963582986,0.1292474865913391,0.06501452624797821,0.5767457485198975
1168,f4af101b-29a3-43fb-b796-a57a56de4a20.png,Altered,864 ms,age,-0.025415432670593097,0.12827755510807037,0.06478418409824371,0.5763463973999023
1168,b4f35336-db3c-4671-9c37-350285caecc6.png,Altered,596 ms,narrow_eyes,-0.24768185403360343,0.1285094916820526,0.06446811556816101,0.575594961643219
1168,33dd7d12-d60f-4770-a90b-f11307e724e7.png,Altered,1113 ms,bags_under_eyes,-0.6866209496633999,0.12853771448135376,0.06462307274341583,0.5765564441680908
1168,9cd811d5-150f-4799-a490-cce0c7177e76.png,Altered,495 ms,chubby,0.46103881516015544,0.12800046801567078,0.06546547263860703,0.5762253999710083
1168,a5c4cd8e-7430-40fb-8614-9f498fa94e69.png,Altered,638 ms,bags_under_eyes,0.9232011887344407,0.1284181773662567,0.06617765128612518,0.5732966661453247
1168,9b09767b-6929-4891-a990-ec3e12541c68.png,Altered,454 ms,bags_under_eyes,0.2557810835652865,0.12843303382396698,0.06504204869270325,0.5757611393928528
1168,5f179f94-a342-4459-af15-a012f170f5a9.png,Altered,736 ms,age,-0.45493626653330144,0.12885123491287231,0.06488696485757828,0.5767399668693542
1168,ffbf7339-c3fa-4850-91a5-fe71b666282d.png,Altered,591 ms,bags_under_eyes,-0.27458207663368683,0.12836001813411713,0.06465929746627808,0.576592206954956
1168,297921d4-7d9f-4aa0-96bb-09de58ae8b58.png,Altered,468 ms,narrow_eyes,-0.20642556163665482,0.12842029333114624,0.06451305001974106,0.5757873058319092
1168,63bb8e2b-490a-4541-a0be-39a30defb3c0.png,Altered,389 ms,smiling,0.600040511969254,0.12799881398677826,0.06461901217699051,0.5770570039749146
1168,6d603e84-8d37-4574-8e88-73d9936bc82a.png,Altered,469 ms,chubby,-0.5356970773049092,0.12869834899902344,0.06489253044128418,0.574846625328064
1168,c3220a1f-dec1-4c09-9c79-c7d381a29adc.png,Altered,476 ms,smiling,-0.46302964911518707,0.12895256280899048,0.06526564061641693,0.5744431614875793
1168,91294d8a-560e-48b3-89aa-9ec4980398c9.png,Original,1511 ms,Original,0,0,0,0
1168,62ec8001-be87-41c1-b685-77068bc8fc67.png,Altered,603 ms,chubby,-0.1572776979178352,0.1282864511013031,0.06473271548748016,0.5761582255363464
1168,81715ab8-767c-4a02-85fb-4c3408fc9498.png,Original,1519 ms,Original,0,0,0,0
1168,ac464225-4d7a-4ba0-a443-db154f49129b.png,Altered,844 ms,pointy_nose,0.11770718655362566,0.1283213198184967,0.06464453041553497,0.5759324431419373
1168,ba6ab781-6774-4a83-af1b-08b59104e29b.png,Altered,575 ms,narrow_eyes,-0.19671981503078628,0.12844696640968323,0.06452419608831406,0.5757724642753601
1168,cc9ffb39-ee22-4adf-a5a6-d8f6c02a584c.png,Altered,566 ms,pointy_nose,-0.08540842365600954,0.12816083431243896,0.06492909789085388,0.5765324831008911
1168,ca3568bb-41f4-497e-b6ef-4e8fa6ba05fe.png,Altered,587 ms,narrow_eyes,0.5625798109660829,0.12826400995254517,0.06600311398506165,0.5757473111152649
1168,bbad5106-1b67-4ebc-9551-dc8651bf7034.png,Altered,404 ms,chubby,-0.8498101569698284,0.12858045101165771,0.06532806158065796,0.5728340744972229
1168,95e05734-163d-4f62-b838-83c31e23c169.png,Altered,512 ms,age,-0.573576896172399,0.12916943430900574,0.0649416372179985,0.576766312122345
1168,23a46071-9fae-4e18-94ef-a834d55440aa.png,Altered,404 ms,narrow_eyes,-0.43233169157235696,0.12870344519615173,0.06430972367525101,0.5749056935310364
1168,7c1f0ef9-4904-4e27-a490-752a56cb0a41.png,Altered,390 ms,bags_under_eyes,-0.36691562479760575,0.12809421122074127,0.06460415571928024,0.5767165422439575
1168,176fcba5-ee58-4700-978b-6c047e761266.png,Altered,404 ms,smiling,0.3642590102314951,0.1281648576259613,0.06463560461997986,0.5768598318099976
1168,5986e68e-4810-4b59-b198-da3e54fef71a.png,Altered,417 ms,smiling,0.5140136749183919,0.12806132435798645,0.06465767323970795,0.5769968032836914
1168,8202bf0a-e254-4cd8-b351-44b8c86f704f.png,Altered,418 ms,pointy_nose,-0.43895427444713286,0.12752249836921692,0.06600534915924072,0.5769976377487183
1168,73739b5a-a09d-4891-b77c-0c015c8b9b3f.png,Altered,474 ms,pointy_nose,0.9031970454269156,0.1294967532157898,0.06585399806499481,0.5709174871444702
1446,931fc06c-347f-41d0-b218-9a5891303829.png,Altered,2752 ms,age,0.1317983062011583,0.18487390875816345,0.15891441702842712,0.44993361830711365
1446,1716c160-4920-4101-80ee-ca2e17f7ecd1.png,Altered,1665 ms,narrow_eyes,0.9564660850884146,0.1841021478176117,0.1577775776386261,0.45423194766044617
1446,0aad6892-3b49-4043-93c3-737aa21d91d1.png,Altered,2651 ms,narrow_eyes,0.7576172997888584,0.18433313071727753,0.1579951047897339,0.4532405734062195
1446,a8791fba-2629-40de-ba93-c5d012568ead.png,Original,1389 ms,Original,0,0,0,0
1446,9689c86d-ff20-44ed-843d-749b2aa468c2.png,Altered,1377 ms,chubby,-0.4999135076045742,0.18490521609783173,0.15798726677894592,0.4468919038772583
1446,219dc03e-9b07-4d87-b885-49bfe46887fe.png,Altered,1476 ms,pointy_nose,-0.07882643636605025,0.18510828912258148,0.1595512330532074,0.45050689578056335
1446,d5bf9f68-fcde-4e79-9871-43edb04e7b85.png,Altered,1269 ms,pointy_nose,0.4298242879084071,0.18524205684661865,0.1578371524810791,0.4454461634159088
1446,e48db360-f4c3-4f53-91c2-01ff30f381b3.png,Altered,1311 ms,age,0.3483105580564796,0.18504363298416138,0.15835797786712646,0.4501054286956787
1446,85a6d227-1051-432e-9011-44fa98fd6762.png,Altered,1331 ms,chubby,-0.23950834482920702,0.18488651514053345,0.1586627960205078,0.44836974143981934
1446,f738bb35-e7db-44d9-921f-08e4d5c6020a.png,Altered,1049 ms,smiling,-0.6185229556444414,0.18581068515777588,0.1642557680606842,0.4468608498573303
1446,787324e9-24ca-4e15-b221-90c5e393bbe1.png,Altered,830 ms,bags_under_eyes,-0.9429400407585566,0.18471650779247284,0.15914182364940643,0.44786638021469116
1446,f14705ea-b479-457f-85b9-a04071a44281.png,Altered,877 ms,narrow_eyes,0.5831646420847985,0.18481051921844482,0.1583017110824585,0.4523029923439026
1446,cfebde5f-e8b2-49fa-9d41-37ce3fb84f7f.png,Altered,866 ms,pointy_nose,0.43582278584066003,0.18523721396923065,0.15781396627426147,0.4453994333744049
1446,1f0d4c88-266c-4610-a923-373262efc9e0.png,Altered,1195 ms,chubby,0.9128814785494286,0.18608221411705017,0.16153138875961304,0.45371949672698975
1446,f3f1fcbc-0bbc-49fb-9242-ecc7298c4ef0.png,Altered,865 ms,chubby,0.8897532696651629,0.18600785732269287,0.1614830493927002,0.45358043909072876
1446,16c5aa36-0594-4984-908e-0aff84d437eb.png,Original,1237 ms,Original,0,0,0,0
1446,310f92a1-0515-4397-9fdd-c22607716463.png,Altered,1358 ms,pointy_nose,0.6605060423289091,0.18551144003868103,0.15712232887744904,0.44306010007858276
1446,395b7ca0-9630-45f6-be8b-ea334f7d5b65.png,Original,1887 ms,Original,0,0,0,0
1446,40488c61-e3b6-439d-a6aa-1a5768d71c60.png,Altered,972 ms,bags_under_eyes,0.7831260248714786,0.18558499217033386,0.1595003604888916,0.4508804678916931
1446,5b127207-e87f-4997-b889-eadbaf6d7176.png,Altered,873 ms,bags_under_eyes,0.35822770865149156,0.18498635292053223,0.15935659408569336,0.45012256503105164
1446,1e9fa1aa-b2c9-476f-9cc3-a02ef999ddc9.png,Altered,824 ms,narrow_eyes,0.3443846277698055,0.1848115622997284,0.1586904227733612,0.45118454098701477
1446,9f9c6ccd-7339-43d8-9677-4df38a5977f4.png,Altered,647 ms,smiling,0.3259068443284616,0.18427293002605438,0.15656623244285583,0.4509594738483429
1446,96847792-2687-4ae8-8d1f-5b3122c7b8c5.png,Altered,866 ms,bags_under_eyes,-0.8119503965594979,0.184780091047287,0.15914106369018555,0.44829994440078735
1446,55fae63d-df39-4b4c-821d-aba38c22f5a9.png,Original,1304 ms,Original,0,0,0,0
1446,3e70d5fe-5351-4beb-82ad-70c0d8d21641.png,Altered,881 ms,chubby,-0.9072754779737162,0.1852037012577057,0.15696518123149872,0.44447243213653564
1446,744ced76-c88b-4d54-8225-15b23b2d89dc.png,Altered,758 ms,age,0.764975405843854,0.18489232659339905,0.15721780061721802,0.45091426372528076
1446,3253e583-a2c8-416a-8ff3-6ea4e8c63591.png,Original,1305 ms,Original,0,0,0,0
1446,9c7634c5-be92-4afd-b785-8d4733b59475.png,Altered,1392 ms,smiling,0.4109662970420205,0.1843620389699936,0.15580236911773682,0.45119914412498474
1446,7519428f-dd1f-4a9a-b9ba-bae6f5b16c2b.png,Altered,955 ms,bags_under_eyes,0.806336315573634,0.18552856147289276,0.1595078557729721,0.45095986127853394
1446,1f0f436a-a7a6-445e-9b13-a61ca58ecf62.png,Altered,903 ms,smiling,0.7921175830860081,0.18349266052246094,0.15268650650978088,0.45258110761642456
1446,2a75aee8-96d9-4a23-afc5-cac9a7165712.png,Altered,789 ms,age,-0.6193362048140829,0.18541739881038666,0.16058409214019775,0.44879859685897827
1446,5e9d0628-126e-4ead-893d-2a45adbdacd4.png,Altered,675 ms,age,0.07228858382514947,0.1850413680076599,0.15909360349178314,0.4498102366924286
1446,37b3c247-0555-4575-94d6-45f45f06e1e0.png,Altered,871 ms,pointy_nose,0.8625855763637653,0.1857661008834839,0.1566106379032135,0.44098764657974243
1446,330d7b40-f25d-4319-b903-8ea864210ba4.png,Altered,779 ms,smiling,0.6975668819286776,0.18343351781368256,0.1533748060464859,0.4522068202495575
1446,7459dff9-13c2-423f-8621-6a81a7a4cddf.png,Altered,708 ms,narrow_eyes,-0.0006337771826274707,0.1851501315832138,0.1592618077993393,0.44974613189697266
1639,ce7a6480-db38-4cb5-b72a-1c584262c288.png,Altered,1946 ms,age,0.5478581414100943,0.1159001812338829,0.08261292427778244,0.6527016162872314
1639,a392d06a-e69f-40f7-855f-ca3b0f8ad586.png,Altered,1732 ms,age,-0.08311210323732077,0.11764213442802429,0.08431722968816757,0.6446311473846436
1639,7d948f9b-9af7-4aba-b833-7db779e55446.png,Original,1826 ms,Original,0,0,0,0
1639,c38e3575-bc4b-485e-9c00-af0a9086ef6f.png,Altered,2374 ms,smiling,0.8530961162241142,0.11559220403432846,0.07842753827571869,0.6554140448570251
1639,327122d8-37ed-45b7-9352-376bafc86c18.png,Altered,1620 ms,pointy_nose,-0.4004793300536802,0.11726830899715424,0.08313614130020142,0.646306037902832
1639,592bc3cc-7405-435c-bd12-ee6ba0ccc4c3.png,Altered,3046 ms,chubby,0.07428096859672939,0.11746270954608917,0.08415091037750244,0.645777702331543
1639,5eb09765-8c1b-415f-a563-2f7cb7bdceb9.png,Altered,3161 ms,chubby,-0.043140626040035546,0.11740045249462128,0.08392448723316193,0.6457627415657043
1639,1723a61f-aafb-46c1-8fae-df00a05b5082.png,Altered,3489 ms,bags_under_eyes,0.41946317127047705,0.11709296703338623,0.08304493129253387,0.6472300887107849
1639,2bcc45cc-741c-4049-a448-017021b1497d.png,Altered,2088 ms,age,-0.9054293135519782,0.120846688747406,0.08784188330173492,0.633124053478241
1639,0bbd2e6c-d7bc-46f1-8243-e88908539003.png,Altered,1543 ms,age,-0.15682395330392485,0.11796325445175171,0.08458860963582993,0.6435883045196533
1639,1f4dbf46-54ff-4eb2-a2c2-59e9fe453122.png,Altered,1010 ms,pointy_nose,0.7461331446128094,0.11795245110988617,0.08649185299873352,0.6431111693382263
1639,41591c70-afe1-472a-bb60-4f131fae6d9f.png,Altered,1381 ms,narrow_eyes,0.4919445329655332,0.11632315814495087,0.08128036558628082,0.6499952673912048
1639,1c1c6522-f9c6-47ca-b4de-d67e741e6117.png,Altered,1922 ms,age,0.30397495380309736,0.11664634943008423,0.083128422498703,0.6497654914855957
1639,187584aa-45b1-4351-9814-85e121cd0a7e.png,Altered,3605 ms,chubby,0.00013311487707690084,0.11739563941955566,0.08397980034351349,0.6458158493041992
1639,68a4e51f-d6f1-42b8-919e-0267139f7c96.png,Altered,2380 ms,bags_under_eyes,-0.059613810595340544,0.1175747960805893,0.0841284692287445,0.6455498933792114
1639,dac52865-e524-44b2-bc35-92c5ddcb1880.png,Original,2135 ms,Original,0,0,0,0
1639,3742f25a-5331-44fb-905b-cff508aee245.png,Altered,1182 ms,narrow_eyes,-0.6501035054661792,0.11883455514907837,0.08782672137022018,0.6400676965713501
1639,40b2fac8-eb1f-424f-994d-8cc54ea92c3f.png,Altered,718 ms,narrow_eyes,-0.1731665596653067,0.11774664372205734,0.08501531928777695,0.6442484259605408
1639,facbee57-3899-4442-b6be-38620d170d08.png,Altered,719 ms,narrow_eyes,0.06129271827134697,0.11724811792373657,0.08366473764181137,0.6463097333908081
1639,dcfad4d6-b78b-4c57-ba0e-31f6a6dba4ef.png,Altered,811 ms,pointy_nose,0.4495111617402694,0.11763440817594528,0.08536075055599213,0.6445262432098389
1639,51dab179-2030-4ee8-8bbc-ba6d42cf803e.png,Altered,795 ms,smiling,-0.23274290779203954,0.11812325567007065,0.08562561869621277,0.6431950330734253
1639,6f26f61a-89f7-4c18-a047-726fa92bbe11.png,Altered,698 ms,chubby,-0.6185907316827788,0.11773708462715149,0.08358509838581085,0.6450002193450928
1639,1237cf36-a1a5-461c-813a-79bbca0c5e10.png,Altered,693 ms,bags_under_eyes,-0.4970651551991838,0.11794246733188629,0.08537627756595612,0.6436226963996887
1639,89550332-b242-43a9-9954-337c8712df8f.png,Original,1126 ms,Original,0,0,0,0
1639,309b333f-73e0-4ba7-ba16-dd10b6b185e8.png,Altered,852 ms,narrow_eyes,-0.15940730688622895,0.11767133325338364,0.08492772281169891,0.6443880796432495
1639,ca49a49b-b0c8-4fa1-b9dd-6fbe769b866f.png,Altered,879 ms,bags_under_eyes,0.16894869413762192,0.11731844395399094,0.08363303542137146,0.6463298797607422
1639,a791946d-250e-445f-bf9d-078559d79099.png,Altered,685 ms,smiling,-0.9226352634432164,0.1198667511343956,0.09045591950416565,0.6356375813484192
1639,adf80a0f-c33e-4a6e-9e5c-16fc2384e8ce.png,Altered,677 ms,smiling,-0.043879634252181,0.11761238425970078,0.08431310951709747,0.6452844738960266
1639,d6f696c0-3ab0-4af0-b9b1-da426eb667e4.png,Altered,714 ms,bags_under_eyes,0.5245201510958937,0.11704375594854355,0.08283630013465881,0.6475374698638916
1639,02912901-5afc-48e4-b58b-17bf6b46e6a2.png,Original,2454 ms,Original,0,0,0,0
1639,ed9a3cc8-e145-4592-8071-c46e255ef2eb.png,Altered,891 ms,smiling,0.45555126324340156,0.11627121269702911,0.08100219070911407,0.6508488655090332
1639,daa943f4-fe0c-44fd-bd42-a0b3178ea7a7.png,Altered,872 ms,pointy_nose,-0.45370374068349517,0.11723227798938751,0.08306413143873215,0.6463305354118347
1639,b57717e7-fa6c-4882-8d61-3e182f30544e.png,Altered,920 ms,pointy_nose,-0.6305480694391794,0.1172594428062439,0.08279170095920563,0.6464921236038208
1639,5397e361-07b1-429f-9fa2-f6d384f5bd62.png,Altered,1047 ms,chubby,0.7613530637227153,0.11754737794399261,0.085635244846344,0.6456098556518555
1639,65efdd49-9bf2-4d91-8927-9bfc5baf9888.png,Original,1037 ms,Original,0,0,0,0
1687,82bfa7b5-8273-4b50-a7a8-42009693bc86.png,Original,2161 ms,smiling,0.11554661415013578,0.12564143538475037,0.07594704627990723,0.6610659956932068
1687,efc8b1e3-f2b0-43c4-813d-bee4031ad821.png,Altered,3339 ms,chubby,-0.6775874289476045,0.12544238567352295,0.07473959773778915,0.6566106677055359
1687,07c76763-3566-4403-8097-5126882b7963.png,Altered,3969 ms,age,0.15131011630878,0.12550844252109528,0.07608472555875778,0.6608684062957764
1687,07014413-4040-4ad1-b7f4-a1defb535122.png,Altered,2370 ms,narrow_eyes,0.3353345760918507,0.12541988492012024,0.0761372298002243,0.6609877943992615
1687,f3703dd3-4041-4996-bff0-ff5ff34157cd.png,Altered,1733 ms,chubby,-0.511054929712951,0.12535366415977478,0.0750543475151062,0.6577817797660828
1687,c950b842-0cdd-4f65-aab8-94695f978b2b.png,Altered,1558 ms,narrow_eyes,-0.4012641751488992,0.12601086497306824,0.07715453207492828,0.6589588522911072
1687,d8ec0769-9a1e-4981-8e32-c2e0e842e5fe.png,Altered,2603 ms,age,0.13155990236207837,0.12553605437278748,0.07613147795200348,0.6608418822288513
1687,8eefc6b9-600e-4b5a-a444-a134cae0f0e2.png,Altered,4919 ms,pointy_nose,-0.2073232240733489,0.1258634328842163,0.07702940702438354,0.6604548692703247
1687,acd062cf-71ec-4440-a2d1-dd512a5202ed.png,Altered,3263 ms,age,-0.9931054943968423,0.12807625532150269,0.08089958131313324,0.6539722084999084
1687,a3d67c96-37e1-4972-b4e8-0d9f1394b5c7.png,Altered,3094 ms,smiling,-0.3377652870226935,0.12665675580501556,0.07807399332523346,0.6586694121360779
1687,a065e3e1-ce12-496b-93e1-36ff4a270a67.png,Original,2697 ms,Original,0,0,0,0
1687,78445a05-d2e6-4b06-94d6-fc68f5a82256.png,Original,2940 ms,Original,0,0,0,0
1687,916d9999-1804-4576-9cae-8f41ddb77967.png,Altered,1606 ms,pointy_nose,-0.6604283096757009,0.12653443217277527,0.07856033742427826,0.6591008901596069
1687,4a290419-4bc3-4dac-86b2-55860a52aebb.png,Original,2603 ms,Original,0,0,0,0
1687,5e398fb1-a346-4266-b047-84dd00cf36c1.png,Altered,1522 ms,narrow_eyes,0.7224499180428039,0.12539345026016235,0.07598243653774261,0.6605135798454285
1687,d07228a0-c7f6-4c98-9f97-f6cb3e686fe0.png,Altered,1495 ms,smiling,-0.7056221675766243,0.1275332272052765,0.0802168920636177,0.6556903123855591
1687,3332e854-ece1-4eb9-ae99-2e12a54d469d.png,Altered,1794 ms,bags_under_eyes,-0.3436753289104624,0.12589308619499207,0.0766621008515358,0.6611185669898987
1687,7ecd2a81-a834-43ac-94d4-56d71619db03.png,Altered,854 ms,narrow_eyes,-0.7692238916896872,0.12655121088027954,0.07805469632148743,0.6566924452781677
1687,c8bdbe19-8fa7-4769-a914-46bce8699911.png,Altered,647 ms,bags_under_eyes,-0.5715119476310895,0.12603577971458435,0.07686865329742432,0.6612277030944824
1687,3846f631-9c20-45c4-bdf6-7b8eb8134ee1.png,Altered,622 ms,smiling,-0.056746952317170196,0.1258346438407898,0.0767117589712143,0.6603027582168579
1687,18b79014-97c9-48d3-a945-89463afe827b.png,Altered,611 ms,narrow_eyes,0.5757173336805179,0.1255737543106079,0.07603683322668076,0.6607556939125061
1687,f8fbcbd0-5b6d-4f4c-be4b-e629ecb3a992.png,Original,1551 ms,Original,0,0,0,0
1687,76638819-74b7-4a36-b0c4-e7b1f38b1a76.png,Original,1121 ms,Original,0,0,0,0
1687,5b1d9117-ca47-4be3-aa79-d4c002789c95.png,Altered,1247 ms,chubby,0.04136613884897655,0.12573301792144775,0.0765770971775055,0.6607394218444824
1687,4edcffe1-1b39-4abe-93e5-136f2bcaa9eb.png,Altered,1033 ms,bags_under_eyes,-0.236269695375803,0.12576544284820557,0.07657713443040848,0.6610732674598694
1687,7ba09052-376a-428f-9249-63b393f768e8.png,Altered,992 ms,pointy_nose,0.5020849294681373,0.1254185140132904,0.0754556879401207,0.6596266627311707
1687,efb895b0-3401-4500-8060-02577dc2ef30.png,Altered,920 ms,smiling,0.7918614741016339,0.12405862659215927,0.07386399805545807,0.6611853837966919
1687,7362aec5-c367-4f92-9f7e-a51ab1177154.png,Altered,1661 ms,age,0.5901797472948123,0.12478478252887726,0.07547666877508163,0.6606217622756958
1687,09c74235-2ed5-4ce1-a3f7-0ff1baa5bfac.png,Altered,1900 ms,bags_under_eyes,0.39497167911250153,0.12552691996097565,0.07657533884048462,0.6589164733886719
1687,27eaced8-d45b-463e-952f-5b0eba8b226e.png,Altered,756 ms,chubby,-0.9258295811378308,0.12581418454647064,0.07433316111564636,0.654375433921814
1687,b6f4accc-249b-4b13-98c2-2d263546f77a.png,Altered,1614 ms,bags_under_eyes,-0.6807418394496676,0.12619395554065704,0.07704189419746399,0.6611127257347107
1687,323563e5-75f7-4d39-a244-36e6575fc448.png,Altered,733 ms,pointy_nose,0.5621407964477805,0.12537029385566711,0.07537809014320374,0.6594075560569763
1687,5d6d28e3-72e4-442a-a6a6-2fde2c15200e.png,Altered,791 ms,pointy_nose,0.9273008706033443,0.12538495659828186,0.07496538758277893,0.6575542092323303
1687,6094a964-1a5f-47ea-9a66-cb8068732401.png,Altered,759 ms,age,0.9052262169515752,0.12453948706388474,0.07542427629232407,0.659661591053009
1687,9e39fca5-1322-4590-b09f-d928a8f43b34.png,Altered,690 ms,chubby,0.9941848206281267,0.12611675262451172,0.08178600668907166,0.6594312787055969
1747,132e0f66-983c-42b0-8644-09bb42d6a904.png,Altered,2138 ms,chubby,-0.7375599588360968,0.16859351098537445,0.17982932925224304,0.38635700941085815
1747,94e14d0b-9e8e-459b-b1fc-14e739c58d46.png,Altered,1725 ms,age,0.4040803655577758,0.16801951825618744,0.17647328972816467,0.3913421928882599
1747,d90d0766-abb2-4399-9bfa-d1a070576309.png,Altered,1041 ms,chubby,-0.8912514927589053,0.16867399215698242,0.18030808866024017,0.38528716564178467
1747,863a953a-664d-40c9-93a9-47701ab7b62c.png,Altered,891 ms,age,-0.15597035185769892,0.16799645125865936,0.17976686358451843,0.3920300304889679
1747,a18ddd3f-b6ac-4f57-9c17-10b29b6d0e53.png,Altered,700 ms,narrow_eyes,-0.07788625184385345,0.16772882640361786,0.17856530845165253,0.3918812870979309
1747,539e5bd9-11fc-4553-87de-721a4dcab258.png,Altered,714 ms,smiling,-0.6476163870733589,0.16779868304729462,0.17982622981071472,0.3946984112262726
1747,dc07a3e1-e843-4c49-96fe-2c826bb7c0ce.png,Original,2121 ms,Original,0,0,0,0
1747,8122b2c8-29ca-43cc-adfc-bb834d919359.png,Altered,1213 ms,age,0.4106216043776507,0.16798816621303558,0.1764259934425354,0.3913407623767853
1747,f08da4b7-e644-43b6-9004-ef2ab7ac545d.png,Altered,888 ms,bags_under_eyes,0.46071139678784556,0.16772258281707764,0.178236186504364,0.39464500546455383
1747,94f1809e-f117-4ccd-bfa7-4296c97be043.png,Altered,675 ms,bags_under_eyes,-0.03814222343158091,0.1678883135318756,0.17893032729625702,0.39173421263694763
1747,2cfb3107-529a-42ad-9883-532ced24ae1f.png,Altered,735 ms,smiling,0.2921457175198334,0.16816198825836182,0.1784825325012207,0.39039984345436096
1747,7ec2c9e1-7614-4dbf-b8f0-ceffb82a1aed.png,Altered,684 ms,age,-0.9164610105255266,0.16856223344802856,0.18467628955841064,0.39073672890663147
1747,4fdaf0ba-0b78-4d8e-90e5-59e119bfcf0c.png,Altered,667 ms,smiling,0.5589417341219047,0.16840176284313202,0.17817912995815277,0.38875752687454224
1747,47a0d710-3168-446d-b783-1a438050b56e.png,Altered,645 ms,narrow_eyes,0.39441740494524535,0.16810014843940735,0.1800881326198578,0.3924493193626404
1747,bb80faf0-1225-4699-8200-44068d2768cb.png,Original,1310 ms,Original,0,0,0,0
1747,61ce129c-d90a-47c3-ab26-b6de6db1d12b.png,Altered,1318 ms,age,-0.40074241149575407,0.16837362945079803,0.18120817840099335,0.3917229175567627
1747,4109540c-9af9-4ee1-95b8-65b1b60aa97a.png,Altered,845 ms,chubby,-0.08889618713893999,0.16791042685508728,0.17888426780700684,0.39137715101242065
1747,779495d6-01da-4d51-a9d1-84d4568b39e2.png,Altered,712 ms,narrow_eyes,0.6134886475427839,0.16818881034851074,0.18090879917144775,0.3922595679759979
1747,c232f1e1-4285-4bc0-867e-6649b95b0193.png,Altered,700 ms,pointy_nose,0.22999252154245653,0.16791361570358276,0.17756704986095428,0.3903091549873352
1747,b827a98a-aa55-4699-ab2f-690e1c47d984.png,Altered,727 ms,narrow_eyes,0.7795348364395254,0.16840538382530212,0.1815413534641266,0.3919118046760559
1747,6dc03812-3e22-43f2-8847-feef43a769b5.png,Altered,719 ms,chubby,0.3514955778550548,0.1676245778799057,0.1787489354610443,0.3942415118217468
1747,734199da-a443-42b8-9a12-accdf3033353.png,Altered,954 ms,pointy_nose,0.7094264208899388,0.16852593421936035,0.17564642429351807,0.386388897895813
1747,f5919e94-70b4-488e-a865-5d20efc5c737.png,Altered,706 ms,pointy_nose,0.9424470277355519,0.16853146255016327,0.17519322037696838,0.38443467020988464
1747,65e5f57b-0572-4ebe-9026-c4bf107939f7.png,Altered,725 ms,pointy_nose,-0.44545205056113435,0.16796255111694336,0.18199074268341064,0.3951641023159027
1747,dc0102c5-2172-4235-a8d7-fd16a5ff433b.png,Altered,598 ms,smiling,0.5811374969391854,0.16837772727012634,0.17814098298549652,0.3886522948741913
1747,63e684ee-c471-46c4-88fb-3b5929fbb0b1.png,Altered,633 ms,bags_under_eyes,-0.024051932591550695,0.1678556650876999,0.17883555591106415,0.3918602168560028
1747,e8df3219-9c0c-4663-906f-84658d288311.png,Altered,643 ms,bags_under_eyes,0.76561464931006,0.16732606291770935,0.17794141173362732,0.3960208296775818
1747,bee893b3-fc9d-4998-9712-4dbf2971a3a1.png,Altered,590 ms,bags_under_eyes,-0.12746619874758558,0.16785280406475067,0.17904512584209442,0.39114516973495483
1747,28307430-946f-4509-ae6b-ddb55993424a.png,Altered,567 ms,chubby,-0.2736447923189873,0.16820427775382996,0.17904707789421082,0.38997262716293335
1747,837651f5-bbe8-4f2e-b7e9-6134d9b44713.png,Original,1240 ms,Original,0,0,0,0
1747,6f74dc22-6865-4ce7-8049-dcf63aefa4f8.png,Original,1011 ms,Original,0,0,0,0
1747,118bd012-7bf7-4899-8bf9-be0e173fcb43.png,Original,853 ms,Original,0,0,0,0
1747,cc9e102f-805c-4774-ac0a-afe4e297fc9c.png,Altered,1284 ms,smiling,-0.0923364668117006,0.167747363448143,0.17895977199077606,0.3924444913864136
1747,7b431030-ca50-44ad-a209-8c5d80e01628.png,Altered,1756 ms,pointy_nose,-0.004699154186651233,0.16779062151908875,0.17887483537197113,0.39201581478118896
1747,39581072-07cd-4627-83fc-013843863d80.png,Altered,941 ms,narrow_eyes,-0.7138131951848348,0.16792845726013184,0.17685732245445251,0.39136427640914917
2038,0189d96f-197e-4b13-a779-e6ca57e3c90c.png,Altered,3515 ms,chubby,-0.4037746551837058,0.19987356662750244,0.2829795181751251,0.35228922963142395
2038,6c927bae-947e-44b9-bd99-694cb732523e.png,Altered,1373 ms,narrow_eyes,-0.3952896578295142,0.19973324239253998,0.28219911456108093,0.352243036031723
2038,f98e0f47-8a6a-443b-ab1c-84595e23e1df.png,Altered,1157 ms,pointy_nose,-0.9051646355928584,0.2016071081161499,0.2932419180870056,0.360505074262619
2038,2e6e5822-24cb-4137-86e4-4085f808b932.png,Altered,1024 ms,Original,0,0,0,0
2038,a97e91f6-0d7a-4595-9b36-616d6ce0f879.png,Altered,776 ms,age,-0.5196173569551326,0.20050889253616333,0.2880786061286926,0.3528900742530823
2038,d2c5396f-f58d-42f2-ba88-611cd996781c.png,Altered,692 ms,pointy_nose,-0.4456013302887629,0.2011636346578598,0.2884608805179596,0.35730576515197754
2038,3b3835e7-3cd6-48a6-98a2-e8f98eb594aa.png,Altered,1836 ms,smiling,-0.14483809903446931,0.20061355829238892,0.2843876779079437,0.3536466658115387
2038,6650f6a2-7db3-4d2a-94a4-094302c0abaa.png,Altered,777 ms,bags_under_eyes,0.7035296410860736,0.2001662701368332,0.2819952964782715,0.35845088958740234
2038,b1a63d07-f653-494c-973f-9941934e3c5c.png,Altered,800 ms,age,0.7708008775014599,0.19959861040115356,0.2770385146141052,0.3551241457462311
2038,2d82198e-7a2f-41b6-bca4-d06363d2b833.png,Altered,734 ms,smiling,-0.21401289699128134,0.20043489336967468,0.2845228910446167,0.3534161448478699
2038,4d2050f6-c3c2-4c02-9444-9620b7495e18.png,Altered,852 ms,pointy_nose,0.9344971532719788,0.19917337596416473,0.27445870637893677,0.3469710052013397
2038,ff365a92-f1c6-4166-98a1-c0f7bc19c1d2.png,Altered,815 ms,narrow_eyes,0.03476421906617322,0.20050811767578125,0.2838861048221588,0.35412973165512085
2038,6d6eeb41-ca24-4f48-bf40-f09235cc0587.png,Altered,711 ms,smiling,-0.48335813116927717,0.20041364431381226,0.2855494022369385,0.3530938923358917
2038,ec3827d7-c9f3-43c7-a35f-d4251ace0cf6.png,Altered,708 ms,chubby,0.5802246588348694,0.20077721774578094,0.28509992361068726,0.3562743067741394
2038,f13a7fcc-133e-4b9f-9082-e144c0f20bd1.png,Original,1425 ms,Original,0,0,0,0
2038,3c2064e2-68aa-4148-aa2b-aa1817812cb4.png,Altered,1007 ms,pointy_nose,-0.879080402771921,0.2015877664089203,0.29296109080314636,0.3603532612323761
2038,23765dec-c5db-4104-ac6a-fc678e31d4ae.png,Altered,662 ms,chubby,0.4881794037576752,0.20066659152507782,0.2847803831100464,0.3558748662471771
2038,b7edcd9b-9329-4c7e-9eec-c4568cb6ec6c.png,Altered,1028 ms,age,-0.5518863684414734,0.20049870014190674,0.28833815455436707,0.352929025888443
2038,88d0d367-c7a7-4b22-9433-04da8a57f473.png,Original,1018 ms,Original,0,0,0,0
2038,f1b47b74-8f3c-4579-9316-559447f2f4cb.png,Altered,957 ms,narrow_eyes,0.26434912626521223,0.20060023665428162,0.28469118475914,0.3550487160682678
2038,334fda98-9faa-422c-b38e-5cc6ad8210bb.png,Altered,654 ms,age,0.9386924709782083,0.19982847571372986,0.2755882740020752,0.35497602820396423
2038,a3b773b5-1fea-484b-904c-2ee75855f409.png,Altered,670 ms,age,0.884931566726505,0.19972674548625946,0.2759620249271393,0.3549882173538208
2038,4ada431a-29a6-4e78-a483-c3417d699f26.png,Altered,506 ms,pointy_nose,0.4899679546569682,0.19960317015647888,0.2786986231803894,0.3503170907497406
2038,3bf25888-02ca-45af-af70-1d5209e668f3.png,Altered,602 ms,narrow_eyes,0.8391963673778751,0.2010219544172287,0.28724393248558044,0.35636672377586365
2038,4ca44a64-4dac-475a-a1d8-1b30e93baa69.png,Altered,523 ms,bags_under_eyes,-0.44099182983042184,0.20036542415618896,0.2847808301448822,0.3508584797382355
2038,592e3c60-b12b-4d45-bc11-7ff8df1f029c.png,Original,969 ms,Original,0,0,0,0
2038,187bf2c1-106a-48b7-9439-953535dd4ba8.png,Original,1082 ms,Original,0,0,0,0
2038,25920192-5370-4014-8974-6793d9059eb3.png,Altered,900 ms,narrow_eyes,0.6046211456546482,0.2008618414402008,0.28616923093795776,0.35618674755096436
2038,5f7cf96f-e388-4c23-a6b4-2cc8bbb3aa4c.png,Altered,561 ms,bags_under_eyes,-0.4989450554207997,0.20032352209091187,0.2849768400192261,0.3504863381385803
2038,c344998e-ee5f-446b-a699-6bd970406df1.png,Altered,552 ms,chubby,-0.6740835832222696,0.1997077912092209,0.2823813557624817,0.35071834921836853
2038,de985cae-8695-426a-8b34-c6661a893c44.png,Altered,618 ms,smiling,0.0012615779948292882,0.20055416226387024,0.28372693061828613,0.3539949655532837
2038,0a021992-29f2-4105-afa6-46ed8e97ab80.png,Altered,580 ms,chubby,-0.6992537749101915,0.19972118735313416,0.2823449969291687,0.3505728542804718
2038,ac1a59d4-bac5-495f-97b3-ad6a9add3953.png,Altered,609 ms,smiling,0.056388976713106054,0.2004004716873169,0.28343504667282104,0.35417065024375916
2038,fe712413-8e4f-4d9f-aee6-2a87a02c2ad7.png,Altered,600 ms,bags_under_eyes,0.6018360983137281,0.20018666982650757,0.2822756767272949,0.3576950430870056
2038,4141c95d-de0e-4618-a784-56f465d18d2c.png,Altered,534 ms,bags_under_eyes,-0.26692408962624636,0.20053641498088837,0.2844771146774292,0.3521181046962738
2494,25d290b4-7f58-42d7-9e63-b8e92dcd58a0.png,Altered,2247 ms,age,-0.3169149700306402,0.14517568051815033,0.07844991981983185,0.6162534952163696
2494,e82c3bce-f282-4f65-b497-2af15fdbcf60.png,Altered,1213 ms,age,0.7664382838916974,0.14535970985889435,0.07637300342321396,0.6171239018440247
2494,b1277baf-5a43-4a82-9da5-f40ab2ab8b1a.png,Altered,2252 ms,narrow_eyes,0.6921490740396494,0.1445714831352234,0.07744155824184418,0.620822012424469
2494,dae8b710-9897-4717-b19f-de3b3aa6e277.png,Original,2120 ms,Original,0,0,0,0
2494,27115ce8-8c09-4917-8212-525fe151811f.png,Altered,1610 ms,chubby,0.07490215441849002,0.1451263129711151,0.07787038385868073,0.6176984906196594
2494,20bbb8d7-d43e-43c0-9624-454e77e2d5f0.png,Altered,878 ms,pointy_nose,-0.6451801798597259,0.1448425054550171,0.08089420199394226,0.6183133125305176
2494,6232d411-c48c-4369-8c7f-54f30df624a0.png,Altered,985 ms,chubby,0.986351806937998,0.14525827765464783,0.08047875016927719,0.6215540766716003
2494,aa21fd2b-2e13-4f65-ba72-7ecbfcd230b5.png,Altered,1174 ms,smiling,0.7930188733461427,0.14453673362731934,0.07495257258415222,0.6203583478927612
2494,1a05504e-579c-4931-ae86-963b68cc87d2.png,Altered,873 ms,chubby,0.45847232751012523,0.14495864510536194,0.07886803150177002,0.619454562664032
2494,fc1477d6-99e2-46e7-a385-92b40d513891.png,Altered,834 ms,smiling,-0.2400039463478838,0.14542602002620697,0.07873302698135376,0.6159283518791199
2494,0c2b39d3-2b24-4cac-925a-ba70380b7542.png,Altered,838 ms,pointy_nose,-0.19028853479544106,0.1449299454689026,0.07852753251791,0.6178233623504639
2494,58ebedf0-ced4-4491-94ef-d6ea6135a75d.png,Altered,1166 ms,bags_under_eyes,-0.9461956189579634,0.14458686113357544,0.0772203803062439,0.6146606206893921
2494,f2b57a16-8e1b-4763-92e7-c60338304ef8.png,Altered,890 ms,bags_under_eyes,0.1348449226215387,0.14526158571243286,0.07781696319580078,0.6175056099891663
2494,5f6f96ca-f69e-4366-b5a7-a2e4184da1ab.png,Altered,915 ms,narrow_eyes,-0.080602437803307,0.1451909989118576,0.07776235044002533,0.616882860660553
2494,df193b4d-03a4-4097-b184-1c738fadeb39.png,Altered,1213 ms,chubby,0.6634443013749323,0.1452426016330719,0.07953968644142151,0.6201655268669128
2494,b3393097-c8ac-4b52-b831-e044440dab04.png,Original,2569 ms,Original,0,0,0,0
2494,792f6d3c-f3df-4851-b4be-0974d3924584.png,Altered,1230 ms,narrow_eyes,-0.6966715628941502,0.14589089155197144,0.07850039750337601,0.6127586364746094
2494,ef839ce2-99cb-43ad-b824-2e0145bcaceb.png,Altered,854 ms,smiling,0.6895824020415806,0.1444624364376068,0.07519260048866272,0.6202541589736938
2494,34b2bfaf-9cc9-4723-9d80-494c97d6f821.png,Original,1361 ms,Original,0,0,0,0
2494,abfd21b3-5a84-4bb4-9c0a-666bc484e857.png,Altered,1218 ms,narrow_eyes,0.2933465285317933,0.14499779045581818,0.07753525674343109,0.6188466548919678
2494,81b79a6b-0052-46e4-9a70-31e6bc436245.png,Altered,772 ms,chubby,-0.3799437053707113,0.14557453989982605,0.07702994346618652,0.6150931715965271
2494,bfc494a8-6e9a-48f2-ac5f-2a66da37eaa2.png,Altered,794 ms,bags_under_eyes,-0.8683902318408718,0.14470365643501282,0.07726278156042099,0.6149004697799683
2494,433851f6-1986-42c2-b7f8-ee492d02c3d9.png,Altered,841 ms,narrow_eyes,-0.6070186165852633,0.14574280381202698,0.07835042476654053,0.6134142875671387
2494,e8645b19-4c9a-4031-bfdd-80693f8cd842.png,Altered,795 ms,bags_under_eyes,-0.7615703683927759,0.14490018784999847,0.07728686928749084,0.615206778049469
2494,2b70b692-15a6-4b29-bde9-066d22aca000.png,Altered,982 ms,bags_under_eyes,-0.9088756629382793,0.14465181529521942,0.07723025232553482,0.6147902607917786
2494,bbf28b4c-5466-4efd-a1b5-1398c8ba0ae5.png,Altered,770 ms,pointy_nose,-0.0849659688767983,0.14495708048343658,0.07805328816175461,0.617584764957428
2494,ff1a8b74-8c95-4ecb-b047-b7e496135c6c.png,Altered,1704 ms,smiling,0.5646850318642143,0.14454786479473114,0.0756237730383873,0.6198862195014954
2494,658ff935-bc6f-4c4f-9ee9-f230f9851296.png,Altered,963 ms,smiling,0.7918241607488348,0.14453113079071045,0.07495492696762085,0.6203620433807373
2494,345ff7a0-b3c3-4284-be25-394642c2146f.png,Original,1259 ms,Original,0,0,0,0
2494,daf3e844-6eb9-475c-8697-decd39b2c432.png,Altered,1821 ms,age,0.618406984349567,0.1451684534549713,0.07660260796546936,0.6174846291542053
2494,427c0100-e538-4785-a882-03eb55ff6722.png,Altered,867 ms,age,-0.179117969749101,0.14517873525619507,0.07812327146530151,0.6168532371520996
2494,22c02ea3-8eb1-4c4b-9a3f-721ea713969f.png,Original,1268 ms,Original,0,0,0,0
2494,d74f2ff3-cd63-4b90-9cfb-8201c6ffe374.png,Altered,1251 ms,pointy_nose,0.9598908610338834,0.14653953909873962,0.0749083086848259,0.6135041117668152
2494,d77a7f0a-fe5d-4c50-a6f5-e6491d5d00d5.png,Altered,794 ms,age,-0.1989606573297391,0.14517651498317719,0.07815088331699371,0.6168361902236938
2494,77ad481f-76b8-4e07-961c-610ab4dbb4d9.png,Altered,785 ms,pointy_nose,0.7176001499276816,0.1462125927209854,0.0753411054611206,0.6146677136421204
2684,11968cec-3f13-4dc6-8216-10761b5d5da6.png,Altered,2082 ms,narrow_eyes,-0.10369523763886335,0.18382230401039124,0.12311051785945892,0.5162169933319092
2684,0873f5cb-a878-4410-845d-e4a471c61802.png,Altered,1076 ms,age,-0.392815148559315,0.184742733836174,0.12462469190359116,0.5154170989990234
2684,1fa8c40c-8633-486a-8456-fdddf0dda019.png,Altered,1819 ms,smiling,-0.6060555050916812,0.18296140432357788,0.12124612927436829,0.5250940918922424
2684,4c7e88cc-9fd4-43c0-a5eb-f8699f9c8395.png,Altered,828 ms,chubby,0.7657374736139315,0.18321673572063446,0.12583594024181366,0.5249197483062744
2684,f66372f7-69e2-4a6c-96d8-445e59af68ea.png,Altered,544 ms,bags_under_eyes,0.9337843283899012,0.1834254264831543,0.1203213632106781,0.5191203951835632
2684,ce732e97-ef3c-4e49-b41d-110eba81ee82.png,Original,1723 ms,Original,0,0,0,0
2684,72d3eda3-1525-4841-95a2-302a756df327.png,Altered,985 ms,bags_under_eyes,0.39627722811151234,0.18380841612815857,0.1223190575838089,0.5169903635978699
2684,3163657f-20e3-4aad-8e0f-3d8370777465.png,Altered,560 ms,narrow_eyes,0.22047109011098875,0.18419241905212402,0.1250731348991394,0.5140092372894287
2684,a1449f14-073d-45cb-9ecb-1fac71b42968.png,Original,1117 ms,Original,0,0,0,0
2684,c285191c-350b-4382-a325-9e166660cc33.png,Altered,848 ms,chubby,-0.13365622302094105,0.1840924471616745,0.12386723607778549,0.5131073594093323
2684,aeebc147-9b0e-4f06-97c1-1f77e4a6ff56.png,Altered,668 ms,narrow_eyes,0.0962048016426349,0.18388411402702332,0.12432845681905746,0.5148671865463257
2684,219d7880-71c1-4cbb-8aed-b5cd136ed94f.png,Original,1336 ms,Original,0,0,0,0
2684,f3426fa5-fac6-48b5-b8bd-18908a09a004.png,Altered,927 ms,smiling,0.2652334862002115,0.18498371541500092,0.1252496987581253,0.5115308165550232
2684,fa3b60bd-6fee-4eff-84fa-dae3040d250f.png,Altered,552 ms,pointy_nose,0.7594763481375115,0.18485355377197266,0.11802451312541962,0.5113325119018555
2684,b056cf91-6097-4583-8b8d-1b455b021ae5.png,Altered,706 ms,chubby,0.4630216966642644,0.1832512617111206,0.12425442785024643,0.5228539109230042
2684,c24d23d3-9c4b-45df-a0c4-d9497efcb2d9.png,Altered,481 ms,smiling,0.5539126874913405,0.18521611392498016,0.1267733871936798,0.507414698600769
2684,18b13b7b-b58b-48ea-a87f-378c6f091c83.png,Altered,524 ms,age,0.4275255565710423,0.18394973874092102,0.12291711568832397,0.5157257318496704
2684,4ff791e3-80c8-42d4-abfb-7dc9936fba40.png,Altered,538 ms,pointy_nose,0.7504089103929144,0.1848779022693634,0.11808079481124878,0.5113651752471924
2684,1408dfba-ffd2-4913-aad9-d879aaf599ae.png,Altered,467 ms,age,-0.6282537293724701,0.1851867139339447,0.1252525895833969,0.5153622627258301
2684,e6ed0bad-e0c4-4995-9442-ed3c35194112.png,Altered,532 ms,chubby,0.8590572739188931,0.18332549929618835,0.1266297996044159,0.5248039960861206
2684,d8b4d66d-8541-469b-a8ce-ee854ed93993.png,Altered,586 ms,smiling,0.9875748718528412,0.1858791559934616,0.12947899103164673,0.5017855167388916
2684,44eb9d95-4034-40e4-b488-50915932dc37.png,Altered,588 ms,pointy_nose,-0.6313206748718061,0.18328362703323364,0.12941500544548035,0.5194419026374817
2684,40a0466f-e711-4d03-bcad-0de071216e74.png,Altered,771 ms,bags_under_eyes,0.2656948797752945,0.18393950164318085,0.12278449535369873,0.5164400935173035
2684,375491d1-6897-4af6-a605-b9214cd6667c.png,Altered,528 ms,narrow_eyes,0.9106967623042506,0.1847422569990158,0.12927110493183136,0.5094953179359436
2684,070fd652-16c2-436f-bc78-dba988c4d517.png,Altered,473 ms,age,-0.026243539424424256,0.18377886712551117,0.12380605936050415,0.5155196189880371
2684,655375f3-50f9-48a5-9241-8a64cc779038.png,Altered,540 ms,smiling,-0.08317893826223899,0.18378883600234985,0.12330785393714905,0.5167827010154724
2684,f1824234-7168-4882-9e75-3cf052bfd9fd.png,Altered,499 ms,age,0.6985053490906583,0.18325386941432953,0.12243270874023438,0.5162186622619629
2684,e573d3b8-9cf5-4b57-b900-016414b9b298.png,Altered,488 ms,narrow_eyes,0.5784609371289606,0.18488375842571259,0.12728723883628845,0.5115931034088135
2684,f7aa04b3-7629-45a9-993b-08c1f96f550b.png,Original,2161 ms,Original,0,0,0,0
2684,15b163dd-24ec-427e-bae0-4289e5ae1680.png,Altered,688 ms,pointy_nose,-0.7452004044121876,0.18298470973968506,0.1305363029241562,0.5200413465499878
2684,639629e1-2863-4b8a-a419-2da171a6496b.png,Altered,718 ms,pointy_nose,0.053291693009855035,0.18379589915275574,0.12334498018026352,0.5152026414871216
2684,4fe3f23c-e5d0-4fe2-86f5-6e4ac949dc54.png,Altered,540 ms,bags_under_eyes,0.5164514659649531,0.18378481268882751,0.12189837545156479,0.517456591129303
2684,99c38c70-3782-4cdf-bc67-37a8ae249426.png,Altered,603 ms,chubby,0.8406335365724464,0.18340003490447998,0.126473531126976,0.5248318910598755
2684,50cccc96-1843-4af0-ac10-c5b6631b9e0b.png,Original,920 ms,Original,0,0,0,0
2684,5119ba56-bd89-41a3-b432-a9e28a49ba4c.png,Altered,825 ms,bags_under_eyes,-0.09350756846400143,0.18389074504375458,0.12411883473396301,0.5151587128639221
2741,a3e6865b-a77c-44c9-8c74-465ccdf6c0b8.png,Altered,1967 ms,chubby,-0.9072081359330288,0.20739798247814178,0.42481088638305664,0.36321744322776794
2741,8e662f64-09d7-465c-befa-0b90a14e7add.png,Altered,1164 ms,age,-0.20472405683047334,0.20827651023864746,0.44056054949760437,0.36929842829704285
2741,4160bf05-8c12-47a5-923d-9c4429bc9aae.png,Altered,1282 ms,bags_under_eyes,0.18069340738389217,0.20841023325920105,0.439817875623703,0.36921432614326477
2741,f9bc076d-6546-4178-a319-547b7311940a.png,Altered,1419 ms,chubby,0.43116380226955786,0.20883473753929138,0.44572195410728455,0.3718212842941284
2741,a82d4116-0f61-48b0-87df-bb30105b37dc.png,Altered,1015 ms,pointy_nose,0.734088402655384,0.2083420604467392,0.42935651540756226,0.363396555185318
2741,e091487b-12da-49e0-9c36-48ebfbf7e515.png,Altered,1175 ms,pointy_nose,-0.5409318045513598,0.20862340927124023,0.4462241530418396,0.3729208707809448
2741,eae6b92c-270d-4cc1-84ea-a6f231012e34.png,Altered,1044 ms,chubby,-0.4246843531185944,0.20816701650619507,0.4330468773841858,0.36606982350349426
2741,6160f95f-e35c-4328-a147-70defbd41905.png,Altered,1116 ms,age,0.3519578088852413,0.20825669169425964,0.43831607699394226,0.3685953915119171
2741,b80357f5-f08a-4ac5-aa97-576ffa4921cc.png,Altered,1152 ms,age,-0.9371281553987711,0.20894581079483032,0.442626416683197,0.370596319437027
2741,328ceec7-af58-498a-94b9-90bb5ecdf5d2.png,Altered,1087 ms,smiling,0.7342130040208936,0.20660695433616638,0.4278782308101654,0.3675837814807892
2741,7de71f65-df21-4853-a924-2192c662aff6.png,Altered,1054 ms,age,-0.7166332828171795,0.20888087153434753,0.442091166973114,0.3702884018421173
2741,689e0fa7-ef60-4b0f-b728-440670186ca8.png,Altered,885 ms,narrow_eyes,-0.5695163285053668,0.20851150155067444,0.4387306571006775,0.3684236407279968
2741,4785df23-5de0-4fc7-b957-b9fbe208706e.png,Altered,905 ms,narrow_eyes,-0.6448082668687414,0.2084885537624359,0.43865859508514404,0.3683295249938965
2741,7885209d-a174-4ed3-8b56-26dcafcf0e2e.png,Original,4209 ms,Original,0,0,0,0
2741,27d73601-4cba-4680-82e2-d8a31b817b5d.png,Altered,1049 ms,chubby,-0.7541477495528279,0.20784899592399597,0.4273744225502014,0.36407896876335144
2741,996eef91-7426-452c-bd46-1c593e7c3c7b.png,Altered,833 ms,smiling,0.4068733015053454,0.20757770538330078,0.43335819244384766,0.3680857717990875
2741,dfa77b58-648f-4d72-849b-288740b6fec2.png,Altered,709 ms,age,0.8548688279696952,0.20791232585906982,0.4356335997581482,0.36823561787605286
2741,dd39c93a-54ee-4165-a0f1-654514560188.png,Altered,700 ms,chubby,-0.7854453603807192,0.20772115886211395,0.4268900752067566,0.3638761639595032
2741,7266fe36-bf41-4754-a608-3db45bcab6f6.png,Altered,713 ms,smiling,-0.9084888171120777,0.20991115272045135,0.45385631918907166,0.3704546391963959
2741,666b8302-35bb-4649-82a6-677402e2565e.png,Altered,684 ms,narrow_eyes,0.6786513123786946,0.20812128484249115,0.44106897711753845,0.36972513794898987
2741,4f84ac8c-8acc-436c-8e73-7e5d792772a3.png,Altered,749 ms,bags_under_eyes,-0.02622880273909689,0.20828619599342346,0.4398559033870697,0.36895760893821716
2741,88e86326-9c0d-4b00-a150-b6bf2a4d1313.png,Altered,952 ms,pointy_nose,-0.12325391149551956,0.2084423005580902,0.44139564037323,0.36988118290901184
2741,fc4579c1-ca91-41fd-b5b8-40b5ed2ecc44.png,Altered,816 ms,smiling,0.7521813516736389,0.20654547214508057,0.4276622533798218,0.36755114793777466
2741,49223f15-d59b-4587-a022-ac9609ff96ad.png,Altered,804 ms,bags_under_eyes,-0.3931184404632899,0.20781567692756653,0.4394856095314026,0.3682565987110138
2741,cd73b7f0-029a-4419-88bb-67d65db876d9.png,Altered,985 ms,pointy_nose,0.2075045319440061,0.20793955028057098,0.4371349811553955,0.36734580993652344
2741,f0e18466-cf06-4d62-bcdc-f58da0321a52.png,Altered,918 ms,smiling,0.03704335990629626,0.20824289321899414,0.4393058717250824,0.36888107657432556
2741,d9c710b3-23a9-4331-b367-e3c156dc6747.png,Altered,796 ms,pointy_nose,0.5185502264687798,0.2081315517425537,0.4327425956726074,0.36485418677330017
2741,3940e9ec-0863-48e8-9919-2e44093564a5.png,Altered,793 ms,narrow_eyes,-0.5878635315568457,0.20850937068462372,0.4387335181236267,0.3684030771255493
2741,44db94ea-382d-4d96-ab8e-35530879cea4.png,Altered,1021 ms,bags_under_eyes,-0.8119319518292429,0.2076871395111084,0.43917983770370483,0.36748239398002625
2741,6d0704f7-f461-4ab4-9133-e4a3bc4eecb0.png,Original,1920 ms,Original,0,0,0,0
2741,6fb4e141-5bb5-4b6e-b86e-e4feb7c67477.png,Original,1950 ms,Original,0,0,0,0
2741,dfb589cb-2c01-4c5a-a79f-b39922676c07.png,Altered,1053 ms,narrow_eyes,-0.8444501395814681,0.20862369239330292,0.43851184844970703,0.36793968081474304
2741,00b55456-3a80-4763-8269-953d27c762d8.png,Altered,819 ms,bags_under_eyes,0.9290596324679625,0.20929166674613953,0.44022488594055176,0.37050217390060425
2807,dd2fb26e-6ae7-497f-9b13-ee3a1aeca39b.png,Altered,1801 ms,chubby,0.5220795004316652,0.20917174220085144,0.36374276876449585,0.35878822207450867
2807,b7f9ffb0-98ba-4843-9047-2bc228efc75d.png,Original,842 ms,narrow_eyes,-0.6555948603683495,0.2086244821548462,0.36137568950653076,0.3584504723548889
2807,c09346ab-f19e-4ff9-812d-a10cf50d5279.png,Altered,1686 ms,chubby,0.8376495061685496,0.2093346118927002,0.3656274676322937,0.3585284352302551
2807,29cc3530-f56d-4315-8888-5dddd78b5451.png,Altered,890 ms,narrow_eyes,0.8369894364242796,0.2079184651374817,0.35906141996383667,0.3597294092178345
2807,522d2f37-1f00-45eb-a61d-fa4d996952cc.png,Original,1048 ms,Original,0,0,0,0
2807,ad3ea4eb-c26b-44db-836d-609c05f5fae9.png,Altered,665 ms,chubby,0.9253992063252172,0.20973417162895203,0.36614760756492615,0.35847339034080505
2807,5cf0c7a6-b5cf-4190-8224-648a861050a7.png,Altered,842 ms,bags_under_eyes,0.9286888217114204,0.20899733901023865,0.36242255568504333,0.35957416892051697
2807,6e6e4bfc-dee6-4fa8-8192-5e4e758d722f.png,Altered,621 ms,pointy_nose,-0.4325938769977131,0.20864002406597137,0.36303406953811646,0.36083462834358215
2807,4e3d85af-20c1-4691-b34c-4635a89a670f.png,Original,825 ms,Original,0,0,0,0
2807,4cb22c94-81f1-4fa1-90a2-8f94e16e3c34.png,Altered,704 ms,smiling,-0.23854648852459337,0.20856508612632751,0.3647145926952362,0.35860127210617065
2807,4669f8a6-b4b3-4150-bae9-fa407e3469e6.png,Original,732 ms,Original,0,0,0,0
2807,c9d3b743-993b-403e-a0d9-e79dc3cbbc3d.png,Altered,922 ms,smiling,-0.38661772122827154,0.20900581777095795,0.367372989654541,0.3583081364631653
2807,d073a64b-f755-4a64-b7dd-9f486321f47b.png,Altered,1245 ms,bags_under_eyes,0.9699450768505942,0.20896963775157928,0.3624255657196045,0.3596206307411194
2807,b1344b35-6229-4105-a21a-328512ee9686.png,Altered,806 ms,narrow_eyes,0.5426873827180716,0.20798663794994354,0.35947179794311523,0.3595135807991028
2807,ef0ba94e-0dca-45a0-9304-02f6462dd216.png,Altered,893 ms,narrow_eyes,-0.04459687289591252,0.20842091739177704,0.36047932505607605,0.35882529616355896
2807,5e2eae93-7fbf-4c0d-a285-877beeecb16c.png,Altered,646 ms,pointy_nose,-0.0867175055441709,0.20856700837612152,0.3609229028224945,0.3592827022075653
2807,2bc04e54-b37a-4bdc-bfdd-addf11e7ec73.png,Altered,598 ms,bags_under_eyes,-0.22277133162202234,0.20829635858535767,0.359830379486084,0.35871320962905884
2807,389efce3-6619-4eca-99fb-3a88fe622f53.png,Altered,959 ms,pointy_nose,-0.9763934433185517,0.2095932811498642,0.36641260981559753,0.362374871969223
2807,a8371a44-8889-479c-85e6-689c7e3e3f1d.png,Altered,623 ms,narrow_eyes,-0.9469470992516626,0.2087835967540741,0.36161696910858154,0.35841211676597595
2807,a7062753-f856-4b1b-8d03-8fb60e4e3363.png,Altered,552 ms,smiling,0.18323704678947617,0.20791517198085785,0.3570844829082489,0.35913848876953125
2807,e2ecd596-2463-41ab-af80-eb42dda41881.png,Altered,626 ms,chubby,-0.5217663965947128,0.20772618055343628,0.356952041387558,0.35785582661628723
2807,28247c21-17f2-40e0-99f0-45c90deaa900.png,Altered,528 ms,bags_under_eyes,0.6639287566927099,0.2090289443731308,0.36193597316741943,0.3594295382499695
2807,02148f05-21b7-490c-9a1d-cc7aba59992d.png,Altered,528 ms,chubby,-0.343101621165979,0.2078694999217987,0.35814517736434937,0.35828250646591187
2807,5a9d28b0-28cc-4910-8cf6-d53732a2cfc8.png,Altered,638 ms,pointy_nose,-0.030982903219089364,0.20851865410804749,0.3607200086116791,0.35899966955184937
2807,272350d9-859b-4897-943f-b215288e1053.png,Altered,564 ms,pointy_nose,-0.7591959530815713,0.20913998782634735,0.36507412791252136,0.36199381947517395
2807,b8db9aa1-f533-4297-b710-c6bdb7aaad7a.png,Altered,562 ms,bags_under_eyes,0.9802039945681986,0.20899002254009247,0.3624434173107147,0.3595964014530182
2807,13786d56-923b-49a2-8dd8-5a5e702d8ced.png,Altered,528 ms,age,-0.12224868993546312,0.2083156406879425,0.3602641522884369,0.3591999113559723
2807,e97a33d5-c9e8-4d23-a4b1-c49640c4fe86.png,Altered,580 ms,age,0.5605206484246064,0.20814231038093567,0.36059460043907166,0.3575217127799988
2807,bb0d1dd1-8449-41c4-a819-a19c282b3bf8.png,Altered,644 ms,smiling,0.2021224095325489,0.2078734040260315,0.3567140996456146,0.35918718576431274
2807,cf78a8f7-57ed-4487-a270-91d676fd380c.png,Altered,549 ms,age,0.47716113501647217,0.20817473530769348,0.3606640696525574,0.3578806519508362
2807,7add7583-74ab-4086-9d28-933327ccf708.png,Original,946 ms,Original,0,0,0,0
2807,0a536af7-fff9-4c8c-a2d1-af6d434f52fc.png,Altered,898 ms,smiling,-0.3916243793840197,0.2090427726507187,0.3674590289592743,0.35831397771835327
2807,3832f2ae-a868-49d6-861f-323051b93f64.png,Altered,605 ms,age,-0.9223493489184027,0.2085408866405487,0.35928377509117126,0.3607335388660431
2807,850163ed-5a2d-42a7-8f3a-f123e4076481.png,Altered,585 ms,age,0.8042998955305771,0.20817634463310242,0.3607860207557678,0.3566305339336395
2807,6caa94aa-fc5b-4f11-8f30-88fd7c3dd038.png,Original,856 ms,Original,0,0,0,0
2904,b6b76f24-69cf-4f12-a2dd-d72e83849a8a.png,Altered,2093 ms,pointy_nose,0.16816297066211727,0.16499575972557068,0.06761372834444046,0.49625182151794434
2904,83b5eba3-48ea-4818-a778-13163e34bd4d.png,Altered,1338 ms,smiling,-0.8023363318237116,0.16621708869934082,0.07160412520170212,0.4958673119544983
2904,58b461fe-fbff-495e-88e1-b0357b179d60.png,Altered,1329 ms,bags_under_eyes,0.770208783738288,0.16528230905532837,0.06873005628585815,0.5018513798713684
2904,7501ef3b-271d-406e-9128-ed2145d7d7ec.png,Original,1674 ms,Original,0,0,0,0
2904,944e2b71-13d8-4b04-8acf-cbdaef9852a7.png,Altered,1404 ms,narrow_eyes,-0.7570433852429035,0.16574934124946594,0.06847988814115524,0.49550652503967285
2904,4ae1f5bf-c081-4b57-b4ac-3a43a6e99415.png,Altered,1575 ms,pointy_nose,0.1289043269063317,0.16503366827964783,0.06763976812362671,0.49663084745407104
2904,e8fecbf1-593e-445f-95c0-360fc2bad803.png,Original,1784 ms,Original,0,0,0,0
2904,beea8728-e969-4aef-b26b-22d5f8c020b0.png,Altered,1596 ms,pointy_nose,0.6421291892039125,0.16594386100769043,0.06806741654872894,0.49141445755958557
2904,73818a6a-c270-47a1-a1e4-f4f03c373a04.png,Altered,810 ms,chubby,-0.8707258348691154,0.1652078777551651,0.0699315071105957,0.491288423538208
2904,55789c47-f4f9-4c1c-9da7-1d194cec6da9.png,Altered,618 ms,pointy_nose,-0.1827797917973717,0.16481314599514008,0.06814844906330109,0.4999452531337738
2904,87b808a9-3a35-4630-950d-a1366d44e3d7.png,Original,1249 ms,Original,0,0,0,0
2904,d16891eb-d65b-4540-a3db-c3ce298f7021.png,Altered,928 ms,chubby,0.38547785400166124,0.16539284586906433,0.06742709875106812,0.5013230443000793
2904,89e4bbe3-aaaa-4255-bf47-610badf13dde.png,Original,1987 ms,Original,0,0,0,0
2904,59c05934-975a-41a5-81c2-96d6bc374f0b.png,Altered,1758 ms,chubby,-0.3615967522499284,0.16481426358222961,0.06847281754016876,0.49482783675193787
2904,2a0e35d3-5497-485c-bc93-14a00b7c2d1c.png,Altered,700 ms,smiling,0.7115897266655007,0.16442833840847015,0.06512566655874252,0.5021835565567017
2904,242cf9c6-1fb9-491c-8479-22091ffac7a2.png,Altered,552 ms,age,-0.48535807261060593,0.16538409888744354,0.0699952244758606,0.49724167585372925
2904,173e858e-0e10-4e6b-abec-9381bc1d1b0b.png,Altered,597 ms,smiling,-0.15564199528334655,0.16535326838493347,0.06845706701278687,0.49750402569770813
2904,f6f894a9-89e4-4e23-988e-1d90d5edd35b.png,Altered,534 ms,pointy_nose,0.5054938404194376,0.16562318801879883,0.06780487298965454,0.49280375242233276
2904,5a621b44-6107-4516-ba2c-dd9db55d460b.png,Original,1767 ms,Original,0,0,0,0
2904,b7e646b3-9a78-4e47-9d52-5d9387210b3d.png,Altered,560 ms,chubby,-0.4660040954474711,0.16503176093101501,0.06873945146799088,0.49404534697532654
2904,aef23ea1-050a-40cc-89d9-2321cbb44006.png,Altered,463 ms,chubby,0.9955934192941593,0.16584256291389465,0.06748203933238983,0.5056617259979248
2904,0d6d27c0-9ece-4061-9245-370cd0969648.png,Altered,675 ms,bags_under_eyes,0.05002118617405116,0.16506582498550415,0.06783181428909302,0.49827060103416443
2904,68748453-f7de-49b3-a88d-3cc6d37575b4.png,Altered,549 ms,age,-0.6182588887616336,0.165743887424469,0.07070784270763397,0.4971657991409302
2904,d336c322-65b7-4430-9ed1-572a84490735.png,Altered,487 ms,smiling,-0.4447100019595731,0.16585245728492737,0.06979876756668091,0.49693477153778076
2904,596af215-8db0-4925-93b7-77840aca91d1.png,Altered,402 ms,smiling,0.12142432325465702,0.16492879390716553,0.06731165945529938,0.49849769473075867
2904,0f29f34a-c66f-4cb3-92a5-572c75302fe6.png,Altered,546 ms,narrow_eyes,0.6977206797340023,0.16480077803134918,0.06777655333280563,0.5023195743560791
2904,708e7890-b751-4453-9323-b4a29706bfbb.png,Altered,404 ms,narrow_eyes,-0.8904233873547303,0.16598278284072876,0.06866322457790375,0.4954058825969696
2904,1d89162b-2222-482f-b2ee-71c544a4493c.png,Altered,466 ms,narrow_eyes,-0.8644277445545905,0.1658724546432495,0.06861694157123566,0.49540191888809204
2904,7478c150-68d3-4ea7-aa39-aec3da2a1eb3.png,Altered,511 ms,age,0.19965222850314857,0.16494783759117126,0.06699516624212265,0.4989467263221741
2904,4939c1ba-7e56-43f6-a939-d85e05e733a5.png,Altered,450 ms,age,0.5706528144821141,0.16497957706451416,0.06570874899625778,0.5016366839408875
2904,9278705b-0e24-473c-a4ab-63857ab7f694.png,Altered,429 ms,narrow_eyes,0.737060549402853,0.1648513227701187,0.0678066536784172,0.502543032169342
2904,10d549df-a330-4791-924c-6cbcde73ad40.png,Altered,590 ms,age,0.9737256681418425,0.16465498507022858,0.06462113559246063,0.5041155219078064
2904,1d744d58-9081-4a71-8d51-3d87236a02c9.png,Altered,605 ms,bags_under_eyes,-0.28803373850426506,0.16516642272472382,0.06776416301727295,0.49666792154312134
2904,e380af2b-a89c-4af8-ba61-92193ce2b232.png,Altered,626 ms,bags_under_eyes,-0.8416845981854375,0.16546893119812012,0.06803660094738007,0.49448511004447937
2904,5e5b14fd-0289-4b4a-b94e-28f19faf3c3f.png,Altered,1190 ms,bags_under_eyes,0.8073766344993936,0.16522479057312012,0.06881897896528244,0.5020884275436401
2957,5578a2b4-93bc-45b7-9560-58cf3ae74443.png,Altered,1327 ms,bags_under_eyes,-0.197626776435039,0.12757059931755066,0.04738407954573631,0.591488242149353
2957,77f406a1-0e61-4713-a360-4e2bb68193bb.png,Altered,843 ms,pointy_nose,-0.16567322503926873,0.12699390947818756,0.046869199723005295,0.5938497185707092
2957,e9f53353-d20a-4dd5-87c2-4cfa0f2be52e.png,Altered,780 ms,chubby,0.4941348403761512,0.12672820687294006,0.04688399285078049,0.5992713570594788
2957,a06e0e00-dac5-407c-94d1-10cd97f376f4.png,Altered,747 ms,narrow_eyes,-0.30129248244824947,0.12736372649669647,0.047243714332580566,0.5925062298774719
2957,d97b600b-3f17-4ade-9db8-8ec971514b37.png,Altered,416 ms,bags_under_eyes,-0.9736583748752907,0.12825064361095428,0.048633329570293427,0.5895664095878601
2957,3baad0bb-bb7c-4890-b240-b02f1c8b0a32.png,Altered,660 ms,chubby,-0.8181819181340233,0.12769728899002075,0.04858192056417465,0.5824753046035767
2957,e21fe21f-1d9b-44d2-8915-15a409f7a58e.png,Altered,565 ms,narrow_eyes,-0.3964721986212636,0.12748217582702637,0.04728055000305176,0.5927215814590454
2957,e005756a-a225-4145-be6c-8c5a174115b3.png,Altered,378 ms,Original,0,0,0,0
2957,ca5b0ff0-a74b-4952-be9d-564dbe17a086.png,Altered,655 ms,narrow_eyes,0.5335242962758118,0.1269363909959793,0.046796075999736786,0.5933178663253784
2957,3f7b8eb6-08f0-4e86-b028-431c008b120f.png,Altered,608 ms,bags_under_eyes,-0.9138308869772187,0.12819358706474304,0.04852643609046936,0.5896896123886108
2957,f518f62a-9627-4ae7-a8d1-d7d303e0e713.png,Altered,585 ms,narrow_eyes,0.4488893469118209,0.1271752417087555,0.04685046523809433,0.5929968953132629
2957,3656c1a0-e88b-49ed-b0e7-bd55de2afb73.png,Altered,625 ms,smiling,0.11542547843623119,0.1269756406545639,0.047105979174375534,0.591520369052887
2957,d1f3bd4d-7131-4e79-8f69-f4ac7bb6c0f0.png,Altered,704 ms,pointy_nose,-0.5112358782105642,0.12643977999687195,0.04667225480079651,0.597804605960846
2957,5a35b372-8b6d-4df1-ab33-c855d3652074.png,Altered,922 ms,age,0.4155892014293465,0.1268889456987381,0.04728303104639053,0.5926488637924194
2957,02acf146-28f7-479f-99ba-8dc58d379f3b.png,Original,1198 ms,Original,0,0,0,0
2957,541e0e8c-7646-4a5d-9789-985b5d53ea84.png,Altered,760 ms,chubby,0.9424815783676177,0.12673640251159668,0.04729476571083069,0.6048276424407959
2957,05bab65d-8ffa-408b-a4b4-a093b3882644.png,Altered,585 ms,age,-0.5856686197148966,0.12735652923583984,0.04684172570705414,0.5931949615478516
2957,c7a96b86-4faa-495b-92d2-4e54a053c6dc.png,Altered,563 ms,pointy_nose,-0.9686198826515606,0.12625078856945038,0.04712304472923279,0.6030372977256775
2957,3c452321-3218-484a-b9f4-bafa7681f88e.png,Altered,519 ms,chubby,-0.21368863200218136,0.12741009891033173,0.047297485172748566,0.5894669890403748
2957,204d2063-5a0e-48b0-af3a-4812043776ac.png,Altered,446 ms,narrow_eyes,0.14450405784443232,0.12719514966011047,0.047021206468343735,0.5922781825065613
2957,c80ad309-ff5e-48f6-8963-790ca1ea962d.png,Altered,529 ms,age,-0.7823440621626756,0.12706348299980164,0.04679730534553528,0.593928873538971
2957,1fbc0f1a-f9d0-44a8-8788-530d8e4476aa.png,Altered,488 ms,age,-0.9172072634935278,0.12720343470573425,0.04679732024669647,0.5943948030471802
2957,2b7cae8d-447c-4949-b473-147019ae6efc.png,Altered,573 ms,bags_under_eyes,0.7088790787014225,0.12651793658733368,0.046195365488529205,0.5959206819534302
2957,715e0d1c-6c98-41f8-8b7e-c4aeba7ab4d6.png,Altered,562 ms,smiling,-0.6348091105640852,0.12732669711112976,0.0470091812312603,0.5971457362174988
2957,0d9e73bc-bd21-4471-adb7-94fd0f991b14.png,Altered,524 ms,smiling,-0.9989399079125625,0.12809321284294128,0.047054167836904526,0.6001409888267517
2957,5ff1af73-a1a2-4d0f-aba5-15312f388a20.png,Altered,528 ms,smiling,-0.7649080877252841,0.12752704322338104,0.0470113568007946,0.5982352495193481
2957,7224a436-74a2-453e-a882-b2257d5ebdec.png,Altered,565 ms,bags_under_eyes,0.7881645176056102,0.12647832930088043,0.04611241817474365,0.5964971780776978
2957,6a85f0c1-b730-4bd7-82f7-9b1a93fbee02.png,Altered,605 ms,pointy_nose,-0.7718147446194932,0.12618528306484222,0.046840690076351166,0.6008280515670776
2957,a5e7eaf7-58c8-47f8-8e02-8fab72db84dd.png,Altered,570 ms,pointy_nose,-0.18370590889400495,0.1269528865814209,0.046846404671669006,0.5940362811088562
2957,e20ef2d0-db82-408c-8b69-87c0382286b7.png,Altered,582 ms,chubby,-0.9992174806509078,0.1278902143239975,0.04908108711242676,0.5805558562278748
2957,888f450e-17ee-41ba-977a-aca5a439560b.png,Altered,618 ms,age,0.4756712031245287,0.1268848180770874,0.04729805514216423,0.5927783846855164
2957,c29a0700-8098-4789-b74c-73f92dc0d199.png,Original,852 ms,Original,0,0,0,0
2957,0dddac85-51c6-41a1-8a81-e39a8c41e055.png,Altered,502 ms,smiling,0.12182292518789928,0.12695559859275818,0.047108590602874756,0.5914604067802429
3116,42884b09-0b48-4df9-9360-cba4812df2e4.png,Altered,2493 ms,narrow_eyes,0.3657832439179969,0.13883398473262787,0.059427015483379364,0.5266281962394714
3116,c84e9116-bc0c-4367-a6bd-5f61bf2e372b.png,Altered,1257 ms,chubby,0.31333591679339334,0.13985246419906616,0.06024325639009476,0.5239238142967224
3116,918bff04-8b36-42d8-8464-5686821308cc.png,Altered,1152 ms,chubby,-0.16444661135195027,0.13916853070259094,0.06050164997577667,0.5202134251594543
3116,2a4ca530-3d4b-4af5-8191-bf1b23025bc8.png,Altered,1430 ms,narrow_eyes,0.7848523606494102,0.13857704401016235,0.058607518672943115,0.532142698764801
3116,f2e43561-cfbd-434b-beef-9f9520bb115b.png,Altered,1654 ms,pointy_nose,0.007870051147580881,0.13916341960430145,0.060304053127765656,0.5217729210853577
3116,2bcb2aa2-e226-4cc4-84e7-3c3bba87b305.png,Altered,1195 ms,pointy_nose,0.8817676232285203,0.13987985253334045,0.0643625408411026,0.5137998461723328
3116,52c90ac2-256f-4335-93ee-c094309e3db2.png,Altered,964 ms,smiling,0.9604999361429094,0.13753050565719604,0.057764649391174316,0.5339547395706177
3116,22e95fb5-143a-48ab-aae7-8041fe71090f.png,Altered,977 ms,age,-0.5601566985907696,0.1395421028137207,0.06148231029510498,0.516654372215271
3116,89285bd1-a886-454d-a3de-2e18cf610ee3.png,Altered,737 ms,bags_under_eyes,0.12315158189711228,0.13921737670898438,0.060224246233701706,0.5224683880805969
3116,7bcb2d1d-a28d-4e3a-b422-f3e7a553dc9b.png,Altered,1058 ms,bags_under_eyes,0.288396423261956,0.13936391472816467,0.06017035245895386,0.5234547853469849
3116,218c7ea5-bec0-4763-aae5-0453dfc25037.png,Altered,989 ms,chubby,-0.18402965130931426,0.13910484313964844,0.06053623557090759,0.5200051069259644
3116,6077a27e-aa5e-44da-bc3c-769c0de65001.png,Altered,1140 ms,smiling,0.8300139811039053,0.13790825009346008,0.057979315519332886,0.5324813723564148
3116,d1dc1cfc-b5ed-4e04-9396-81f7a72e17bd.png,Altered,1277 ms,smiling,0.212870733495518,0.13870126008987427,0.05952613800764084,0.5244680643081665
3116,86bb5690-8499-40cc-be9e-c23c2c3bd39f.png,Altered,1334 ms,bags_under_eyes,0.34582128377658927,0.13932597637176514,0.060135722160339355,0.5238486528396606
3116,c8804b74-0a72-4816-8e1a-10605b629edd.png,Original,1828 ms,Original,0,0,0,0
3116,7302a07e-552a-4484-a176-d586481bc05c.png,Altered,1678 ms,age,-0.6139736450311499,0.13958600163459778,0.06162646412849426,0.5162555575370789
3116,a40bdf73-39e3-413e-b154-274dc23435b8.png,Altered,1042 ms,pointy_nose,0.5086492664768567,0.1393270194530487,0.06187295541167259,0.5175570249557495
3116,0afe7759-40ca-4434-a73f-416c4274aadb.png,Altered,982 ms,pointy_nose,-0.6215781768365929,0.13922666013240814,0.06088875234127045,0.5253461599349976
3116,8454661f-94ca-4547-8be4-2d943e977047.png,Altered,807 ms,age,-0.24565840250462978,0.1392722725868225,0.06073290854692459,0.5194091796875
3116,8ed99c3e-31b4-4874-b7c2-b91000891d2e.png,Altered,733 ms,age,0.41211600956458594,0.138930544257164,0.05985758826136589,0.5260501503944397
3116,6aad3bad-ff7d-4a43-abf0-6b323ce9cb3b.png,Altered,924 ms,smiling,-0.9018827004206567,0.1415765881538391,0.06504485011100769,0.5101214647293091
3116,d8058882-82fb-4f4c-8322-6a08b8f9cebb.png,Altered,934 ms,pointy_nose,-0.5684132920595597,0.13927872478961945,0.06075451895594597,0.5251025557518005
3116,13b25c4f-5449-400e-a69e-15ca96e873a5.png,Altered,983 ms,chubby,-0.16023777432236064,0.13919341564178467,0.0604955218732357,0.5202653408050537
3116,ee35e75b-341c-470c-9046-890e8bb7bd49.png,Altered,809 ms,narrow_eyes,-0.093222214569876,0.1392173320055008,0.06053432077169418,0.5207104086875916
3116,97c615f8-b614-4c93-907e-80a1323a0eb5.png,Altered,893 ms,narrow_eyes,0.765001880327639,0.13861006498336792,0.05865296721458435,0.5318865180015564
3116,e17cfd9c-f6ef-44e4-b728-676b49737d9e.png,Original,1577 ms,Original,0,0,0,0
3116,148be6f4-0c77-467a-ae35-fafd3d6796db.png,Altered,706 ms,age,0.04286707229370923,0.13910982012748718,0.06023126095533371,0.5221883654594421
3116,0d7d331d-04aa-47ab-a4fa-f4b14771f3ef.png,Altered,950 ms,chubby,-0.5994938397804421,0.1390669047832489,0.06170683354139328,0.5147597193717957
3116,d093db7d-c553-482b-8619-738b8b0fc985.png,Altered,737 ms,narrow_eyes,0.061257211226195984,0.13911129534244537,0.0601336732506752,0.5225823521614075
3116,d770cf70-a5ea-484d-8f9f-aa1c5101ecd8.png,Altered,814 ms,bags_under_eyes,0.5646947071731252,0.13939982652664185,0.06015118584036827,0.5251089930534363
3116,f06cb372-2369-4c79-a210-0e6c24887e10.png,Altered,831 ms,bags_under_eyes,0.1535751924471742,0.13924214243888855,0.060209721326828,0.5226513147354126
3116,a9c74959-d6d6-4f20-8fe6-4cd7316fad86.png,Altered,808 ms,smiling,-0.559611905672194,0.1404142826795578,0.06292479485273361,0.515045166015625
3116,f12e1549-37a3-42e7-bdff-50a22d2123df.png,Original,1215 ms,Original,0,0,0,0
3274,80340486-3adc-474f-a722-fac8afd2c647.png,Original,2253 ms,Original,0,0,0,0
3274,761c9969-a541-4f1e-bf69-98197e887ade.png,Original,1800 ms,Original,0,0,0,0
3274,7246bcaf-3554-4ad4-b8e8-fe8d75f7be99.png,Altered,1155 ms,smiling,-0.45395585547221917,0.1580008864402771,0.1626378297805786,0.48272189497947693
3274,f8735930-dddc-4814-9123-cc75721d586e.png,Altered,879 ms,narrow_eyes,-0.6275437238128732,0.15773095190525055,0.16093376278877258,0.4814161956310272
3274,6812de3e-0064-439e-88e3-97058e17f53e.png,Altered,879 ms,bags_under_eyes,0.6279879072584613,0.15839457511901855,0.16314464807510376,0.48206451535224915
3274,f4942c6d-fd87-49e5-a2dd-26a8d9e1ab49.png,Altered,808 ms,smiling,0.6627909206935008,0.15936335921287537,0.16453084349632263,0.478549599647522
3274,e745067d-e763-4f56-b177-5926c80f2701.png,Altered,762 ms,age,-0.1528912823761166,0.15819096565246582,0.16346409916877747,0.4816010892391205
3274,bfe469ee-9291-4e73-ac0c-0d3f8fc1b3a8.png,Altered,719 ms,chubby,-0.48714482575831286,0.1586497724056244,0.16324204206466675,0.48037827014923096
3274,1814d61e-0607-4d52-86bc-954762a2d0b4.png,Original,1411 ms,Original,0,0,0,0
3274,6885000d-ce26-492f-afee-88f4e457f078.png,Altered,736 ms,smiling,0.49237440515268527,0.15905238687992096,0.16425052285194397,0.47920382022857666
3274,d879ce0f-a3fd-4e35-9218-78f1147c46f4.png,Altered,628 ms,bags_under_eyes,0.35800710710055816,0.15815022587776184,0.16330702602863312,0.4816015362739563
3274,5bcc7c48-3f7e-4f60-8b54-a2c12bbe43db.png,Altered,667 ms,narrow_eyes,0.3506642461991023,0.15860065817832947,0.16485407948493958,0.4809530973434448
3274,2cdddd40-c7e6-481e-ad0b-b52cb4a0cc80.png,Altered,668 ms,age,-0.7685705044608586,0.15846720337867737,0.16371332108974457,0.4836287498474121
3274,05564185-b776-4491-8e9d-f129c3611d2e.png,Altered,522 ms,smiling,-0.9305001363815024,0.15810564160346985,0.16164663434028625,0.48489150404930115
3274,d3f164d0-f1cd-4dad-8069-bb22eeec3231.png,Original,1023 ms,Original,0,0,0,0
3274,7042583d-a0f0-4089-9281-58f8185cbb04.png,Altered,778 ms,bags_under_eyes,0.5498183668088084,0.1583203375339508,0.16322025656700134,0.48191317915916443
3274,8774144b-2c93-47a2-8743-f6ffdee406dc.png,Altered,772 ms,smiling,-0.6117203332343855,0.15784402191638947,0.16224266588687897,0.4834917485713959
3274,f1d320ab-5e1f-4cb5-8b18-3c0784f58589.png,Altered,565 ms,pointy_nose,-0.43638698440311363,0.15852861106395721,0.16571082174777985,0.48292240500450134
3274,6c1b9f2d-b92e-4f96-b8a3-b13bf1c4dc81.png,Altered,567 ms,narrow_eyes,0.7251006530550581,0.15875616669654846,0.1663348227739334,0.48090875148773193
3274,6c13d486-6d80-4afa-9c55-b93c4fd6fbe6.png,Altered,560 ms,narrow_eyes,-0.50129529998503,0.15786433219909668,0.16142919659614563,0.4812963008880615
3274,89f2fb4d-edbb-4ac2-b112-a2b607947104.png,Original,1008 ms,Original,0,0,0,0
3274,af34e6ac-6969-4855-8373-cdcd92ff6535.png,Altered,625 ms,narrow_eyes,0.6222243159510026,0.15869952738285065,0.16589656472206116,0.48092886805534363
3274,d5192902-a94c-478c-a4f5-3f40e5b6cdf6.png,Altered,535 ms,bags_under_eyes,-0.488726595597585,0.1585119068622589,0.16346833109855652,0.48048120737075806
3274,dfb14dc7-b6ab-445d-9c4e-c0449c03e345.png,Altered,661 ms,chubby,-0.5456646279229709,0.15874265134334564,0.16327276825904846,0.480246365070343
3274,50549f03-7807-4f48-b895-7e95404f24b4.png,Altered,585 ms,age,-0.2701384203385242,0.15830832719802856,0.1634838730096817,0.48202162981033325
3274,03822179-586e-4b92-87b8-1e316fa6b2a2.png,Altered,579 ms,chubby,0.10943126358237798,0.15851545333862305,0.16340017318725586,0.48123064637184143
3274,630a1c2f-b7a1-48d6-a502-3e7b727b0ccc.png,Altered,519 ms,chubby,-0.45685267416617226,0.1585652083158493,0.163280189037323,0.48039883375167847
3274,746c5fcf-d1e2-491e-aa6e-add063ef06dc.png,Altered,484 ms,pointy_nose,0.16245905296349217,0.1583772599697113,0.1626090556383133,0.48032671213150024
3274,fc3ed383-cd0e-482d-84a1-c6638884c9de.png,Altered,486 ms,pointy_nose,0.9565710853052913,0.1589532494544983,0.15892744064331055,0.477420836687088
3274,d84abc03-4522-46c7-ad9b-445abf58d8f8.png,Altered,432 ms,pointy_nose,0.4374337580778629,0.1584426760673523,0.16134747862815857,0.4793156087398529
3274,694a0109-06f8-4ec8-a50f-a76433090ab1.png,Altered,472 ms,pointy_nose,-0.8941426439115767,0.158556267619133,0.16836461424827576,0.48471400141716003
3274,bdee8f84-3370-4a14-95bb-095f7e5e8738.png,Altered,512 ms,chubby,-0.30481537399692793,0.15843713283538818,0.16332878172397614,0.4806210994720459
3274,673bc70c-ec46-432e-adf7-2715e7f92365.png,Altered,489 ms,age,-0.6447371167611591,0.15852153301239014,0.163607656955719,0.4832519292831421
3274,a14e642a-4417-4419-83bd-57fcaab830d1.png,Altered,495 ms,age,-0.04540767810712931,0.15824730694293976,0.16339384019374847,0.4812469780445099
3274,8ec5b1bd-4371-4f49-a461-02f2f25e9bb6.png,Altered,482 ms,bags_under_eyes,0.43411733547256537,0.15814480185508728,0.16327163577079773,0.48172885179519653
3280,f99a1770-24b3-4bf4-b664-6f812ef36ea7.png,Altered,2917 ms,smiling,0.8774255980134062,0.1423332542181015,0.15152212977409363,0.4964102506637573
3280,16673f18-08fe-4510-9342-9451db1ca741.png,Altered,1636 ms,chubby,0.13963439023840962,0.14151330292224884,0.15092983841896057,0.5031569004058838
3280,0c32967f-0544-4250-898e-a929ffb54fc4.png,Altered,1069 ms,narrow_eyes,0.16019453298937658,0.1416611671447754,0.1515568196773529,0.5017797946929932
3280,058f8fb5-ef32-4530-ade3-6e148314e59d.png,Altered,752 ms,bags_under_eyes,-0.16443575252954878,0.14160394668579102,0.1511644870042801,0.5012074112892151
3280,21638fa5-267c-45ad-93c9-07f6afb5bf5a.png,Original,2042 ms,Original,0,0,0,0
3280,5a15147b-fe4d-485b-a313-72539f57afe0.png,Altered,1184 ms,smiling,0.6680911684472706,0.14202433824539185,0.15146106481552124,0.49772730469703674
3280,99c875de-3636-41ba-8099-d5b6fdf806eb.png,Altered,1088 ms,narrow_eyes,-0.1555989956331605,0.14175109565258026,0.15045569837093353,0.5016211867332458
3280,80bc11c5-3ce7-4c7b-a72a-b0c93cd0cd3c.png,Altered,841 ms,age,0.29340824809930344,0.14143842458724976,0.1500609964132309,0.502206027507782
3280,7593d9bb-1f38-460b-883c-5fd9024aad31.png,Altered,645 ms,smiling,-0.3781847199177195,0.1413414478302002,0.15082396566867828,0.5040038228034973
3280,141daa5a-fe0f-4dad-bd85-5aab3ad50c9f.png,Altered,579 ms,chubby,0.5963695443534709,0.1408660113811493,0.15099520981311798,0.5067989826202393
3280,9bb7726f-604d-4a5e-9c05-736c73c8ed4f.png,Altered,682 ms,pointy_nose,-0.4528688653370294,0.1413470357656479,0.15425875782966614,0.5041004419326782
3280,0818bc2a-3c7b-4d97-a0dc-5ab990df1799.png,Altered,665 ms,pointy_nose,-0.8811070790886228,0.14065538346767426,0.1574341058731079,0.5060741901397705
3280,065abc39-b3b8-41d4-86f9-adf528166b69.png,Altered,616 ms,age,0.02907923976031257,0.1416541039943695,0.1508905291557312,0.501724898815155
3280,065c9f20-b431-4eb5-bb50-bd48909bf7b1.png,Altered,637 ms,bags_under_eyes,-0.6394024617596896,0.14205168187618256,0.1515040099620819,0.5000655651092529
3280,834a06b7-6af0-4f8a-b52e-878a31494912.png,Altered,587 ms,bags_under_eyes,-0.686723656977825,0.1421494483947754,0.15152382850646973,0.4999319314956665
3280,94e30a16-8b81-4449-b5f1-3516a9a171f5.png,Altered,847 ms,smiling,-0.14669814112596402,0.14165180921554565,0.15085658431053162,0.5026833415031433
3280,e344ef9e-9d8f-40ad-9c37-d2027a11c072.png,Altered,709 ms,age,-0.5883466550447805,0.14179076254367828,0.15260906517505646,0.5008718967437744
3280,519b408b-c5c4-4182-b1c8-c4b7606721cd.png,Altered,682 ms,chubby,0.5300255575926573,0.14083917438983917,0.150983989238739,0.5063296556472778
3280,9b5f9281-5b30-41d2-aa7b-562c6e109084.png,Altered,1036 ms,pointy_nose,-0.33403583198727316,0.14140231907367706,0.1533200740814209,0.5034869313240051
3280,337cafad-e793-4850-b00b-cd7034200ade.png,Altered,563 ms,chubby,0.22796113495983472,0.14148607850074768,0.15094642341136932,0.5040720701217651
3280,2f7f446b-0bb6-4868-83ac-f3ed8785eba9.png,Altered,533 ms,narrow_eyes,-0.32960211596913713,0.14178895950317383,0.14978286623954773,0.5015972256660461
3280,de1ee8a8-e54e-43d7-a3c6-bce19fd83c89.png,Altered,570 ms,pointy_nose,0.8075878944419914,0.1425243318080902,0.1454673409461975,0.49835851788520813
3280,d939795b-331b-4b73-a7b4-e34718e93927.png,Altered,538 ms,smiling,-0.5450597084373154,0.14134405553340912,0.15075014531612396,0.5048434138298035
3280,968f5a41-11df-4ae8-aaa8-6aed00459c8c.png,Altered,599 ms,age,0.13224959156902938,0.14157894253730774,0.15054020285606384,0.5019025206565857
3280,b60cd376-5af3-4c57-9c69-b295a9870702.png,Altered,545 ms,narrow_eyes,0.5653533505467083,0.14152000844478607,0.1531044840812683,0.5021293759346008
3280,57ee912e-b100-403d-9959-b2115a9e13b4.png,Original,1122 ms,Original,0,0,0,0
3280,09cb5ba0-81f8-4d0e-bd48-e8df15a21c49.png,Original,1011 ms,Original,0,0,0,0
3280,158ec587-8d4f-4c05-9c1f-f5bf5917ef40.png,Original,947 ms,Original,0,0,0,0
3280,101d167b-eb97-4711-817f-0a0d7681dc98.png,Altered,1052 ms,bags_under_eyes,0.059537670345602756,0.14166542887687683,0.1509091705083847,0.501888632774353
3280,1dff7893-f7aa-43ad-a4e1-058c9e2cb593.png,Original,1163 ms,Original,0,0,0,0
3280,a40d9454-763a-4442-9cfc-103bd18f1236.png,Altered,777 ms,pointy_nose,-0.10691999557851428,0.1416400521993637,0.15178748965263367,0.502177894115448
3280,3cbf6875-eddf-41ff-8abb-0c4e69b9a3f3.png,Altered,717 ms,age,0.8038412037943454,0.1409192681312561,0.14807258546352386,0.5038955211639404
3280,ae096801-90df-4ffd-ad18-6b57869b09d1.png,Altered,673 ms,chubby,0.017153047799851828,0.1416839063167572,0.15099775791168213,0.5018287897109985
3280,cc278e5a-0fb5-4310-b73a-4ca3c1cf93ad.png,Altered,739 ms,bags_under_eyes,0.9832534376593753,0.14108774065971375,0.15006187558174133,0.5058993697166443
3280,a21167b0-2c0d-4031-8ad0-daa1abd3d481.png,Altered,578 ms,narrow_eyes,0.8913060733148122,0.14161807298660278,0.15434405207633972,0.5024288296699524
3335,49810809-7ce0-402c-a4a5-fa244965c997.png,Altered,1968 ms,age,-0.4975679671396067,0.18702518939971924,0.1675909459590912,0.3782479763031006
3335,f84fc310-0edd-442f-8560-15cb0112baaf.png,Altered,1619 ms,smiling,0.520650551019181,0.18701601028442383,0.16601699590682983,0.3780433237552643
3335,bcd2b953-f90f-46b9-a0bb-e89e60e8cb4c.png,Altered,1623 ms,pointy_nose,-0.7492537107570065,0.1872931718826294,0.1733136624097824,0.38047122955322266
3335,f965549d-820f-4a83-8d8a-06738dc1d487.png,Altered,2101 ms,narrow_eyes,-0.4706262847728224,0.18595485389232635,0.1635904610157013,0.3794005215167999
3335,801faf47-ead1-478b-b4f8-063f9b356e06.png,Altered,6612 ms,Original,0,0,0,0
3335,54813ee0-c312-4b19-bbfd-7a69957d58cb.png,Altered,1207 ms,age,-0.46390403246978384,0.1870332658290863,0.16749994456768036,0.37828966975212097
3335,4c481dd7-d591-4cf6-8011-79f081525b17.png,Altered,556 ms,narrow_eyes,-0.8897767277341524,0.1861719787120819,0.16162016987800598,0.3798259496688843
3335,5e6798ce-e66e-4ace-81d1-b57b4fef0230.png,Altered,504 ms,bags_under_eyes,-0.16003068508709228,0.1866825819015503,0.16611382365226746,0.37865349650382996
3335,02b2bbed-ebf3-417f-b84a-0378d85674de.png,Original,1104 ms,Original,0,0,0,0
3335,cdd469e7-613a-4b1e-b9e7-0f49159ff7f4.png,Original,2452 ms,Original,0,0,0,0
3335,a403e5f0-a3b1-4df0-997a-92852e041809.png,Altered,1122 ms,pointy_nose,-0.5812294593721052,0.187198668718338,0.17153620719909668,0.38004040718078613
3335,5d5873c3-5a83-4e04-9a8c-88f36c80acf7.png,Altered,655 ms,chubby,-0.9947045396568288,0.1870206594467163,0.16452720761299133,0.37717095017433167
3335,85cd9bda-f4cd-446f-90d0-6c142223b82e.png,Altered,516 ms,smiling,0.4186425248199097,0.18688122928142548,0.16595467925071716,0.37829893827438354
3335,9c03f534-71c0-4485-92e7-5691acf68cd8.png,Altered,848 ms,pointy_nose,-0.13636225637665556,0.18683424592018127,0.1670832633972168,0.37929767370224
3335,e5f07771-65cb-4709-a3c9-c3e9c4ae3bb5.png,Altered,2062 ms,chubby,-0.03513815900962025,0.18697158992290497,0.16580456495285034,0.37899118661880493
3335,bc052b22-4716-41e0-a114-2d75285f8ae3.png,Original,1783 ms,Original,0,0,0,0
3335,13804c9f-9807-4fa2-a156-a15eaa9fa63a.png,Altered,1343 ms,chubby,0.09465353251715625,0.1867348849773407,0.16610786318778992,0.3792712092399597
3335,a5ad0661-417e-4c1f-b861-a9023356dbb2.png,Altered,658 ms,pointy_nose,-0.4538227508148074,0.1871785819530487,0.17016828060150146,0.3797371983528137
3335,42659acb-6025-4f62-964b-cfd73b74e31c.png,Altered,1798 ms,bags_under_eyes,0.8384475563214444,0.18671005964279175,0.16526317596435547,0.38139957189559937
3335,ceb645a6-1479-43cf-b541-82e0aa8ceb96.png,Altered,1268 ms,narrow_eyes,0.14666598383429053,0.1870042085647583,0.16663552820682526,0.3789941370487213
3335,93eb3141-78cb-461f-8c6b-8613dd5bae82.png,Altered,682 ms,age,0.572314944287625,0.1862613409757614,0.16396696865558624,0.3804677724838257
3335,1c24dfbf-ce96-4dd1-b336-fffbb2522ce5.png,Altered,875 ms,narrow_eyes,-0.4974209821155884,0.18593446910381317,0.16344593465328217,0.37939104437828064
3335,54e2b91e-e886-4c3c-82c1-7b24e29db493.png,Altered,772 ms,smiling,-0.46972941889776343,0.186569482088089,0.16587412357330322,0.3801611065864563
3335,1ad3335e-10f0-4c47-840d-49149fcf0993.png,Altered,623 ms,narrow_eyes,-0.0015461543673733757,0.18685638904571533,0.1658778190612793,0.37907832860946655
3335,0d1e98d2-6106-41fd-a46e-fc32dc738c8b.png,Altered,503 ms,smiling,-0.1506373798853231,0.1866508424282074,0.1658921241760254,0.37940844893455505
3335,3cf0f95a-502a-4ec1-a9c2-1ea1ab8b1ffb.png,Altered,656 ms,smiling,0.4709711704404729,0.1869627684354782,0.16597600281238556,0.37817028164863586
3335,cea425e8-22c4-4b84-bc8b-ad447c275cf5.png,Altered,587 ms,bags_under_eyes,0.5512759768552518,0.1867792308330536,0.16537418961524963,0.38045504689216614
3335,f56a3b7b-762d-49f3-976d-9a12755551e0.png,Altered,518 ms,age,-0.7145876279721135,0.18732742965221405,0.16830341517925262,0.37788891792297363
3335,40b4d4b7-f584-4d80-9642-ce66b961e32f.png,Altered,507 ms,chubby,0.514614672736831,0.1868487447500229,0.16753536462783813,0.3802953362464905
3335,e8f3910d-94a4-404f-9358-ac4e0558f4e6.png,Altered,762 ms,bags_under_eyes,0.3291464182650843,0.18681566417217255,0.165577232837677,0.37992408871650696
3335,a2203cb8-b3ba-4ef6-95ed-daf095e24e13.png,Altered,726 ms,pointy_nose,-0.6325483243137275,0.18725812435150146,0.17204034328460693,0.3801818788051605
3335,e76e9c33-24dc-4132-ad88-e0b6cb9e2f4a.png,Original,3749 ms,Original,0,0,0,0
3335,4a1836dd-6001-4e3c-958d-40ebe0b7e583.png,Altered,951 ms,bags_under_eyes,-0.4042640389436303,0.1865817904472351,0.1664857119321823,0.37810900807380676
3335,b2ba7adf-d9d3-4e94-91cf-78476aa5083e.png,Altered,510 ms,age,-0.0005754769879935395,0.18686413764953613,0.16589394211769104,0.37907469272613525
3335,003a06ac-080e-4862-aee6-e7d932dfc194.png,Altered,479 ms,chubby,-0.7397092089311006,0.1865820586681366,0.16470757126808167,0.3777630627155304
3339,8915bb75-18ab-4748-ab8a-1c4d1899c4b2.png,Altered,1930 ms,chubby,-0.18284935175420935,0.16164955496788025,0.1297413408756256,0.47314924001693726
3339,f32fa2b8-95af-4ce8-b084-1d443ecc69b7.png,Altered,2613 ms,Original,0,0,0,0
3339,6e0ecf53-fbaf-41d5-b3c2-fa8bd761c399.png,Original,2039 ms,Original,0,0,0,0
3339,60a537b8-274a-475b-b059-6ca886689be6.png,Altered,1064 ms,smiling,0.43681273739221727,0.16169066727161407,0.12849891185760498,0.4739795923233032
3339,f10a1326-5e9b-4427-b9d0-daaa014cb4c9.png,Altered,829 ms,age,-0.20810677403539146,0.16208022832870483,0.13082346320152283,0.47473713755607605
3339,95b2f207-c1fe-4370-962a-693f16c3999e.png,Altered,673 ms,age,0.6176696235005297,0.1620289832353592,0.13075664639472961,0.4700380563735962
3339,51b470e1-0037-43c8-9de4-878e271b09a3.png,Altered,697 ms,smiling,-0.8282705278998104,0.1636761724948883,0.1360820233821869,0.47133877873420715
3339,c5284c3d-83ee-46cb-a598-11407bb5eb1b.png,Altered,632 ms,pointy_nose,-0.565841123344432,0.16219425201416016,0.13563893735408783,0.47788965702056885
3339,e2a7a99b-7a38-4dbb-bcb5-f909dae7127d.png,Altered,567 ms,bags_under_eyes,-0.2961421905101067,0.16178330779075623,0.13025760650634766,0.47358548641204834
3339,0fbfcfba-d02a-4000-8266-b38a22e1e250.png,Altered,710 ms,chubby,0.883232294908147,0.16324454545974731,0.13660912215709686,0.4730045199394226
3339,ee542304-8017-4e0a-bf7b-26f89e8f129f.png,Altered,512 ms,smiling,0.9762608816626532,0.16071951389312744,0.12629912793636322,0.4733269512653351
3339,a6ae9931-fa2e-44dd-a87e-e33a02513429.png,Altered,542 ms,bags_under_eyes,-0.8083846568686335,0.1619189977645874,0.12954974174499512,0.4732663035392761
3339,1b9f3150-6ead-4af1-b257-a637413a9c2f.png,Altered,699 ms,smiling,0.24760003862742685,0.16187749803066254,0.1294381320476532,0.47387537360191345
3339,e26521fd-b8ea-4883-9453-8016c8d1019a.png,Altered,562 ms,narrow_eyes,0.8599996725034007,0.16174569725990295,0.13182508945465088,0.4754928648471832
3339,5f1cc6dd-6ba0-43ac-95c6-b70d82afa415.png,Altered,553 ms,bags_under_eyes,0.6218184973382801,0.1624557226896286,0.13178348541259766,0.4726327657699585
3339,9ccab3ab-c2a0-4fa0-a980-49f975016b6b.png,Altered,670 ms,smiling,-0.6586835815964946,0.16352897882461548,0.1350221037864685,0.4712959825992584
3339,2e859731-2318-450e-8417-177e9796bc8d.png,Altered,483 ms,pointy_nose,-0.2765524990751238,0.1623045802116394,0.1330404132604599,0.4756544530391693
3339,1ac7ff4f-f95a-4c9c-8687-1ece84a99ae7.png,Altered,570 ms,narrow_eyes,0.6253322413997082,0.162073016166687,0.13145287334918976,0.47525665163993835
3339,aab1558a-8222-4398-8410-88b6940bfb7f.png,Altered,700 ms,pointy_nose,0.050108250847886726,0.1620362401008606,0.13036644458770752,0.47297728061676025
3339,75dcf9ef-aac0-4c88-aaa1-c5d13ad47d2d.png,Altered,753 ms,age,0.12008111011791556,0.1621675193309784,0.1307685673236847,0.47271791100502014
3339,f387d964-6aa2-482e-a946-da773d0139f4.png,Altered,859 ms,bags_under_eyes,0.9170858159960393,0.1626187264919281,0.1323983520269394,0.47200247645378113
3339,29eabc11-8450-490d-acf0-4e12a7040291.png,Altered,839 ms,bags_under_eyes,0.29626374502076813,0.1624542772769928,0.13126680254936218,0.47303712368011475
3339,1c7d9a4f-bf17-4177-a51b-c114131ba678.png,Altered,752 ms,age,-0.9801107778595197,0.16213425993919373,0.1310838907957077,0.4793965220451355
3339,8aefcd91-4c78-41fa-b458-4acd96d0524d.png,Altered,729 ms,narrow_eyes,0.8288008557940152,0.16176623106002808,0.13175705075263977,0.4754939675331116
3339,f47bdd3f-40c4-49e7-9d08-02498f147d11.png,Original,1298 ms,Original,0,0,0,0
3339,ca7f7d91-2e89-49b3-bdb7-eea038497b5d.png,Altered,935 ms,chubby,0.1011218004580916,0.16237632930278778,0.13140472769737244,0.4734189510345459
3339,16b35500-8215-4c48-9b27-55484a615d94.png,Altered,656 ms,narrow_eyes,-0.07129313529157222,0.16194522380828857,0.13067886233329773,0.4732043743133545
3339,1286bba9-2190-4aa1-8270-72d5f086c837.png,Altered,639 ms,narrow_eyes,0.9148506757623871,0.1616446077823639,0.13188055157661438,0.47553199529647827
3339,c70373fc-0d27-4d4a-851d-a201f0a1c7d6.png,Altered,709 ms,age,-0.9659076426024091,0.16216960549354553,0.13111001253128052,0.4792790412902832
3339,f91b7b0c-4e2b-4785-9234-4fc60ed7550b.png,Original,1144 ms,Original,0,0,0,0
3339,b58ada91-d963-4e92-a591-8fa8b07542eb.png,Altered,906 ms,pointy_nose,0.6723011834335324,0.1617700457572937,0.12610024213790894,0.46655136346817017
3339,db13e8b7-257d-408e-9730-b6d3db1d5147.png,Altered,746 ms,chubby,-0.3157336834553466,0.1613764464855194,0.1289069652557373,0.4727712571620941
3339,9a003e05-4d31-45ac-beb1-97c33a6a26dc.png,Original,1133 ms,Original,0,0,0,0
3339,cb862e73-ea7e-4dac-a2a0-c34c963d30ba.png,Altered,762 ms,chubby,-0.8112498856575341,0.1615709662437439,0.12634451687335968,0.470365971326828
3339,279a5cf6-ea93-4922-a862-3c31091aab71.png,Altered,793 ms,pointy_nose,-0.14894639498736706,0.16222164034843445,0.13197505474090576,0.47459352016448975
3479,4da4aae8-0185-4f73-85fd-3f063230f6ae.png,Altered,1296 ms,pointy_nose,0.800177700799034,0.15876969695091248,0.08594328165054321,0.5449928641319275
3479,c3544db1-b413-45b8-95a4-e80f93e37625.png,Altered,1223 ms,smiling,-0.1228703051151252,0.15875665843486786,0.08420147746801376,0.5517735481262207
3479,3d24cba4-69cf-42c3-99f9-bbbd0ec18488.png,Original,1828 ms,Original,0,0,0,0
3479,447b0c98-c8ea-42b1-a1d0-3076a01eaa0b.png,Altered,1095 ms,narrow_eyes,-0.39786158426055573,0.1587531566619873,0.08479779958724976,0.5494616031646729
3479,a3b81c23-998d-46c7-bb01-d0025c9299ff.png,Altered,1312 ms,age,-0.44225315378645647,0.1591511368751526,0.08460964262485504,0.549712598323822
3479,2d883998-b338-419d-a790-a0ec654bc513.png,Altered,1170 ms,bags_under_eyes,-0.299166071636666,0.1582896113395691,0.0838683471083641,0.5513922572135925
3479,a7a9d0d9-7330-4f14-9b73-ea089c874439.png,Altered,881 ms,chubby,-0.5565114149490469,0.1579541265964508,0.08480217307806015,0.5506640672683716
3479,baf7bb65-43e7-43ed-be12-46a57c004be5.png,Altered,996 ms,narrow_eyes,-0.6964390149384176,0.1592593640089035,0.0857492983341217,0.547136127948761
3479,549937e6-756d-455c-8203-93987acc20c7.png,Altered,820 ms,age,0.10646727473221951,0.15825782716274261,0.08341163396835327,0.5531300902366638
3479,eed877c4-433e-4bce-a34c-d033ef84ec8c.png,Altered,751 ms,narrow_eyes,0.05354770056624791,0.1582116037607193,0.08343951404094696,0.5527895092964172
3479,75b9bfc5-90b3-4091-88be-0661729479d0.png,Altered,909 ms,age,-0.49842429822305667,0.15930980443954468,0.08477278053760529,0.5492697358131409
3479,cabe4706-0cf3-4c5a-be49-ef7d6607f865.png,Altered,1012 ms,bags_under_eyes,0.002851801541097654,0.15831755101680756,0.08360175788402557,0.5524497628211975
3479,43c966b2-b488-45f9-b091-02ef55b36e59.png,Altered,686 ms,age,-0.5707840525912129,0.1594589352607727,0.08498410880565643,0.5488649606704712
3479,4a0cbc37-e963-4636-909c-d03564992d87.png,Altered,783 ms,bags_under_eyes,-0.7973837293576105,0.15826019644737244,0.0842985212802887,0.5497696399688721
3479,d6e2a76d-373f-4162-9638-ec0bee3aaf4d.png,Altered,922 ms,bags_under_eyes,0.5270591513616298,0.15849965810775757,0.08325140923261642,0.5540557503700256
3479,0308d583-4fe4-4dc1-9982-3ffa511d7969.png,Original,1506 ms,Original,0,0,0,0
3479,f586db32-cea8-46c0-9368-3eb8acefeabb.png,Altered,945 ms,pointy_nose,-0.06035480354162637,0.15839269757270813,0.08348524570465088,0.5529139637947083
3479,e492764d-83fa-4773-b3a0-04530a97e87d.png,Altered,873 ms,narrow_eyes,0.7675556997255795,0.15752670168876648,0.08160583674907684,0.5578551888465881
3479,311b1c3c-6df3-4ba4-bdd5-4e93a7fe144d.png,Altered,853 ms,chubby,0.38091736406350996,0.15874405205249786,0.08306647092103958,0.5540416240692139
3479,b7a8ce3b-2a7b-401c-a5e5-9e2f6e4bf422.png,Original,1036 ms,Original,0,0,0,0
3479,14f379dd-b56e-4ce3-a21f-02e2f23d1da7.png,Altered,868 ms,chubby,0.9230419543088138,0.15933087468147278,0.08326326310634613,0.5559992790222168
3479,02da9388-f799-4963-9239-9290fc288ca6.png,Altered,942 ms,chubby,0.54122149646683,0.15876378118991852,0.08297361433506012,0.55467689037323
3479,2496034a-0936-4b8c-936e-6bdb8a5e92f9.png,Altered,753 ms,narrow_eyes,0.10946228954479942,0.15813526511192322,0.08327402174472809,0.5532457828521729
3479,d097b626-6050-453d-a8bf-f145795bd138.png,Altered,795 ms,chubby,-0.6571843220761582,0.15781769156455994,0.08503391593694687,0.5504636168479919
3479,2b5edeeb-63a2-4ed1-96dd-29dbfcdbda85.png,Altered,1024 ms,smiling,0.6774525823975921,0.15680229663848877,0.08054842799901962,0.5563073754310608
3479,833ca3ab-2929-470b-94d2-1103fd8963cb.png,Altered,849 ms,age,-0.3577092949718954,0.15898756682872772,0.08439912647008896,0.5502075552940369
3479,0ca16569-9999-46e2-a3d4-b994012fbdb6.png,Altered,708 ms,pointy_nose,0.44039385871092684,0.15864811837673187,0.08485907316207886,0.5484233498573303
3479,0afbe7a9-23dd-4fce-bd2e-7906cad05250.png,Altered,819 ms,smiling,0.9224613806713378,0.15633222460746765,0.0795115977525711,0.5575801134109497
3479,c47e142a-e3d3-4fe9-ab43-133355f0df1f.png,Altered,869 ms,smiling,0.9883315880596897,0.15608122944831848,0.07925081253051758,0.5578986406326294
3479,7194e34a-d8fc-4f40-8090-6beb8fa4d4ac.png,Altered,921 ms,bags_under_eyes,0.9672381624392339,0.15840713679790497,0.08313646912574768,0.5552001595497131
3479,bfb8d553-d797-4d06-9ec4-73d7d7060b8f.png,Altered,804 ms,pointy_nose,0.29411821052252085,0.1584111899137497,0.08443932235240936,0.5496973991394043
3479,81103c3e-4fd9-4b7b-af0f-da920231a42a.png,Altered,920 ms,smiling,-0.5538642658758823,0.15956638753414154,0.08640583604574203,0.5497255325317383
3479,f0e6ef30-0788-4711-b974-403fb5c9a41a.png,Altered,888 ms,pointy_nose,-0.5423770811539776,0.1585797220468521,0.08242493867874146,0.5568069219589233
3479,5e7e6844-7ab6-458f-a2cc-3b461c7ab146.png,Original,1253 ms,Original,0,0,0,0
3479,3cfab522-66de-4162-8878-c364c5dae2b3.png,Original,879 ms,Original,0,0,0,0
3568,a722b293-e151-431f-8eab-71d41811e608.png,Altered,1846 ms,narrow_eyes,0.8955274741014918,0.16110025346279144,0.093690425157547,0.45634785294532776
3568,f58f901e-64e7-4afb-afc3-bcaec236c328.png,Altered,1373 ms,chubby,0.17284406409840858,0.16043582558631897,0.08939115703105927,0.45804744958877563
3568,bd52c183-88f2-4461-90eb-6f62ef9e5d98.png,Altered,1038 ms,narrow_eyes,0.3606327107998013,0.1610071063041687,0.09066423028707504,0.4560287594795227
3568,665890b7-6983-4857-8bd7-f7fd148eb129.png,Altered,820 ms,narrow_eyes,-0.4604683274537096,0.1601303666830063,0.08625267446041107,0.4614216685295105
3568,febb8317-08a1-48f1-8f8b-0d17b0f9bfce.png,Altered,1213 ms,bags_under_eyes,-0.6777236101973712,0.16001874208450317,0.0874931812286377,0.4599647521972656
3568,cb1a370d-9b14-4b68-8ef7-e1fd8d7e1db5.png,Altered,682 ms,chubby,0.3647055346223642,0.16108517348766327,0.09022226184606552,0.45940324664115906
3568,2ca31a4b-7fc3-4345-82ef-16197ba93509.png,Altered,997 ms,pointy_nose,-0.3626692452013285,0.16042500734329224,0.09129711240530014,0.4598808288574219
3568,8e3ef0a6-2628-4f92-8f6f-19a3520dbfce.png,Altered,1068 ms,smiling,0.3875229426483733,0.1611047089099884,0.08964754641056061,0.4544947147369385
3568,ffac13bf-d77d-46cb-87f0-a41e35c65305.png,Altered,802 ms,chubby,-0.7663857505710716,0.1606135368347168,0.08640633523464203,0.4544304311275482
3568,9ddbde9f-fab2-4fcc-842f-0196239ab88d.png,Altered,797 ms,pointy_nose,0.3969985474079267,0.16074658930301666,0.08669805526733398,0.4542725682258606
3568,024c3374-d072-421f-a419-af745402cc11.png,Altered,708 ms,chubby,0.8881811614191262,0.16161507368087769,0.09282945096492767,0.46388450264930725
3568,5734a679-d94c-4f8b-ab83-a08f2dc4faa2.png,Altered,777 ms,age,0.9121859507405292,0.16147015988826752,0.09059007465839386,0.4526004195213318
3568,abed2b4e-bb32-4f2b-afb2-9c15f24fab7d.png,Altered,753 ms,pointy_nose,0.08320065795265896,0.16061821579933167,0.08819060027599335,0.45634445548057556
3568,c743f861-3986-4ce0-907d-c9e0c6a9e199.png,Altered,751 ms,smiling,-0.8014949270332807,0.16014407575130463,0.08696717023849487,0.4668901860713959
3568,07932863-bd3f-41ef-b8aa-9e55a7763c22.png,Altered,802 ms,bags_under_eyes,0.11949391467241965,0.160457044839859,0.08894258737564087,0.45662227272987366
3568,993000f6-d5fc-4065-abe2-7ca3c403a32c.png,Altered,827 ms,chubby,0.8216171986735625,0.16165605187416077,0.09244050830602646,0.46326905488967896
3568,d2bf505e-2da0-4397-9e71-390498c6b428.png,Original,1964 ms,Original,0,0,0,0
3568,06732b3e-6906-4fa9-970c-d3e7d714b207.png,Altered,1160 ms,narrow_eyes,-0.1351607828643704,0.1604771614074707,0.0879816859960556,0.4579935073852539
3568,357bf91a-8d6e-4b13-abae-b82eface2d47.png,Altered,942 ms,bags_under_eyes,-0.8326722800177366,0.15987485647201538,0.08731795847415924,0.46044260263442993
3568,2711acd6-3c04-4b52-9e5a-b78531a8cdca.png,Original,1435 ms,Original,0,0,0,0
3568,a2d33b2f-233f-4681-83cf-0c267115e1b5.png,Altered,986 ms,age,-0.6320369940817714,0.1601080298423767,0.08754261583089828,0.464070588350296
3568,592f9ae9-804c-4249-aa84-a329c9b0c932.png,Original,1283 ms,Original,0,0,0,0
3568,018b8858-b21d-4137-9a34-3c97385dcaa0.png,Altered,1395 ms,smiling,0.463970428527376,0.1610865592956543,0.08983501046895981,0.4540749192237854
3568,eb818e67-8d95-43ac-816a-a5c74556ebbd.png,Altered,642 ms,age,-0.2781080578846864,0.16030064225196838,0.0881788358092308,0.4600425958633423
3568,92469d69-15c3-4208-a96b-c5288ef11962.png,Altered,569 ms,narrow_eyes,0.4255461186977889,0.16096016764640808,0.0910072848200798,0.4559726119041443
3568,778479c2-4f47-4e3c-9016-210411f49024.png,Altered,583 ms,bags_under_eyes,0.5827779118155838,0.16125065088272095,0.089976966381073,0.4562653601169586
3568,1142b196-98af-4bfa-936c-7465b42c0c4f.png,Altered,763 ms,smiling,0.9994769202532339,0.16131895780563354,0.09140761941671371,0.45134440064430237
3568,4a08eaa2-1d44-45c7-93c8-86c9c002243c.png,Altered,522 ms,age,0.4930494227383406,0.16166484355926514,0.08967506885528564,0.4541507363319397
3568,051f4f0d-5eaf-450c-98f8-3719ffa7c114.png,Altered,581 ms,age,0.06405471695315801,0.1603504866361618,0.0888204574584961,0.4564093053340912
3568,2d969383-cfd5-4d33-aa46-6cd345a7900a.png,Altered,605 ms,bags_under_eyes,0.39969423951945715,0.1612773835659027,0.08957594633102417,0.4562654495239258
3568,5a4c7c3a-b115-4241-9d27-a01a6ee63367.png,Altered,671 ms,pointy_nose,0.1317792541515992,0.16067758202552795,0.08793371915817261,0.4560450315475464
3568,c6a51b9b-ae59-4dff-9f58-57e483197590.png,Original,1011 ms,Original,0,0,0,0
3568,e220155b-fb57-4074-8a53-f8df9198ed6e.png,Original,989 ms,Original,0,0,0,0
3568,162422b3-54c6-4bc3-a845-309874b7ec3d.png,Altered,890 ms,smiling,-0.23360473633789658,0.1600133180618286,0.08811146020889282,0.459663063287735
3568,13627725-70fa-4fce-acb7-50b91d375aa8.png,Altered,698 ms,pointy_nose,-0.9205188550125214,0.1612788438796997,0.09652376174926758,0.46466344594955444
3815,e04c4a5a-583e-49f2-b4fd-d859f36cb7d2.png,Altered,1737 ms,narrow_eyes,-0.35470547818136233,0.19744108617305756,0.19954584538936615,0.3199833631515503
3815,2ed2e2dc-a874-4f81-90d8-3dd1304929ff.png,Altered,1287 ms,bags_under_eyes,-0.7265659690340454,0.19783413410186768,0.20074188709259033,0.31806275248527527
3815,4a0fe72c-9e4d-46ff-b7f5-f1006a0a9f14.png,Altered,1538 ms,pointy_nose,-0.10965080558103524,0.19740132987499237,0.20022138953208923,0.31976455450057983
3815,0655ead4-cf5a-450e-b200-1a27aaf612ec.png,Original,2437 ms,Original,0,0,0,0
3815,41726edc-8d65-4c2d-b2cc-34c8ec26284e.png,Altered,1395 ms,bags_under_eyes,-0.6178426451150232,0.19775307178497314,0.20057877898216248,0.3183623254299164
3815,d74a8ea4-5fb1-4277-b691-93314e564a73.png,Altered,1091 ms,smiling,0.5689224629816654,0.19678042829036713,0.19898337125778198,0.3178431987762451
3815,fee379cd-f2fc-4945-a774-1fa7075d37aa.png,Altered,997 ms,bags_under_eyes,0.7078841279427521,0.19686806201934814,0.19970929622650146,0.32033571600914
3815,66b0faa3-59f2-49fc-85c4-25ae8386a8f8.png,Altered,944 ms,bags_under_eyes,-0.6976968717046372,0.19786927103996277,0.20073209702968597,0.31814879179000854
3815,6f7d64ac-3274-4c6f-a314-d28af61847fa.png,Altered,1019 ms,chubby,-0.9503166911326022,0.19610539078712463,0.19824039936065674,0.3227188289165497
3815,890ea542-23a5-43ba-9697-64eefe4aa0a4.png,Altered,938 ms,age,0.18626543734733714,0.19702915847301483,0.19995737075805664,0.3190799951553345
3815,71d178b0-3a61-4682-9e01-be26a96eea7c.png,Altered,905 ms,age,0.7879696297700345,0.1966693103313446,0.20044457912445068,0.31942829489707947
3815,4da3c8f5-513f-4fe7-aa70-a0a5d3e1a884.png,Original,1684 ms,Original,0,0,0,0
3815,c93ded8a-86cb-47f7-8887-b59964d330a2.png,Altered,1123 ms,smiling,0.3361047107096866,0.19732505083084106,0.19947367906570435,0.31838732957839966
3815,c9f68451-9422-4993-bde6-e6633c5badcf.png,Altered,1023 ms,narrow_eyes,-0.5499514611723739,0.1974899023771286,0.19942200183868408,0.3203331232070923
3815,ff26de0d-b0cc-4f15-8296-7c829574241d.png,Original,1469 ms,Original,0,0,0,0
3815,8b2321f1-71d1-487a-b760-0c55e5bd4c3d.png,Altered,1135 ms,smiling,0.6797481598518662,0.19686627388000488,0.19885417819023132,0.3176504671573639
3815,97e36603-a430-4385-8deb-118e096ea7fa.png,Original,1521 ms,Original,0,0,0,0
3815,ab088425-089e-4901-aba8-652343a85621.png,Altered,1201 ms,chubby,0.3465347916023078,0.19806230068206787,0.20084702968597412,0.3184860944747925
3815,786f602a-9f18-4b3a-808b-420dca08f035.png,Altered,890 ms,smiling,-0.30178434076167515,0.1975983828306198,0.20058158040046692,0.3202052414417267
3815,7f7e42f1-226f-43a6-a91b-37a2bf139dae.png,Altered,945 ms,chubby,0.38068588216024546,0.19811177253723145,0.2009311020374298,0.3183629810810089
3815,d506238b-fa1a-4a01-a84b-5bce6f12a652.png,Altered,708 ms,narrow_eyes,0.9631476572775168,0.1975191831588745,0.20134644210338593,0.31750476360321045
3815,70b97f1f-e2ed-4590-8b85-b39868166f15.png,Altered,585 ms,pointy_nose,0.3300153654682316,0.19713494181632996,0.19967544078826904,0.31815043091773987
3815,4a6254f5-9975-46f1-9697-5d09d69c95a3.png,Altered,656 ms,pointy_nose,-0.5646638770390398,0.19814734160900116,0.2012997567653656,0.32071027159690857
3815,c13aaa8b-9725-49bb-a606-654fec98a2ed.png,Altered,601 ms,age,0.11281275087703757,0.19710126519203186,0.1999230980873108,0.31912538409233093
3815,ce669752-0cea-4c0d-b80e-966bd0408d82.png,Altered,641 ms,age,-0.1877128396436294,0.19752919673919678,0.20005600154399872,0.31977733969688416
3815,9854d217-f8be-4f9f-bad6-54c790ade1df.png,Original,1462 ms,Original,0,0,0,0
3815,f36ced3a-803d-495e-9867-336bc90d60e0.png,Altered,973 ms,chubby,0.7258603658011205,0.1983880251646042,0.20160076022148132,0.3176291286945343
3815,95584c1c-f51f-4cf4-ae34-87a499423a6e.png,Altered,1020 ms,pointy_nose,0.3187276460946782,0.1971278190612793,0.19970524311065674,0.3182002305984497
3815,ba2acc2c-bb61-4dc5-98fb-8d3c9a0fa759.png,Altered,894 ms,age,0.3962636557288688,0.1969703733921051,0.20011338591575623,0.3190036118030548
3815,e89a8b2e-ea20-4742-807a-f0c3636e4214.png,Altered,881 ms,bags_under_eyes,-0.48186857183841814,0.19760391116142273,0.20044222474098206,0.3185962736606598
3815,5c61efea-202a-4838-b8d0-4dca30cc5fb6.png,Altered,892 ms,narrow_eyes,0.4761587309562221,0.1972932517528534,0.20063266158103943,0.3184603452682495
3815,06daada0-d836-4033-a070-68215af33cb5.png,Altered,659 ms,chubby,0.7296127006010578,0.19840297102928162,0.20161060988903046,0.3176184892654419
3815,ac9cbc66-9091-4db4-8be6-b31d9a17f933.png,Altered,647 ms,pointy_nose,-0.39429173867660827,0.19787156581878662,0.20080101490020752,0.32037389278411865
3815,406e7fd3-a8d7-4ab4-acc5-9738ebf40a78.png,Altered,588 ms,narrow_eyes,-0.4054702924888247,0.19748002290725708,0.19951650500297546,0.3200853765010834
3815,ab78e334-8668-4617-a869-fbab7fa53ea9.png,Altered,679 ms,smiling,0.6776885780220512,0.1968897432088852,0.19891390204429626,0.31764501333236694
4311,7e05c4dc-f5dd-4862-a8a9-3e27066c8a18.png,Altered,1876 ms,smiling,-0.6952444316876008,0.19128787517547607,0.3025892376899719,0.36395853757858276
4311,2133b6e5-47b7-4dd9-a7e2-c969a7249358.png,Altered,1033 ms,chubby,0.6583837664598113,0.19119910895824432,0.30515050888061523,0.36523178219795227
4311,18882e24-f499-4407-a4ef-ce7b5f2c51a5.png,Altered,746 ms,bags_under_eyes,-0.3055083103088876,0.1911340057849884,0.2997071146965027,0.3620774447917938
4311,3a3ad007-5c84-42b9-b268-5fc6d8044218.png,Original,3718 ms,Original,0,0,0,0
4311,4bff38ff-cd4e-4788-859d-5a92673f37ed.png,Altered,2694 ms,Original,0,0,0,0
4311,2ea31849-0f0b-440b-8bc3-ca8aa32ce249.png,Altered,835 ms,bags_under_eyes,-0.9487870515789554,0.19119450449943542,0.3001837134361267,0.3614294230937958
4311,f4894f33-8990-4a08-ba59-81af008daea3.png,Original,3598 ms,Original,0,0,0,0
4311,22621587-a0d2-4e2c-b7fe-3bab5bc17c95.png,Altered,920 ms,age,-0.3076081510079969,0.19115440547466278,0.30178409814834595,0.3633100390434265
4311,6655d3f4-b35f-41ef-9b4b-251824a6422d.png,Altered,1463 ms,age,0.24198953509839893,0.19095006585121155,0.2974381148815155,0.36188265681266785
4311,9ec9b3c2-fa6b-4c0b-9b7a-cf577671d29e.png,Altered,875 ms,pointy_nose,0.1942717819545703,0.19089186191558838,0.2952370047569275,0.36129024624824524
4311,8d548910-5fdf-4a66-8989-ce6332468dc5.png,Altered,1146 ms,pointy_nose,0.026996535761492968,0.1909780204296112,0.29881978034973145,0.3624052405357361
4311,a36a1ac3-d40c-40c7-985e-a67984b79687.png,Altered,802 ms,age,-0.31006794473889276,0.19116060435771942,0.30179548263549805,0.3633115887641907
4311,b4499795-7fe2-43a1-a9e8-8791a6fb208e.png,Altered,986 ms,bags_under_eyes,-0.5848759976554996,0.19128108024597168,0.2998949885368347,0.36175745725631714
4311,777fb36b-1b9a-4773-95c2-1414b96e1815.png,Altered,826 ms,chubby,-0.7731981515116257,0.1913236379623413,0.2927706241607666,0.3595922887325287
4311,cc316785-6f95-4754-b9e6-58205301900e.png,Altered,689 ms,pointy_nose,0.193097315273133,0.19087430834770203,0.29527372121810913,0.3612975478172302
4311,ab7fab20-7717-4ecf-bc17-0e497eef5b3b.png,Altered,686 ms,narrow_eyes,-0.14083888315406523,0.19088642299175262,0.2982940971851349,0.36272042989730835
4311,b1054b0b-d3e4-44d7-a7f0-ac9a9db1a1a5.png,Altered,1115 ms,bags_under_eyes,-0.4133078266421979,0.19125227630138397,0.29976028203964233,0.3619441092014313
4311,f11b4767-0ef5-4d08-a48d-ad90ff94dd0b.png,Altered,651 ms,narrow_eyes,0.019914017048833,0.19098679721355438,0.2996094226837158,0.36251863837242126
4311,88d193d6-7671-4779-b799-26da1ccdcf7d.png,Altered,649 ms,smiling,0.08331989185512523,0.19095826148986816,0.29902634024620056,0.36226412653923035
4311,8841e991-b562-45f9-8217-d9adb7b302ba.png,Altered,882 ms,smiling,-0.6833884164706234,0.19130811095237732,0.30242231488227844,0.36396220326423645
4311,88269e36-b891-457c-bf4f-ea26b98dd814.png,Altered,637 ms,age,-0.6280443327876921,0.191568061709404,0.30434250831604004,0.36399367451667786
4311,0f03483d-833a-47ee-bd81-a6a715612aa1.png,Altered,615 ms,smiling,-0.8831013739061424,0.19123750925064087,0.30312448740005493,0.36445724964141846
4311,f94b93ab-f068-4794-a3df-00104a53be94.png,Altered,605 ms,narrow_eyes,-0.5246343441460104,0.19098030030727386,0.2954070568084717,0.3627999424934387
4311,054a1926-140d-41bb-abe1-e6d28b794fbe.png,Altered,684 ms,chubby,-0.37915661192573147,0.19096164405345917,0.29616111516952515,0.3609321415424347
4311,9ae54f2f-7391-43ad-b810-b50d2b3d9090.png,Altered,645 ms,smiling,-0.33944432405764546,0.1913890838623047,0.300947368144989,0.36338070034980774
4311,063e6e32-c563-4054-a8ab-3b7a50b34104.png,Altered,732 ms,bags_under_eyes,-0.6077016118076459,0.19130659103393555,0.29990154504776,0.36174365878105164
4311,bf09bbf0-35b7-4e90-9c6a-b74c41997c1c.png,Altered,729 ms,narrow_eyes,-0.7434010094853263,0.19072231650352478,0.2938631474971771,0.3628416061401367
4311,99bf6fbf-8c2f-4b8e-a729-85abfc03964c.png,Altered,643 ms,pointy_nose,0.38847711053333356,0.19077830016613007,0.2909361720085144,0.3602016270160675
4311,028e3dcf-73ad-491a-b348-ff46d84ba750.png,Altered,597 ms,age,-0.6018766250013527,0.1916186511516571,0.30417975783348083,0.363960862159729
4311,ae0e4fd3-12fd-42b1-8eaf-3b936b556b80.png,Original,844 ms,Original,0,0,0,0
4311,e1fccb04-c2b9-4950-b4bf-86df61df04e6.png,Original,727 ms,Original,0,0,0,0
4311,631206b1-7218-47ad-92e6-9cd78482b20d.png,Altered,870 ms,chubby,-0.20082796651264956,0.19091570377349854,0.297746479511261,0.36170440912246704
4311,dc04a08d-e991-4a5f-bc69-a7f46ec7041d.png,Altered,924 ms,chubby,-0.4196755875909337,0.1910642683506012,0.29580599069595337,0.36079466342926025
4311,81434a08-b268-4422-920e-3a54438640a6.png,Altered,630 ms,pointy_nose,-0.07489899504678021,0.19106510281562805,0.30097314715385437,0.3630690276622772
4311,987481ef-ba59-4fe7-b2db-fdecbd943d94.png,Altered,765 ms,narrow_eyes,0.2569629280600474,0.19110247492790222,0.30145007371902466,0.36202123761177063
4314,6f97023a-fd94-4169-91bb-0f7ebe8abb5a.png,Altered,1707 ms,narrow_eyes,-0.2762012739885975,0.15811851620674133,0.055717915296554565,0.5427961349487305
4314,06786e98-0a67-4aac-a28d-6f8821b8a21f.png,Altered,1104 ms,pointy_nose,0.7705997404393492,0.15859226882457733,0.05378741770982742,0.5383685231208801
4314,b498e8a2-c699-4346-8dc0-6c53e006b9bf.png,Altered,1169 ms,age,-0.13220629087664548,0.1579301655292511,0.056051936000585556,0.5428274869918823
4314,731971f9-9780-4ee5-807c-75ce203ebcaf.png,Altered,2761 ms,smiling,0.07033561117114373,0.1581842452287674,0.05547567829489708,0.5429268479347229
4314,7c049793-962f-4f22-a395-b20578855c89.png,Altered,3429 ms,narrow_eyes,0.8762058104617194,0.15855374932289124,0.05629327520728111,0.5438157320022583
4314,968f7431-f28f-45f1-babe-24ae40996f75.png,Altered,1374 ms,bags_under_eyes,-0.015324671862395833,0.1582069844007492,0.055712830275297165,0.542972981929779
4314,0bf5de5e-9f77-4740-a09f-980d60a0a3fe.png,Altered,1939 ms,chubby,0.5469183836816442,0.15865203738212585,0.057079166173934937,0.5446195602416992
4314,6be1f2e7-fcb6-42f7-8522-9d5b195e8931.png,Altered,2362 ms,chubby,-0.2328613426123367,0.1582234799861908,0.05540689826011658,0.5419032573699951
4314,60c89a69-6f09-4e98-8e9e-4fd19f62309a.png,Altered,2421 ms,bags_under_eyes,-0.23777758026344342,0.1578737199306488,0.05541232228279114,0.5438547134399414
4314,f4c2ada5-c770-4f50-b23b-34c7d1227069.png,Altered,2857 ms,pointy_nose,-0.2073647644416856,0.1582001894712448,0.05661240965127945,0.5439763069152832
4314,a8068dfb-4967-4770-bb23-9cba5babff0f.png,Altered,3172 ms,narrow_eyes,-0.19499889982116736,0.15813052654266357,0.05572287738323212,0.5428696870803833
4314,c2342284-6f3f-4c61-bea9-b470b8a5c2dc.png,Original,2371 ms,age,0.9434578459298291,0.15832749009132385,0.054025791585445404,0.5427221059799194
4314,debfc63e-cde7-47ad-a334-8318bc9f4fa9.png,Altered,799 ms,pointy_nose,-0.5368894448864929,0.1587618887424469,0.05826415866613388,0.5451810359954834
4314,47dca571-010d-442a-b72a-d896f8055c53.png,Altered,1821 ms,bags_under_eyes,-0.6536847141268787,0.15796759724617004,0.05498398840427399,0.5451593995094299
4314,e0ee7460-4045-4852-89d4-e415c53abd64.png,Original,1866 ms,Original,0,0,0,0
4314,a6b738a5-6568-4e65-bd4f-c349c5a6c64b.png,Altered,1057 ms,age,-0.4877926218620079,0.1580430567264557,0.05707831308245659,0.5420774817466736
4314,3070faf0-a133-446b-ac80-b65a48d46833.png,Altered,618 ms,chubby,-0.7945065468910104,0.15890616178512573,0.05513684079051018,0.5399253368377686
4314,893ea719-f4ab-4882-8bd4-e848b5ca9476.png,Altered,628 ms,age,0.32511535615370457,0.1584239900112152,0.05501314997673035,0.5429140329360962
4314,7fd731a3-8222-4059-9136-1badc953518a.png,Altered,552 ms,smiling,-0.755620492000644,0.15887245535850525,0.058657124638557434,0.5423111319541931
4314,502d3b48-2751-4ba6-b26c-3bcd8360bbb4.png,Altered,618 ms,age,0.6837520273326216,0.1582154631614685,0.054377149790525436,0.5428308844566345
4314,5bf86fc0-f9ef-468c-8681-fb376493cf15.png,Altered,519 ms,narrow_eyes,-0.18489291495188076,0.15815183520317078,0.055724482983350754,0.5428498387336731
4314,05c09218-3482-41e6-b1d5-1197df953cc1.png,Original,1152 ms,Original,0,0,0,0
4314,3e01a977-cae4-4c19-a9ff-452af56dc17d.png,Original,980 ms,Original,0,0,0,0
4314,b3b8a634-7482-4365-8ce4-7c51f9206f79.png,Original,613 ms,Original,0,0,0,0
4314,539b43ff-2014-4f1e-939a-495325449e45.png,Altered,984 ms,pointy_nose,-0.32341132009733164,0.15848325192928314,0.057163678109645844,0.5444735288619995
4314,5e1dea57-7fa6-4f8a-b4c5-8204b1c08659.png,Altered,683 ms,bags_under_eyes,0.3029238668790841,0.1586214005947113,0.056229423731565475,0.5415871143341064
4314,15f99fdd-516a-409f-a11d-c6f7879e8ff1.png,Altered,666 ms,smiling,0.9371999946053682,0.15816691517829895,0.0535406768321991,0.5441581606864929
4314,7717221f-520b-4c23-b2e3-6b5c2c419d54.png,Altered,659 ms,smiling,-0.685745680173552,0.15865173935890198,0.058331191539764404,0.5425366163253784
4314,8dd1eeeb-d753-41fc-8979-c74dd852db56.png,Original,1008 ms,Original,0,0,0,0
4314,c085199e-fead-4694-8089-acbea76b6bd3.png,Altered,775 ms,narrow_eyes,-0.6342471264023528,0.15833505988121033,0.05584065243601799,0.5424007773399353
4314,0a81da8c-80e6-4a46-ad9d-f6af43cb757a.png,Altered,571 ms,bags_under_eyes,0.6247121264344118,0.15895424783229828,0.05682922899723053,0.5401721000671387
4314,25db4744-cdb0-4ab3-8c32-0371748da8ce.png,Altered,554 ms,chubby,0.07537174518286349,0.158286914229393,0.0558551661670208,0.5432865023612976
4314,4ef33a96-2508-4c13-b38d-8e586b816f96.png,Altered,521 ms,chubby,-0.7204351833337204,0.15894226729869843,0.05511350557208061,0.5403480529785156
4314,2c7655c9-a00c-4e90-8446-50b3afa5f3ae.png,Altered,537 ms,pointy_nose,-0.731673559711933,0.15866971015930176,0.05936885625123978,0.5457428693771362
4314,57ce45ee-e387-4362-991c-c3036177af36.png,Altered,518 ms,smiling,0.1112054722430329,0.1581956148147583,0.05540969967842102,0.5428020358085632
4379,15af8840-3353-4614-ab3f-a3e0efeb4e1e.png,Altered,1915 ms,pointy_nose,0.8505557828253196,0.14657175540924072,0.07576412707567215,0.4782387614250183
4379,24d64d67-c617-4e7d-a6ab-8afaa212035d.png,Altered,858 ms,smiling,0.5968637492752378,0.14536239206790924,0.07111123204231262,0.4861704111099243
4379,d71b5bff-2d65-446c-8fa2-d5b3cdadd38f.png,Altered,2882 ms,smiling,-0.9939846990056032,0.14668086171150208,0.07563602179288864,0.479038268327713
4379,9822386e-d7a6-48af-81ab-ca163609ea07.png,Altered,1049 ms,bags_under_eyes,0.2057114669080875,0.1462416648864746,0.0723736435174942,0.4820752739906311
4379,5229d5ce-41d9-44df-a2af-581fdb7465c9.png,Altered,990 ms,narrow_eyes,0.39262320611112433,0.14540599286556244,0.07213302701711655,0.48415088653564453
4379,4f4a1e5a-1304-43bf-9df2-e15434ba8471.png,Altered,1363 ms,bags_under_eyes,-0.10658884027809012,0.14594769477844238,0.07278373092412949,0.48104867339134216
4379,ca85c5bb-dc10-434e-aefa-cc8fa8894cc3.png,Altered,897 ms,smiling,0.5883099809492813,0.14537671208381653,0.07112744450569153,0.4860985279083252
4379,dc3adbcd-d036-4818-ae04-a67ed0d9999d.png,Altered,941 ms,narrow_eyes,-0.7790324540215987,0.14646121859550476,0.07366346567869186,0.48013001680374146
4379,61281780-89d6-4c5c-856c-b6b51161a74e.png,Altered,537 ms,chubby,0.3582517346342078,0.14577262103557587,0.07217910885810852,0.4828522801399231
4379,4e1f36f0-171e-47e8-b241-c254c63bbed0.png,Altered,939 ms,bags_under_eyes,0.5617310622651164,0.14579296112060547,0.0721091479063034,0.48316410183906555
4379,89bf3c63-334b-44ce-b8ab-82f4dcd961f1.png,Altered,770 ms,pointy_nose,-0.6219906175394447,0.14549916982650757,0.07231713831424713,0.4830254018306732
4379,8a14256c-241a-4b18-82c5-37b62b4e60e2.png,Altered,684 ms,chubby,0.7524432915524635,0.14533564448356628,0.07170696556568146,0.4850769639015198
4379,6bd76265-8a2c-42fb-b58a-31cc15ce9b90.png,Altered,715 ms,chubby,-0.7685581185835593,0.14660856127738953,0.07492389529943466,0.4781721830368042
4379,59e015e2-e449-4966-b529-243b81ab637e.png,Original,2829 ms,Original,0,0,0,0
4379,ff571796-2fe5-42bc-884a-5806304c1689.png,Altered,1559 ms,chubby,-0.15503484562174674,0.145867258310318,0.07300339639186859,0.48069703578948975
4379,e64e0679-05dc-4b32-8acf-11215e86acbf.png,Altered,841 ms,age,-0.055402781732630135,0.14594760537147522,0.07274389266967773,0.4807644486427307
4379,ec4bf778-2e00-47ea-a176-85e670e07723.png,Altered,788 ms,bags_under_eyes,-0.9370379474312514,0.14637009799480438,0.07439673691987991,0.4795254170894623
4379,02fb8a09-6598-4ac2-bc0b-3348651fd95d.png,Original,2521 ms,Original,0,0,0,0
4379,d325ddbe-e8ae-4036-8455-a0a7eafc5c19.png,Altered,1431 ms,age,0.9210714675530096,0.14447341859340668,0.07120710611343384,0.49179062247276306
4379,56099e96-7009-4f0d-8dea-c9b3ae2e8429.png,Altered,854 ms,pointy_nose,0.5916568902206589,0.14632785320281982,0.07451939582824707,0.47943949699401855
4379,7e66d9cb-2b20-461b-a4e7-01a12115ad5f.png,Altered,606 ms,pointy_nose,0.19504909215913213,0.14622259140014648,0.07309268414974213,0.48078757524490356
4379,6262ff0c-2984-47e9-acfc-7e79b839ffa9.png,Original,2246 ms,Original,0,0,0,0
4379,6020822f-bc15-41b8-bee4-1fa6b7e4c72e.png,Original,2604 ms,Original,0,0,0,0
4379,1eab8510-d1c9-4f45-8bfd-9ed6fb01b6de.png,Altered,1022 ms,smiling,-0.026613851684682333,0.14598311483860016,0.07271493226289749,0.48115265369415283
4379,4b6fac0a-7a3f-4395-a66a-89ab7c0a61a1.png,Altered,672 ms,bags_under_eyes,0.9158384279483678,0.14550182223320007,0.07196268439292908,0.4843445122241974
4379,03f0178c-1791-4468-8f46-60ab8af79893.png,Altered,801 ms,age,0.08939726938156856,0.14579519629478455,0.07244936376810074,0.48231297731399536
4379,25465c38-ab4d-4bd7-8da5-360ab9d37074.png,Altered,739 ms,narrow_eyes,-0.6994453314064739,0.14623801410198212,0.07355886697769165,0.4799019396305084
4379,f30aef17-544a-4e72-815a-b3f49d7f7aaa.png,Altered,499 ms,smiling,-0.45424933242661725,0.14631053805351257,0.07400549203157425,0.4785178005695343
4379,d8d846ac-5af8-4e56-9b02-09eb185680a4.png,Altered,697 ms,chubby,-0.8679804405139664,0.14662209153175354,0.07525602728128433,0.47792476415634155
4379,47ce7565-634e-4e8c-bcde-f969ba671f15.png,Altered,813 ms,pointy_nose,0.6153318334142692,0.1463848203420639,0.07461060583591461,0.4793497920036316
4379,33c1ce3e-ecba-495e-83bf-3affe9450221.png,Altered,630 ms,age,-0.7297516193168112,0.14678320288658142,0.07438818365335464,0.4755811095237732
4379,1ce2d29f-a0d0-46f7-b916-dd925c4b7f94.png,Altered,639 ms,narrow_eyes,-0.7266540880579135,0.14632946252822876,0.07359413057565689,0.47998085618019104
4379,1f9a25a5-0ca9-4342-851f-79d617d96d52.png,Altered,841 ms,age,-0.12492309176410044,0.14610928297042847,0.07289634644985199,0.4801487326622009
4379,de9ac16a-523e-4e86-b6b8-e2bbe1e4dad7.png,Altered,563 ms,narrow_eyes,-0.14986787354905062,0.14588132500648499,0.07282515615224838,0.4804956018924713
4379,19a333f2-d073-4788-9263-069a42ea6219.png,Original,1584 ms,Original,0,0,0,0
4435,042694c8-13cd-4d42-a828-990cd3cd7624.png,Altered,2169 ms,pointy_nose,0.6703206787298084,0.16202060878276825,0.08068214356899261,0.4190886318683624
4435,a2c45e08-ffb7-498c-a5be-4edc07b4541f.png,Altered,1705 ms,bags_under_eyes,0.5752749114095581,0.16110067069530487,0.07622547447681427,0.4261293113231659
4435,e7d9e9dd-d8d9-47cf-b494-b073a830fb0f.png,Altered,2144 ms,chubby,-0.46589717314547463,0.1618073582649231,0.08061014115810394,0.4190727472305298
4435,63e0091f-6c87-4563-81c2-30a066b10631.png,Altered,1767 ms,narrow_eyes,0.22943881172094938,0.1611120104789734,0.07697183638811111,0.4241639971733093
4435,0f929636-a5ee-4a3f-96f4-c96a6ac4d55c.png,Original,1384 ms,Original,0,0,0,0
4435,dee99186-2904-4eb4-b662-5dee557b54f0.png,Altered,1061 ms,chubby,0.06315710085839821,0.16084282100200653,0.07663381099700928,0.4232194125652313
4435,76b7063a-ea6d-41f4-ae47-ce3b48a0e2e2.png,Altered,830 ms,pointy_nose,0.8431980787845494,0.1621711254119873,0.0820099264383316,0.4177451431751251
4435,f6140a90-24a5-4bdc-bac3-e7ce67309862.png,Altered,2053 ms,narrow_eyes,-0.09657567564269609,0.161078542470932,0.07706424593925476,0.42261019349098206
4435,33e54649-9876-4856-9b9e-48d026890772.png,Altered,1521 ms,bags_under_eyes,0.7254862694973088,0.1609252691268921,0.07603302597999573,0.426972359418869
4435,42f3805e-9c1e-40fa-9872-43d33989db27.png,Altered,1228 ms,smiling,0.009164995151941024,0.16105371713638306,0.07704126834869385,0.4229722023010254
4435,a0f87ae3-b1ab-42cc-9488-eb369c559c2e.png,Altered,1410 ms,bags_under_eyes,-0.1298643596261999,0.16114960610866547,0.07728343456983566,0.4222005605697632
4435,fe642bc6-19db-4ffb-816d-1ea474cb164d.png,Original,1731 ms,Original,0,0,0,0
4435,6f785db5-8e97-4397-a69d-3a1e18aabe75.png,Altered,1242 ms,smiling,-0.1891650820181323,0.16134688258171082,0.07705111801624298,0.4221596121788025
4435,92b0c1b1-79ce-48f6-be69-a5f665c4ad93.png,Altered,1184 ms,smiling,0.9022096178483368,0.16037297248840332,0.07712414860725403,0.4289061725139618
4435,6df51289-cde6-46c0-bf4e-0268963307bf.png,Original,1108 ms,Original,0,0,0,0
4435,34765183-f0ac-4086-a741-0b5ed400c600.png,Altered,1347 ms,chubby,0.9020538289870785,0.16028079390525818,0.07217592000961304,0.4277433454990387
4435,a77203cc-a3e9-406c-8e5a-2164816bb17a.png,Altered,863 ms,narrow_eyes,0.050670754450167,0.16103015840053558,0.0770421251654625,0.4231422543525696
4435,0e67f5fa-2f46-486b-8669-a0d3623c722e.png,Altered,986 ms,age,-0.631879749808147,0.16183112561702728,0.07866816967725754,0.4180436134338379
4435,ec26655c-3f05-4b16-94d4-2d2ac6dff1c7.png,Altered,1266 ms,age,-0.662950307825245,0.16185680031776428,0.07879752665758133,0.4176045060157776
4435,9087ba1d-0d20-41ca-a651-b2cffe93d4bf.png,Altered,1068 ms,narrow_eyes,-0.2155233941902166,0.1613393872976303,0.0770348310470581,0.422458291053772
4435,59b48b25-f4f6-4e3e-816c-4a01087892a0.png,Altered,1202 ms,bags_under_eyes,-0.9300334194677664,0.1618267148733139,0.07898464798927307,0.4178467094898224
4435,9e8944f5-9e37-4873-a994-7fe35891e086.png,Altered,881 ms,age,-0.06012050478585551,0.16111382842063904,0.07717153429985046,0.4224275052547455
4435,1146c539-0a4c-4f03-9b42-ee830dcc75c0.png,Altered,896 ms,chubby,0.37118198861224827,0.16076530516147614,0.07471859455108643,0.42515528202056885
4435,09aadddd-3d56-4bd0-b822-955b65eb7212.png,Altered,946 ms,bags_under_eyes,-0.283014263098361,0.16132500767707825,0.07759671658277512,0.421454519033432
4435,2247fa71-cf57-40b3-bd77-952186e07765.png,Altered,1309 ms,smiling,0.9782998599924244,0.1602037400007248,0.07715477049350739,0.42934808135032654
4435,37b69266-8bb2-406a-b4cf-67af45eda2fe.png,Altered,2251 ms,age,0.22780463278154195,0.16109251976013184,0.07657717913389206,0.4250560402870178
4435,f936576d-de5d-4553-b64d-33bea6d3735c.png,Altered,2133 ms,chubby,-0.6262705920047478,0.1621209979057312,0.0819196105003357,0.4174378216266632
4435,a79e57c5-b1aa-4d96-b0bf-5e0c44f88a13.png,Altered,1951 ms,smiling,-0.7968131924066033,0.1614363193511963,0.07756386697292328,0.41940343379974365
4435,63220ce6-f3fd-4732-af15-fee4fd6b11ec.png,Altered,1319 ms,pointy_nose,0.9810861311928536,0.16230511665344238,0.08318358659744263,0.41657301783561707
4435,459e2d01-63aa-4c1a-b906-d46682787aac.png,Altered,1449 ms,pointy_nose,0.032236826876606894,0.161094069480896,0.07715395838022232,0.4227946698665619
4435,9a79c68e-381d-4545-a800-b2aff0a24440.png,Altered,1973 ms,pointy_nose,-0.45354975527393426,0.16059473156929016,0.0759548544883728,0.4243783950805664
4435,3a75ce7a-4f0b-4954-8afa-c640e7e43546.png,Altered,1843 ms,age,0.5220448711426713,0.1606665998697281,0.076116643846035,0.4280354380607605
4435,f8a4357c-5b83-4c18-a241-65764bdd22b8.png,Original,1372 ms,Original,0,0,0,0
4435,6a4f3ed8-c520-4630-80eb-22cddc3e8f28.png,Original,1041 ms,Original,0,0,0,0
4435,2dcc4520-26d3-4743-b577-c1b577640d8f.png,Altered,1173 ms,narrow_eyes,-0.864039059069615,0.1611671894788742,0.07720759510993958,0.42051181197166443
4484,337e7938-85ff-4053-9ee9-833329db6e49.png,Altered,1526 ms,pointy_nose,-0.9116580643547378,0.16822165250778198,0.09495677798986435,0.44642534852027893
4484,4d291717-d5f5-4e0b-ba6d-ef2f408f432f.png,Original,1420 ms,Original,0,0,0,0
4484,bc25035a-6269-4503-be87-2ce6a43e9a7a.png,Altered,1029 ms,age,0.90040491650987,0.16694006323814392,0.09156745672225952,0.44137802720069885
4484,d2c1a5f5-b994-4ab5-a945-dc58f8db01bb.png,Altered,691 ms,pointy_nose,-0.7073268142297702,0.16813862323760986,0.09420212358236313,0.44487684965133667
4484,bc7a4ddf-19b6-4425-915d-58fe9499f98b.png,Original,871 ms,Original,0,0,0,0
4484,d1c08d0c-dd63-460e-b481-0087d9eee219.png,Altered,956 ms,chubby,-0.5064726895117488,0.1682165563106537,0.09249993413686752,0.43707525730133057
4484,7fbe7f6c-e260-4321-9951-042d05069243.png,Altered,690 ms,narrow_eyes,0.3769400896297901,0.16806940734386444,0.09191086888313293,0.44072166085243225
4484,2754413b-bce9-4bfe-8d1f-a6c60e9d0054.png,Altered,705 ms,bags_under_eyes,-0.8579386211496671,0.16842615604400635,0.09252756834030151,0.4388875365257263
4484,7a78cfb7-d447-4753-ac66-def3a5c7c00d.png,Altered,602 ms,age,0.2664067007194093,0.16813568770885468,0.09224489331245422,0.43988147377967834
4484,f6ebf2bc-2ffe-4591-aac8-2a0d91338d64.png,Altered,705 ms,smiling,-0.14883533014696848,0.16837172210216522,0.09342843294143677,0.4394821524620056
4484,e42972d8-7a99-49bf-8b9e-398e048ad793.png,Altered,736 ms,chubby,-0.548580786543647,0.16834060847759247,0.09250165522098541,0.43686723709106445
4484,a33f01c8-030d-47ff-a278-c3c5dea80328.png,Altered,760 ms,age,-0.889231094732837,0.16950175166130066,0.09485535323619843,0.43893611431121826
4484,215bfef5-7b67-42bf-8099-71a7a6d1a7ce.png,Altered,990 ms,chubby,0.9672607809017826,0.16821293532848358,0.09506377577781677,0.44625094532966614
4484,0d10f9c1-f2cc-4920-bcc8-d428d11aaaa0.png,Original,1085 ms,Original,0,0,0,0
4484,2d98ec1d-7453-44d0-a56f-9fd97a77b7fb.png,Altered,667 ms,pointy_nose,-0.07162773371916553,0.16810709238052368,0.09275217354297638,0.4403733015060425
4484,4b33a96b-b9ef-4e25-bc9c-475f37ce9d7d.png,Altered,800 ms,age,-0.9454952364954903,0.1694212406873703,0.09503378719091415,0.43886420130729675
4484,444dc5d6-b133-4437-9efa-6abedec7202e.png,Original,844 ms,Original,0,0,0,0
4484,d0f9b6cb-38df-463b-b2f1-bbf3fbaa13ec.png,Altered,738 ms,chubby,0.2594378812946061,0.16854368150234222,0.09309171140193939,0.4411552846431732
4484,87202c41-cab2-45c5-860c-3ac3d9480c1b.png,Altered,810 ms,bags_under_eyes,-0.22371331535014782,0.16829144954681396,0.09258416295051575,0.43955689668655396
4484,68bf2e37-61f3-4305-bf30-8b0e4b3fdebf.png,Altered,759 ms,smiling,-0.307424285050687,0.16904793679714203,0.09430544078350067,0.438998818397522
4484,e2d60658-da85-4d8a-b11d-776fccbf063f.png,Altered,750 ms,bags_under_eyes,-0.1696372537404056,0.16822907328605652,0.09262418746948242,0.4395562708377838
4484,c9eb318f-1352-484c-a6d0-3ca7a1391812.png,Altered,760 ms,smiling,0.05736130005536744,0.16829678416252136,0.09237907826900482,0.4399401545524597
4484,724e0618-4f95-44b0-be68-49fbf8794ee9.png,Altered,633 ms,narrow_eyes,-0.9603386500596411,0.16878175735473633,0.09467005729675293,0.43825122714042664
4484,9b37a402-1547-4859-bfed-c9252ab12bcd.png,Altered,747 ms,bags_under_eyes,-0.4757858159245074,0.16822390258312225,0.09253212809562683,0.4393312633037567
4484,688bb789-dbae-43fb-9be3-cbf9719c9495.png,Altered,665 ms,pointy_nose,-0.9989703056031425,0.16812098026275635,0.0953105017542839,0.4471781551837921
4484,59fc5012-6d01-49bc-a050-b7e7ed808188.png,Altered,869 ms,narrow_eyes,0.25549096449773234,0.16819898784160614,0.09216996282339096,0.4403132498264313
4484,c7212284-d7e8-4e7b-af13-3a537699f2af.png,Altered,721 ms,smiling,-0.8393664647978147,0.16979369521141052,0.09750951826572418,0.43724578619003296
4484,1872b5e4-59cc-47a3-87c3-e1be823e1936.png,Altered,828 ms,narrow_eyes,0.24511842530939987,0.1682312786579132,0.09219255298376083,0.4402516782283783
4484,65c3c083-6874-4ccf-9570-ea994b468bd4.png,Altered,667 ms,narrow_eyes,0.897613864742979,0.1677251160144806,0.09081070125102997,0.4443979859352112
4484,99c65aaa-d35b-4657-9d82-85eeff68e460.png,Altered,722 ms,chubby,0.8900867102089272,0.16823390126228333,0.09475192427635193,0.445852130651474
4484,adcec5f8-c226-45da-8f65-b8f795c8cc48.png,Altered,760 ms,bags_under_eyes,-0.29483151059637236,0.1682237833738327,0.09256171435117722,0.4394824206829071
4484,b0902671-5462-4e18-b718-d0b2a300ff59.png,Altered,922 ms,age,0.7805419370255036,0.16727519035339355,0.09166639298200607,0.44098833203315735
4484,35de317a-94ba-4751-8f09-14643afd3508.png,Altered,787 ms,pointy_nose,0.8209237174597475,0.16888713836669922,0.09326350688934326,0.43340224027633667
4484,28d10a63-4165-4ab6-bc09-bd9035b9d02f.png,Altered,812 ms,smiling,-0.39753593266502074,0.16892513632774353,0.09482668340206146,0.43880459666252136
4484,09fd3711-8f0c-478a-bd94-96ba7f2b8e26.png,Original,1123 ms,Original,0,0,0,0
4487,cea198cf-5554-4f22-b908-ebb8958126d1.png,Altered,1510 ms,narrow_eyes,0.7213614512252049,0.17543475329875946,0.17681169509887695,0.42310842871665955
4487,c6348751-a42f-41e0-80d3-304c8f2d0165.png,Original,1673 ms,Original,0,0,0,0
4487,04c673ad-d8a8-4030-a4b6-da79b8a1b9c2.png,Altered,1086 ms,bags_under_eyes,-0.6289820662773444,0.17587491869926453,0.17637988924980164,0.41802653670310974
4487,9b9dcad4-859d-46c8-9b91-047bb0fc8b47.png,Altered,918 ms,smiling,-0.11368288436512586,0.17528608441352844,0.17468325793743134,0.4224834740161896
4487,72d42306-ab2a-4361-a119-520b68285463.png,Altered,743 ms,narrow_eyes,-0.745226332747875,0.17485052347183228,0.1727452576160431,0.42046478390693665
4487,09f09de7-92a4-4117-b145-df3f5a2ff324.png,Altered,1046 ms,chubby,0.40973672192780075,0.17527620494365692,0.17419657111167908,0.4248162508010864
4487,76fb4971-eb7b-47ee-a47a-25a626f2eec0.png,Altered,781 ms,narrow_eyes,0.1018818718065937,0.17504039406776428,0.17490717768669128,0.4220717251300812
4487,48230883-7389-43b9-8339-6e48101599a8.png,Altered,845 ms,smiling,-0.4061982379087834,0.17540226876735687,0.17506489157676697,0.4231497347354889
4487,1a2aacdb-acf4-4f76-b86c-e0a746d34972.png,Altered,732 ms,age,-0.0449376462831399,0.17514297366142273,0.17494647204875946,0.4218122065067291
4487,ff508c0a-60bc-4909-983d-fd16f30f4715.png,Altered,857 ms,narrow_eyes,0.1821218886828353,0.17531943321228027,0.17517876625061035,0.4222014546394348
4487,08c79f73-5ff6-40d2-b5a0-c48f9a5a867a.png,Original,1214 ms,Original,0,0,0,0
4487,4706ff04-21be-4e54-9169-4a704deb0b41.png,Altered,841 ms,narrow_eyes,-0.04049218608458682,0.1751190721988678,0.17458388209342957,0.42183876037597656
4487,a25c8630-e072-4d5a-ac54-cd7f6a5ed03d.png,Altered,668 ms,smiling,0.07248855857893699,0.1750759333372116,0.1745748370885849,0.42151182889938354
4487,836bfa24-dec1-415e-b455-4ed695fd0887.png,Altered,793 ms,pointy_nose,0.6304235985685931,0.17500178515911102,0.17039763927459717,0.41736531257629395
4487,5cb6117b-266e-42be-867e-0f505424956d.png,Altered,950 ms,age,-0.19923590319245243,0.175423726439476,0.17593806982040405,0.4216043949127197
4487,f5b5a2c7-b55c-4270-a430-10c15cbf441b.png,Altered,736 ms,pointy_nose,0.495902636627771,0.17504869401454926,0.17119644582271576,0.41839689016342163
4487,c2f0e3fd-3919-40bd-bbcf-ef1855a1e5ca.png,Altered,867 ms,pointy_nose,0.8183782684614689,0.1747075766324997,0.1692160964012146,0.415891170501709
4487,4d979d75-16b1-4468-a083-9389ca3e855c.png,Altered,565 ms,bags_under_eyes,0.8549894393316491,0.17463314533233643,0.17252328991889954,0.42618364095687866
4487,1d99f6b7-a50c-4e38-a723-0a56c0ec81cc.png,Altered,545 ms,chubby,0.28143908407623375,0.17516271770000458,0.17431128025054932,0.4240051507949829
4487,473461a1-64fe-4da6-8cf3-7ee78e6d32c4.png,Altered,735 ms,bags_under_eyes,0.296060251934396,0.17518725991249084,0.1739034652709961,0.42354047298431396
4487,070b0bb7-1986-4b13-a25a-95c21ea0a954.png,Altered,986 ms,age,-0.6692113621386873,0.17563274502754211,0.17911045253276825,0.4205947518348694
4487,292b846b-6033-48a3-a404-948f0b5716d3.png,Altered,661 ms,bags_under_eyes,-0.41282919286360475,0.17525789141654968,0.17575648427009583,0.41932711005210876
4487,a3b13ea9-9740-4318-badf-c24d21a72422.png,Original,1299 ms,Original,0,0,0,0
4487,89e57260-e95e-4637-a651-4bdd658ddbd6.png,Altered,687 ms,chubby,-0.613865558281057,0.1747591495513916,0.1755664050579071,0.41628894209861755
4487,09c812c0-9c1e-497a-bef8-7f5b93b4fec9.png,Altered,866 ms,smiling,-0.83173090713489,0.1752326935529709,0.17575883865356445,0.4245375990867615
4487,dfdae90f-aa2d-4f09-a4fb-5ac1905c859b.png,Original,997 ms,Original,0,0,0,0
4487,fd02c10d-1a6e-47ec-8cb8-ec2741efafa1.png,Altered,701 ms,chubby,0.6990090334116843,0.17563526332378387,0.1738748848438263,0.42625337839126587
4487,75c002ba-3325-4913-81eb-54fb0e121696.png,Altered,821 ms,chubby,0.7391822284756377,0.17573951184749603,0.17384591698646545,0.426388680934906
4487,84c5d898-0538-43f6-98e9-cdf3ac431ce6.png,Altered,616 ms,age,-0.5311776999559743,0.1754043996334076,0.17821061611175537,0.4207780659198761
4487,b4ab038a-508c-4ab0-906a-47410048ed66.png,Altered,607 ms,smiling,0.3302085812558786,0.1751197874546051,0.17438220977783203,0.420494019985199
4487,45b2047d-58a7-4cd2-9037-2167d35a5723.png,Altered,562 ms,age,-0.4902453488890157,0.17545263469219208,0.17797408998012543,0.42082348465919495
4487,e3b0ad47-54eb-4caa-8428-5176de54e049.png,Altered,750 ms,pointy_nose,0.8202907946689513,0.17470113933086395,0.1692032814025879,0.41587549448013306
4487,702c5f4a-3f22-47fc-af18-39ebdbee9620.png,Original,972 ms,Original,0,0,0,0
4487,266e2f84-aa38-464d-97d2-344b8bf9bb89.png,Altered,655 ms,pointy_nose,0.5547440798900554,0.17509415745735168,0.17090293765068054,0.41792306303977966
4487,d982819d-cb8d-4e24-b1be-66ef4a6ecf04.png,Altered,831 ms,bags_under_eyes,0.6451485816486671,0.17509329319000244,0.17308112978935242,0.42532879114151
4787,a815faa9-e530-400a-a760-135c904c5351.png,Altered,2147 ms,age,-0.3977319058280484,0.12093360722064972,0.09897153824567795,0.5803871750831604
4787,279c67f6-abd4-415e-bde1-75b2abe8caea.png,Altered,1251 ms,narrow_eyes,0.9708074166716592,0.12188567966222763,0.10065894573926926,0.5772048234939575
4787,41764953-c7cb-4239-89b2-6f1121c6b182.png,Altered,996 ms,bags_under_eyes,-0.23511720768720323,0.12067359685897827,0.09812402725219727,0.5821489691734314
4787,d7ed433e-e685-4f11-be4f-1c76fa26a6a0.png,Altered,885 ms,pointy_nose,0.925052926699788,0.12085501849651337,0.09428714215755463,0.5826735496520996
4787,1784bbee-9a73-4a07-9833-25a600e5b7c7.png,Altered,721 ms,age,-0.7357306217569248,0.12070362269878387,0.10006877034902573,0.5799580216407776
4787,e8542fb9-9ac1-4711-99cf-b27df6292401.png,Altered,731 ms,chubby,-0.711342605944649,0.12054906785488129,0.09879893064498901,0.5811895132064819
4787,8ee21e07-fbdd-4952-aa8a-d530fdc4b8e2.png,Altered,820 ms,Original,0,0,0,0
4787,e3ee54c2-c41e-4833-b502-88978bd3d35c.png,Altered,915 ms,pointy_nose,0.784225458933697,0.1206139624118805,0.09476475417613983,0.5825409889221191
4787,b039d930-4ced-46ba-8aa3-2b09347776de.png,Altered,873 ms,smiling,-0.9366134999770384,0.11977024376392365,0.09606461226940155,0.586719810962677
4787,8e250ce5-a2c6-45ac-9267-6cc8caafbc8f.png,Altered,794 ms,bags_under_eyes,0.7365866356923927,0.12059326469898224,0.09677668660879135,0.5785093307495117
4787,e6eb2a7a-8124-4006-ae12-851104d7d3a5.png,Original,1136 ms,Original,0,0,0,0
4787,92c70c08-f7b9-43b3-a011-0904a858f5d1.png,Altered,750 ms,bags_under_eyes,-0.8599508564914993,0.12086581438779831,0.09942551702260971,0.583527147769928
4787,9282cd4d-ae48-4591-98f8-a99e761543b0.png,Altered,912 ms,chubby,0.5314051231772245,0.12088404595851898,0.09704747051000595,0.5818105340003967
4787,9042953b-0d1c-4531-bc3d-18fd906e5f48.png,Altered,846 ms,age,-0.8426361705699492,0.1208949089050293,0.1005193293094635,0.5798642039299011
4787,04142b1a-ca17-477f-b306-2e774527b356.png,Altered,664 ms,chubby,-0.7695146890774607,0.12054352462291718,0.09889911115169525,0.5810925960540771
4787,e71db4ec-eb16-4d00-a7d8-298bc6e70ec9.png,Altered,750 ms,narrow_eyes,-0.9972956771503088,0.12018755078315735,0.09557408094406128,0.5851021409034729
4787,05ff150b-c87a-41a6-9244-45cbb9b830f7.png,Altered,788 ms,chubby,0.2915376310057023,0.12104927003383636,0.09735771268606186,0.5815129280090332
4787,07216cda-e3fa-4256-bf48-73d60108ad20.png,Altered,839 ms,smiling,0.16287601173531674,0.12084659188985825,0.09810297191143036,0.5804076790809631
4787,e597d0af-d157-479c-bf76-338ac68ac7d2.png,Original,871 ms,Original,0,0,0,0
4787,4678a076-4369-4514-b779-c791818444b1.png,Altered,865 ms,narrow_eyes,-0.27210393133531086,0.12055027484893799,0.09707798063755035,0.5824281573295593
4787,8ae51a67-4e5e-4674-adb0-fd45c1a282a6.png,Altered,816 ms,age,-0.9226320621305546,0.12100061029195786,0.1007697805762291,0.5798911452293396
4787,b6a613c3-d450-4201-b021-a8fea6f5fff9.png,Altered,964 ms,chubby,0.0479678851687968,0.12079410254955292,0.09768839180469513,0.581334114074707
4787,ca9d6b69-ac9b-4150-bf25-6357b59c692d.png,Altered,734 ms,smiling,-0.43194599079124196,0.12026690691709518,0.09683723747730255,0.5839182138442993
4787,fcf70c9e-51b5-40a0-816c-95c52a3c6f80.png,Altered,794 ms,pointy_nose,0.30720119750747354,0.12069820612668991,0.09649811685085297,0.5819084048271179
4787,b4d7795d-debc-48a4-9264-eaee08f18928.png,Altered,807 ms,narrow_eyes,-0.23136682089445282,0.12056674063205719,0.09717892855405807,0.5822675228118896
4787,24e5e39d-6cac-470a-a7a8-383826442287.png,Altered,747 ms,pointy_nose,-0.4263322797132172,0.12110114097595215,0.09959845244884491,0.5804290175437927
4787,32873263-5ef9-4182-9fe3-671af9401d33.png,Altered,758 ms,narrow_eyes,0.20403628328674928,0.1209380030632019,0.0983252227306366,0.580400288105011
4787,78066c83-f0a8-4e8c-a666-0c3a178b7d8f.png,Original,1416 ms,Original,0,0,0,0
4787,73fc0206-0add-48a3-9146-fbbaedde3210.png,Altered,746 ms,smiling,-0.3661665014821689,0.1202501505613327,0.0970052108168602,0.5834567546844482
4787,d656644b-bd07-4f79-87b3-854b6bfe9ec1.png,Original,1656 ms,Original,0,0,0,0
4787,7b0045fd-9291-4277-b25d-c1da2b2e7ccf.png,Altered,672 ms,age,0.05745877934681776,0.12067708373069763,0.09758593142032623,0.581488847732544
4787,743d2410-9251-44a4-9070-979a3a001664.png,Altered,655 ms,bags_under_eyes,0.505783279334729,0.12070958316326141,0.09704041481018066,0.5793986320495605
4787,6f1c35a0-62fe-4959-a6f7-f0c9f3931de0.png,Altered,774 ms,bags_under_eyes,-0.0017924784774179248,0.12069402635097504,0.0977599248290062,0.5813127756118774
4787,a1517328-c581-4ac4-8ca8-9509e9572897.png,Altered,763 ms,smiling,0.6342389038604515,0.12155088037252426,0.09947612136602402,0.578117847442627
4787,6eb53197-99b5-4b74-bb1f-8459244c83b7.png,Altered,834 ms,pointy_nose,-0.9204638125640543,0.1214122325181961,0.10196556150913239,0.5792157649993896
4793,72d1e7a2-c9b1-470c-8854-82f958b4668f.png,Altered,1713 ms,chubby,-0.44037349529060466,0.19143497943878174,0.27126628160476685,0.31249985098838806
4793,aa082f3b-c022-413d-87c0-bcd245b9619b.png,Altered,1033 ms,bags_under_eyes,0.8454399945919575,0.19278663396835327,0.2813083827495575,0.310779869556427
4793,14efaddb-447d-4877-bc5c-257f474d8f5b.png,Altered,898 ms,smiling,-0.9680577284379797,0.19355452060699463,0.290998637676239,0.31134286522865295
4793,425f79c3-92c6-4405-8b96-c0498cf793d7.png,Altered,883 ms,narrow_eyes,-0.4427260793331922,0.1920630931854248,0.27672991156578064,0.3112117350101471
4793,18a3949a-5c27-40b7-9bd5-f11d28238616.png,Altered,1073 ms,narrow_eyes,0.1446410104948812,0.19216510653495789,0.27646586298942566,0.31364917755126953
4793,413a4a2d-47d0-4aa1-9156-6357982e28ea.png,Original,3741 ms,Original,0,0,0,0
4793,d2a6dfdc-70cd-4698-9923-c69edd67b5cf.png,Altered,1225 ms,chubby,-0.2739737591151423,0.19195124506950378,0.27317339181900024,0.3128921389579773
4793,fc777796-f455-4f94-887b-0b6be6bec034.png,Altered,1061 ms,age,0.7468457756075899,0.19209806621074677,0.27428171038627625,0.3097730576992035
4793,5fe8ed18-7be5-449d-addd-0f4897439816.png,Altered,1045 ms,age,0.1895302990516199,0.19227781891822815,0.2759627103805542,0.3124212622642517
4793,84bfe6be-eaa5-436c-82f5-b80df1c874ee.png,Altered,858 ms,smiling,-0.5227049296736193,0.19249820709228516,0.2841375768184662,0.31111663579940796
4793,d0faa2ae-8e1a-4f64-a1b5-5e73941e6652.png,Altered,1099 ms,bags_under_eyes,0.03733152050445443,0.192318856716156,0.2766156494617462,0.3131924867630005
4793,9a4a4222-b429-471b-9e81-ae3bb84be298.png,Altered,711 ms,bags_under_eyes,0.7443330774039518,0.19285282492637634,0.28073155879974365,0.31101375818252563
4793,401088a6-6db1-4ce6-aba6-57a96030e3b0.png,Altered,744 ms,narrow_eyes,0.6165503185116665,0.19206646084785461,0.2766776978969574,0.3143385648727417
4793,d4acdf08-2fc5-4e4a-8ef1-cb67d585fc9b.png,Original,2019 ms,Original,0,0,0,0
4793,714ed932-7594-4726-a271-081c032e9d81.png,Altered,1005 ms,narrow_eyes,0.7202234144097317,0.19191110134124756,0.27672338485717773,0.3144022226333618
4793,bef495d4-606b-40cf-91c1-5461edadf982.png,Altered,975 ms,age,0.2029665242087677,0.19228461384773254,0.27589425444602966,0.3123428523540497
4793,d020430c-4ed3-4331-b612-6b09eebc614f.png,Altered,776 ms,narrow_eyes,-0.7909256523698045,0.19219136238098145,0.27677595615386963,0.3103635311126709
4793,aef0436e-5967-4dfa-9954-51d8d935c1fc.png,Original,1739 ms,Original,0,0,0,0
4793,10a22552-8d32-42c2-84b5-fb0e4b2b240e.png,Altered,825 ms,smiling,0.5667183700807537,0.19118431210517883,0.26890283823013306,0.31434085965156555
4793,c5a8d2a6-387a-47d7-ba62-5c76527d8caa.png,Original,1632 ms,Original,0,0,0,0
4793,4d159c69-1f8a-4974-b272-36ab75a3f800.png,Altered,848 ms,bags_under_eyes,-0.5138367461627742,0.19157902896404266,0.27383729815483093,0.31441593170166016
4793,8bbe5d51-21c8-41d1-91d4-a25c90f4d80b.png,Altered,929 ms,age,-0.3791580606318743,0.19175788760185242,0.2778715491294861,0.31488412618637085
4793,9652da46-3141-442c-b349-8bb417a85062.png,Altered,848 ms,age,0.6405030873648048,0.19247400760650635,0.2746644616127014,0.31016629934310913
4793,b282efed-b1d3-4336-95cd-86248db8c549.png,Altered,808 ms,chubby,-0.967416671233422,0.19150292873382568,0.2654670476913452,0.31167134642601013
4793,5d9aa018-13b5-462a-a4f2-a1550cab88c8.png,Altered,716 ms,pointy_nose,-0.5707738786491381,0.1922304630279541,0.28434938192367554,0.3170423209667206
4793,b13ce85d-52aa-4d63-8709-e17e87d099ec.png,Altered,717 ms,smiling,-0.7471882823080789,0.19279539585113525,0.28736159205436707,0.3113282024860382
4793,c5819b2d-f0ca-4fd2-9b3d-ba2d783d2c07.png,Altered,767 ms,pointy_nose,-0.4464762457265521,0.19241675734519958,0.2824499309062958,0.3163130581378937
4793,3df5ada9-e489-432d-85c8-dc1195b38cf2.png,Altered,783 ms,pointy_nose,-0.4308104326338964,0.19241301715373993,0.28229278326034546,0.3162188231945038
4793,f733ecc2-9ff4-4b70-b608-6986805de915.png,Altered,762 ms,pointy_nose,0.9855098345027558,0.1917608231306076,0.26473718881607056,0.30684518814086914
4793,97d196d3-2cd1-46a0-a1d5-54b192963f1f.png,Original,2430 ms,Original,0,0,0,0
4793,11b8ead8-ae0c-43d7-abf1-baf6f72d4d8b.png,Altered,1133 ms,chubby,-0.733629268069701,0.1911897510290146,0.2679455280303955,0.31187957525253296
4793,7c7a9896-7c71-4b3a-a4b8-543f83a7f9b7.png,Altered,788 ms,bags_under_eyes,-0.13792000234335422,0.19185565412044525,0.2756897211074829,0.3135955333709717
4793,6abd0208-92ed-474f-8442-f883333d45e2.png,Altered,965 ms,chubby,0.4902312923388574,0.19284889101982117,0.28288429975509644,0.31333211064338684
4793,cfe12d1f-2df0-49c1-8cd9-e8ee03e1f86a.png,Altered,862 ms,pointy_nose,0.9142701417863843,0.19174520671367645,0.26549455523490906,0.30725085735321045
4793,52b2e5dd-d3f7-495c-92f8-3054661525c3.png,Altered,791 ms,smiling,-0.8778471511444912,0.19334165751934052,0.28954681754112244,0.31133028864860535
4922,6bdcf7aa-ebfb-47e8-9a87-3236b0d50c9a.png,Original,2883 ms,pointy_nose,-0.07581495771015767,0.17485228180885315,0.1214396208524704,0.48330941796302795
4922,17d9b67b-b4ae-4448-b72d-b73aef42c64a.png,Original,1743 ms,narrow_eyes,0.5752828366554472,0.1745760142803192,0.12082897126674652,0.4839729964733124
4922,865311a0-caf3-4a68-ac0d-b643f83a6e95.png,Original,1515 ms,pointy_nose,-0.8336210945619711,0.17447486519813538,0.12095426023006439,0.490861713886261
4922,e8aba64e-c55e-45d6-a489-18d538c6303e.png,Original,1495 ms,age,0.2541629034108366,0.17433258891105652,0.1202809065580368,0.4831430912017822
4922,0e8c9d50-2cbf-471b-9556-e8cc4a877586.png,Original,1131 ms,narrow_eyes,-0.3323140860263236,0.17495064437389374,0.12209823727607727,0.4820663034915924
4922,28c2e749-10c9-4bee-adab-aa85240a2505.png,Original,985 ms,pointy_nose,-0.959495959654723,0.17461338639259338,0.12093214690685272,0.49206212162971497
4922,97071dff-d160-4f70-9d14-cd9de15cea78.png,Original,972 ms,narrow_eyes,-0.7801199059703132,0.17432628571987152,0.12300439924001694,0.48165303468704224
4922,14ae5187-0126-4f8c-825b-a55ff31c2c1c.png,Original,760 ms,chubby,-0.15226365672786835,0.17463169991970062,0.12194815278053284,0.48113924264907837
4922,94683454-29ff-44d0-a73c-f1fad151e633.png,Altered,1097 ms,Original,0,0,0,0
4922,5b11dc20-92d5-4fc4-9d2f-645f014befd3.png,Altered,1369 ms,pointy_nose,-0.09641899515799945,0.17491737008094788,0.12139295786619186,0.4835076332092285
4922,44248788-7f19-4f10-abb5-ba734a9cad5d.png,Altered,783 ms,chubby,0.31279098647125747,0.17465302348136902,0.12070296704769135,0.4855533838272095
4922,10f46d08-1642-4671-b739-5d82469fbe97.png,Altered,557 ms,age,0.8435073663070531,0.1740390956401825,0.11721982806921005,0.4850850999355316
4922,554280c3-aa9c-462a-9120-0c95a52454c9.png,Altered,541 ms,smiling,-0.8731456812071388,0.1748424619436264,0.12484782934188843,0.48238468170166016
4922,c6f28d66-e54e-4c63-a244-c323fe1c6bea.png,Original,829 ms,Original,0,0,0,0
4922,b2d2fc75-542f-4735-93a7-6edbdcaf097c.png,Altered,729 ms,smiling,-0.028912444304360685,0.17495398223400116,0.12166255712509155,0.4825751781463623
4922,1f1a9576-2769-4ab6-a34f-28ecdc34241c.png,Original,793 ms,Original,0,0,0,0
4922,45601a11-2842-479b-821a-6d6cea8b3af3.png,Altered,617 ms,chubby,-0.6861319945156013,0.17464183270931244,0.12362919747829437,0.47686806321144104
4922,53a36357-a625-4d80-86ec-592e01778b87.png,Altered,546 ms,bags_under_eyes,-0.1967087052630052,0.17463895678520203,0.1217753142118454,0.4824329614639282
4922,c35f352c-b213-4e30-a493-746ca71bfbfd.png,Altered,556 ms,age,-0.11959848764454217,0.17492777109146118,0.1221085786819458,0.4822799563407898
4922,3e34d2ef-ab26-49b4-be84-7bee17db6b0c.png,Altered,703 ms,smiling,0.08900530450593913,0.17456239461898804,0.12119147181510925,0.48256921768188477
4922,27b44dc0-cca9-4aec-a65d-803d91c475db.png,Altered,711 ms,bags_under_eyes,0.48803640087662026,0.17495720088481903,0.1211252212524414,0.48306894302368164
4922,2dfe2191-5215-46d4-b792-f75333d168e0.png,Original,1798 ms,Original,0,0,0,0
4922,ed10cb74-c437-4e90-a9ed-8b5247d2a87d.png,Altered,698 ms,pointy_nose,-0.13866414746544575,0.17492809891700745,0.12135845422744751,0.48396188020706177
4922,1540f02d-c191-49c8-886c-f1e8a1308dc6.png,Altered,768 ms,smiling,0.8913981500323349,0.17353376746177673,0.11889190971851349,0.4817168414592743
4922,024d0634-235b-4a7d-9fdd-88dd73b239b5.png,Original,763 ms,Original,0,0,0,0
4922,b53e7cc3-7757-4034-8568-874fe6767b63.png,Altered,532 ms,bags_under_eyes,-0.6794277287998944,0.17484460771083832,0.12239446491003036,0.4824286997318268
4922,e0e576a6-0f74-4252-9195-81f9b1c058e5.png,Altered,525 ms,bags_under_eyes,-0.35690739751504963,0.17483249306678772,0.12192849814891815,0.48248594999313354
4922,8f8eb170-9019-48d8-87a9-a4fe93842c85.png,Altered,506 ms,chubby,-0.8457609273765312,0.17470023036003113,0.12424953281879425,0.47559356689453125
4922,db83e9c9-eb66-43ac-a13f-56bae76ecaa9.png,Altered,486 ms,age,0.5895758915291043,0.17383050918579102,0.11850577592849731,0.4843399226665497
4922,a1d4805a-d349-44ec-918f-b2eeec6b4bde.png,Altered,492 ms,narrow_eyes,0.9513740272155098,0.17435765266418457,0.12056785821914673,0.4840613603591919
4922,3318c1eb-585e-4c07-95cf-173c22b0e3b3.png,Altered,708 ms,narrow_eyes,0.50942108288931,0.17448048293590546,0.12089066207408905,0.4838445484638214
4922,34270133-2075-4a8e-8b64-d19ef2b30e4c.png,Altered,487 ms,age,-0.24093112062377964,0.17484945058822632,0.12270998954772949,0.48195573687553406
4922,da685f32-feb0-435a-b210-0976cadc6031.png,Altered,471 ms,chubby,-0.6052113663472094,0.17464110255241394,0.123453788459301,0.47737011313438416
4922,1a061180-c7d0-44b1-a8ec-0ad53c18e068.png,Altered,437 ms,smiling,-0.34702578924923255,0.174983948469162,0.12275105714797974,0.48272812366485596
4922,2a362418-56ca-437f-9a9e-bdc3a8cbdf72.png,Altered,493 ms,bags_under_eyes,0.22631691091029693,0.17490443587303162,0.12127761542797089,0.48278090357780457
5197,438f1386-eea2-438c-bf55-9ab5612c2293.png,Altered,2530 ms,narrow_eyes,-0.8767755472738723,0.19100885093212128,0.23336496949195862,0.48053640127182007
5197,08230940-6552-49a4-8418-8d4b24b47b81.png,Altered,1222 ms,chubby,0.9517802886384827,0.19425949454307556,0.23591676354408264,0.48538938164711
5197,40986a16-e30a-4021-a34e-a2e6bb4e4d2e.png,Altered,1089 ms,narrow_eyes,-0.12048457203170959,0.191329687833786,0.2311510294675827,0.48419252038002014
5197,b838365c-d2f1-4309-ae0b-5310891b904d.png,Altered,957 ms,age,0.09490544476460916,0.19124984741210938,0.23064395785331726,0.48473694920539856
5197,21a4a53e-71c3-44ee-9562-51b9808b9279.png,Altered,1370 ms,narrow_eyes,0.3408456456599418,0.19133886694908142,0.22965610027313232,0.4862038791179657
5197,bd2dbd6c-0263-4b29-a097-ff5c4909e9be.png,Altered,932 ms,age,-0.14084305817235232,0.19112209975719452,0.23076537251472473,0.48464685678482056
5197,276db3ab-b88f-4b98-862f-1e3908971f81.png,Altered,685 ms,pointy_nose,0.8740264567350846,0.19109171628952026,0.2287270724773407,0.47917690873146057
5197,f648ef68-fb9c-4b92-a7cb-0fd4b4eb21b7.png,Altered,676 ms,bags_under_eyes,0.10144440516812492,0.191378653049469,0.2307087630033493,0.48516055941581726
5197,2e34d28a-3347-49b3-bb4a-d008367e2a3f.png,Altered,632 ms,age,0.5757369228855829,0.19122008979320526,0.23048827052116394,0.48461616039276123
5197,3aa28dab-2089-4074-badd-3c00b22feead.png,Altered,690 ms,smiling,0.5760793555029078,0.1904722899198532,0.22358021140098572,0.4868764877319336
5197,dcd3bf7f-aa81-4cca-92eb-1b557c1cea33.png,Altered,631 ms,bags_under_eyes,0.035315954351170076,0.1913089007139206,0.2306877076625824,0.48494380712509155
5197,fe2cc023-d58c-4e32-8f9a-aae62201c270.png,Original,1665 ms,Original,0,0,0,0
5197,eab2ad1d-d19d-4e54-afea-de8c2ff566a4.png,Altered,754 ms,chubby,0.5889194780757308,0.19304347038269043,0.23416362702846527,0.4844745695590973
5197,5c4bba79-a5eb-4c2f-836e-c5f0b6e79a58.png,Altered,678 ms,smiling,-0.1851655599019868,0.19172535836696625,0.2331654280424118,0.48381996154785156
5197,893a2474-3b1a-4465-9f69-453804662d91.png,Altered,669 ms,chubby,0.26947887559311434,0.1920526921749115,0.23215770721435547,0.48475775122642517
5197,7243eb2a-e983-4407-9520-c663cd7ff16c.png,Altered,528 ms,pointy_nose,-0.07554136756806362,0.1913764476776123,0.23083224892616272,0.4850828945636749
5197,11a2f8af-8a94-46bc-abbf-61aa3e5b3e80.png,Altered,1135 ms,narrow_eyes,0.23869999129462705,0.19124189019203186,0.2300044149160385,0.4858171045780182
5197,5650f4b7-5ded-4f82-bbcb-a07c8f02221b.png,Altered,715 ms,smiling,-0.3531498218060132,0.19189119338989258,0.23514103889465332,0.48305878043174744
5197,0bfbd7ab-1da9-47c2-ae6d-409f8cd41faf.png,Altered,627 ms,pointy_nose,-0.5816178955725548,0.19189944863319397,0.23238804936408997,0.48658284544944763
5197,709338d2-f780-4653-a245-da3ed886a37f.png,Altered,585 ms,chubby,-0.41819720309120223,0.19021892547607422,0.22845280170440674,0.4837353825569153
5197,fb32d8e9-82de-4349-b26c-f037a489efd2.png,Original,1275 ms,Original,0,0,0,0
5197,c4c52b6f-0e6a-41f0-90b3-4151e6218ac5.png,Altered,478 ms,Original,0,0,0,0
5197,47d5a844-67e9-4b26-a1d8-cd9bcaf05b4c.png,Altered,875 ms,chubby,-0.7701760445449783,0.18959090113639832,0.22657287120819092,0.4829252362251282
5197,743ec13b-7319-4d33-a63a-bd9d9f7b48dc.png,Original,1038 ms,Original,0,0,0,0
5197,f0468a91-a260-4693-b8da-0316ed10ff7d.png,Altered,675 ms,pointy_nose,-0.6971247964233611,0.19217368960380554,0.23279571533203125,0.4867286682128906
5197,c963877d-f183-4931-967c-822f05b3f6b5.png,Altered,686 ms,bags_under_eyes,-0.10801627074644249,0.19107632339000702,0.23067419230937958,0.4842641055583954
5197,261e4c6d-76ac-4d05-bdd3-d6898c217794.png,Altered,556 ms,pointy_nose,0.1804280169782997,0.19121406972408295,0.2302521914243698,0.4839000701904297
5197,e13ff8ea-69fb-45b0-9902-4ef49b2182e1.png,Altered,492 ms,smiling,-0.6985016979438572,0.1926524043083191,0.2394932508468628,0.4813024699687958
5197,d4efc700-d6bd-438d-9602-f109b284386c.png,Altered,488 ms,bags_under_eyes,-0.17039535013155294,0.1910330355167389,0.2306406944990158,0.4839518666267395
5197,49b0c869-1b27-4033-b59e-7145402374df.png,Altered,515 ms,narrow_eyes,0.10514613514914295,0.19109472632408142,0.2304023951292038,0.48525965213775635
5197,c3eae7d2-ac5b-42df-a651-d0fa72cce498.png,Altered,545 ms,bags_under_eyes,-0.1681219600842645,0.19104044139385223,0.23061951994895935,0.4839705526828766
5197,3abbbde0-3751-4f06-ab10-53acac42c613.png,Altered,472 ms,age,-0.7474641521348364,0.1913243979215622,0.23167991638183594,0.48311692476272583
5197,2ec2758b-d889-4e92-80e5-b84d85c84465.png,Original,856 ms,Original,0,0,0,0
5197,1b36b7e1-39b7-44b9-8f36-901c18e598e3.png,Altered,493 ms,smiling,-0.6055341255718554,0.19258776307106018,0.23829202353954315,0.4817868769168854
5197,fd4b4ce8-1420-4614-b5cb-91d57bcd17d2.png,Altered,473 ms,age,-0.40767342826768505,0.19167271256446838,0.23117443919181824,0.4842652678489685
5251,467440ea-d086-4411-8717-5cd7309a8c4e.png,Altered,2112 ms,narrow_eyes,-0.26243734913440964,0.15789994597434998,0.28434866666793823,0.48655208945274353
5251,488506c7-8796-4356-8a80-be66a8ce20c4.png,Altered,1395 ms,narrow_eyes,-0.5459239796864597,0.15810182690620422,0.2859043776988983,0.4861299395561218
5251,e798281e-13d6-4c4d-be3d-15d9d0b432cd.png,Altered,1380 ms,age,-0.04563217911775186,0.157781720161438,0.28272002935409546,0.48713672161102295
5251,92883e6c-3e35-4593-b7a3-3982f7b9a774.png,Altered,1134 ms,pointy_nose,0.7755865411666831,0.15816211700439453,0.28833824396133423,0.48026418685913086
5251,34dcf896-a311-47be-a316-68d936658632.png,Altered,1028 ms,narrow_eyes,-0.3578510243661903,0.15792010724544525,0.28484952449798584,0.4864524304866791
5251,9f3e53c8-3089-425e-84a7-d392a035c4ee.png,Original,2528 ms,Original,0,0,0,0
5251,9f599cd4-c869-49bc-9c00-376ef1a08b4a.png,Altered,2092 ms,smiling,-0.8195925152722299,0.15966564416885376,0.29356712102890015,0.48597726225852966
5251,3c933795-26c6-4a95-b8b2-cd90bff68712.png,Altered,865 ms,chubby,0.24727152002957054,0.1577979028224945,0.28285977244377136,0.4873690605163574
5251,d073b320-e308-4b7e-a502-9050d70a8610.png,Original,1628 ms,Original,0,0,0,0
5251,5453abff-8148-4fb1-b798-728a3fb9615f.png,Altered,1274 ms,bags_under_eyes,-0.3371531712370677,0.15759101510047913,0.28321853280067444,0.4866180419921875
5251,f0cd1297-393f-4281-9852-7312994b94d9.png,Altered,1187 ms,bags_under_eyes,-0.5322067528131429,0.1576777994632721,0.28332290053367615,0.4862288236618042
5251,f0b06be4-97a0-4585-b75f-2b7dd0593101.png,Altered,930 ms,chubby,-0.804719961222397,0.15671704709529877,0.28402552008628845,0.48339056968688965
5251,715cbd3b-1670-4067-9940-6eac67827a25.png,Altered,917 ms,smiling,-0.7245259002814888,0.15930166840553284,0.2923700213432312,0.4860748052597046
5251,49ca5073-f4e0-4606-962e-54f4f6e70c3e.png,Altered,886 ms,age,0.70855808868921,0.15767328441143036,0.2851787209510803,0.48339101672172546
5251,f01239ad-7972-4d44-809b-b38c362ee809.png,Altered,844 ms,chubby,-0.9746319949206206,0.15679290890693665,0.2844127118587494,0.4821754992008209
5251,d483537b-4f17-4fec-8102-04cc53a66a38.png,Altered,857 ms,bags_under_eyes,0.12883073730604977,0.15758058428764343,0.2827867865562439,0.4869007468223572
5251,98da1e6c-5e35-44e5-b185-28a970e54514.png,Altered,904 ms,pointy_nose,-0.34166733172205954,0.15746834874153137,0.2808432877063751,0.4889971911907196
5251,ea5768ee-e4b8-4d47-a036-c6294f83937c.png,Altered,822 ms,age,-0.15107024834554172,0.15772061049938202,0.282382607460022,0.48757174611091614
5251,c15c6d2d-bda4-456a-9eb3-3010f1c9be7a.png,Altered,837 ms,narrow_eyes,0.6882020646707498,0.15712930262088776,0.27911198139190674,0.48708581924438477
5251,ed077df1-abc4-4027-a57f-211df1fde8c9.png,Original,1711 ms,Original,0,0,0,0
5251,1dd8e8da-4587-41fb-baa6-6707582ca92d.png,Altered,940 ms,smiling,-0.6979331724654754,0.1592426598072052,0.2919841408729553,0.48607540130615234
5251,22af383e-7db4-4a57-8634-e902f19d07bb.png,Altered,989 ms,pointy_nose,-0.12181035123187978,0.15752696990966797,0.28210771083831787,0.4876895844936371
5251,0f0511c5-962b-4ae8-b400-ba5b66a643c8.png,Altered,860 ms,pointy_nose,0.8773757480987328,0.1580372005701065,0.2892206609249115,0.47917982935905457
5251,6a74347f-00a3-4e7e-8cea-c414bc1717bd.png,Altered,806 ms,narrow_eyes,-0.02939893415753403,0.15775811672210693,0.2830963730812073,0.4868299067020416
5251,57c52618-39bd-4742-9cce-c61c555a5749.png,Altered,730 ms,smiling,-0.05456817126931224,0.15786948800086975,0.28360992670059204,0.4867900609970093
5251,295fda11-22d2-46b2-836c-a2db5af49a0f.png,Altered,800 ms,bags_under_eyes,0.55975879172801,0.1575799584388733,0.2826077342033386,0.4868178963661194
5251,5d2554bd-4546-431a-ac0d-cdfe7054a1ba.png,Altered,909 ms,age,0.133274419275502,0.15761029720306396,0.28336256742477417,0.48613306879997253
5251,4c2a188e-139b-4f88-925a-d018f278928f.png,Altered,726 ms,bags_under_eyes,0.48245052185110615,0.15761873126029968,0.282645046710968,0.48682305216789246
5251,7dedd7d3-e0d5-47b5-ba1b-1f642d0f6a74.png,Altered,1557 ms,chubby,-0.20281189403524102,0.15745192766189575,0.28306421637535095,0.4863297641277313
5251,7a514b9c-3f88-4fde-a3ff-7cc0feb619b3.png,Original,1551 ms,Original,0,0,0,0
5251,e69dc75a-a3af-4470-8215-06fa8cc5f99f.png,Altered,784 ms,chubby,-0.883007959497563,0.15666866302490234,0.284013956785202,0.4828508198261261
5251,2d1abd2e-5dee-4faa-8830-ce7ea0edf2af.png,Altered,812 ms,pointy_nose,0.9813938693417263,0.1580960750579834,0.29008281230926514,0.47806522250175476
5251,74f212b6-0f71-4a72-9597-edfa29f906c3.png,Altered,789 ms,smiling,-0.16928836141219405,0.15807218849658966,0.28515467047691345,0.48668673634529114
5251,e6a73563-a495-41b0-a35d-4431bf5b1177.png,Altered,748 ms,age,0.07145204089047597,0.15754282474517822,0.28316861391067505,0.4864594042301178
5251,b42831fa-1608-479b-ab46-c5ed0a672236.png,Original,1514 ms,Original,0,0,0,0
5473,0855b231-335b-4361-ae20-c5ab792e2845.png,Altered,1390 ms,bags_under_eyes,0.24839892618917925,0.16052904725074768,0.131880521774292,0.5452053546905518
5473,ccb1d2c7-ba92-4df3-a19e-9e3a09f695fb.png,Altered,610 ms,smiling,-0.09898216599563336,0.16023018956184387,0.13173386454582214,0.545619547367096
5473,ba4234a0-0259-4b4f-b5d2-031f6715fc52.png,Altered,864 ms,chubby,-0.40034464423511595,0.1597263216972351,0.12920168042182922,0.5489612817764282
5473,f8249089-8cbb-4720-b9a6-311bf7c5a0b8.png,Altered,742 ms,narrow_eyes,-0.13426130391913826,0.16033779084682465,0.13104018568992615,0.5460085272789001
5473,beb01707-051f-4122-acc6-39e0bcda347d.png,Altered,614 ms,pointy_nose,-0.23870027310634323,0.16038022935390472,0.13398316502571106,0.5436670184135437
5473,a5308126-77d5-4229-b985-e5d671df2729.png,Altered,709 ms,chubby,0.44466506638064573,0.16121739149093628,0.13483396172523499,0.5408921837806702
5473,0a00e99d-33d4-44dd-8c6c-c5c636970651.png,Altered,716 ms,smiling,-0.1517885269850996,0.16039107739925385,0.1317925751209259,0.5455301403999329
5473,04c9b000-91cb-49dd-9eda-580a66472bf0.png,Original,964 ms,Original,0,0,0,0
5473,f09b4b45-c6bc-4c42-a119-7d1d6a375b60.png,Original,584 ms,Original,0,0,0,0
5473,6c3b07f3-eb9d-45ce-b080-b4acfe54a273.png,Altered,1115 ms,pointy_nose,0.4466237161026043,0.1601705104112625,0.1274186074733734,0.5488709807395935
5473,17713eb5-a99f-481b-ac28-db757d770ea0.png,Original,940 ms,Original,0,0,0,0
5473,e0b89396-a9aa-44ce-9d81-7f28af13228b.png,Altered,1565 ms,pointy_nose,0.7795571096813856,0.15972983837127686,0.12457700818777084,0.5506752133369446
5473,deb1d975-cf12-4be8-a903-7a11ad23d524.png,Altered,750 ms,narrow_eyes,-0.22731966388821712,0.16016966104507446,0.13064241409301758,0.5463001728057861
5473,a8bef164-6b48-4cbf-b52a-5773427619cb.png,Altered,910 ms,smiling,-0.5698676590924092,0.16041919589042664,0.13264267146587372,0.544547438621521
5473,498b7e91-265f-41f2-8c6a-9acbd7ebb175.png,Altered,709 ms,narrow_eyes,-0.7080591492095345,0.1601857841014862,0.12875781953334808,0.5468736290931702
5473,3a443cc5-34fd-4aeb-a1ee-451e7915b28c.png,Altered,542 ms,age,-0.5928787053656857,0.1600559502840042,0.13162575662136078,0.5479304790496826
5473,276b7a4f-3df5-4dda-b236-82ebb45ca1fd.png,Altered,521 ms,chubby,-0.01266195046354368,0.16019083559513092,0.13148991763591766,0.5458124279975891
5473,58fcb543-a81b-451d-80cb-02f197b1a04e.png,Altered,544 ms,bags_under_eyes,0.0807011468088954,0.16022729873657227,0.13168567419052124,0.5455793142318726
5473,b8fe169b-244e-4296-bfd1-e69864d363fd.png,Altered,518 ms,age,-0.8002059767378862,0.16007308661937714,0.13163810968399048,0.5486834645271301
5473,8da23f44-cab2-4e6a-8b90-972cb6bb369e.png,Altered,440 ms,smiling,0.08907816631535481,0.16017863154411316,0.13150113821029663,0.5457261204719543
5473,6ec65025-bf75-422c-8b29-9485511e00ba.png,Altered,472 ms,narrow_eyes,-0.6600484088497456,0.16011182963848114,0.12895208597183228,0.5468707084655762
5473,6c591362-6b8a-4363-9a0a-65f390d25687.png,Altered,527 ms,age,0.6027263120993214,0.16060666739940643,0.13146546483039856,0.5436832308769226
5473,eff1a80c-a34d-446f-bede-6735e1842d5b.png,Altered,514 ms,pointy_nose,-0.545534835084124,0.16092737019062042,0.13712117075920105,0.5408142805099487
5473,11f6cf4c-867a-4185-a932-4ab0e5f2cef2.png,Original,831 ms,Original,0,0,0,0
5473,d08ba8f0-2c77-42e2-ab3f-e4ff7106a375.png,Altered,873 ms,bags_under_eyes,-0.25945259643952867,0.16025617718696594,0.13130947947502136,0.5460989475250244
5473,896f8925-bbc6-4f14-8a43-ed13668e43d5.png,Altered,591 ms,age,0.5230576325804974,0.1605111062526703,0.13149815797805786,0.543902575969696
5473,71f9f944-ea1d-4d55-b0f9-de1562b430ac.png,Altered,647 ms,narrow_eyes,-0.11439462309290827,0.16031193733215332,0.13111448287963867,0.5459815859794617
5473,f20528ae-8dc1-470e-8407-5e8e206b3501.png,Altered,677 ms,smiling,0.9802169379622228,0.16027936339378357,0.13054947555065155,0.5458205938339233
5473,3491f1fb-5f06-44de-b171-e6299b5aaf5d.png,Altered,540 ms,pointy_nose,-0.39088589426333575,0.16044753789901733,0.13545915484428406,0.5423204302787781
5473,5df9a6ab-d430-444f-b7fa-94c788428a85.png,Altered,545 ms,bags_under_eyes,0.9615639527809634,0.1609744131565094,0.13297399878501892,0.5438828468322754
5473,090c95a9-5d6c-45f7-a5a7-2814ee2f441f.png,Original,825 ms,Original,0,0,0,0
5473,33e9d4dc-3627-4e37-8d19-6d3e3bab2db9.png,Altered,921 ms,bags_under_eyes,-0.2567397875488191,0.1602560579776764,0.1313190758228302,0.5460987687110901
5473,cfd2d0f1-b896-40d4-bd26-fa7b2ed9fed5.png,Altered,604 ms,chubby,0.5668926012348268,0.16139566898345947,0.1358538568019867,0.5395146608352661
5473,3489c899-fc67-407e-93ca-b22d45c6249c.png,Altered,632 ms,chubby,-0.8699892025641569,0.1588776707649231,0.1267998069524765,0.5520904660224915
5473,a4a08640-6779-4204-98bc-eba6113b1fcb.png,Altered,603 ms,age,-0.20596980152116107,0.16020220518112183,0.13160577416419983,0.5464648008346558
5537,98ec4afa-3bdc-42a1-b9de-324d0902e801.png,Altered,1524 ms,chubby,-0.011045689244156165,0.18757222592830658,0.17704898118972778,0.39725062251091003
5537,d0a88d79-67ae-42ce-96d5-7d96f1d428ba.png,Altered,985 ms,narrow_eyes,-0.15244498258404238,0.18747109174728394,0.17632505297660828,0.39787930250167847
5537,97d24d8f-11b0-430a-ace4-6f67630d4e28.png,Altered,1313 ms,narrow_eyes,-0.4708815155493926,0.18708598613739014,0.1746816635131836,0.3989781439304352
5537,67511780-4c3b-41e5-883e-c404475c834a.png,Altered,1255 ms,narrow_eyes,-0.25143751353829114,0.18716952204704285,0.17581382393836975,0.3982571065425873
5537,f51fffd1-5e48-470b-a67f-d92d929e7c15.png,Altered,1327 ms,Original,0,0,0,0
5537,bc6b52d2-262f-4b23-bf6b-ed1d247e14eb.png,Altered,1175 ms,pointy_nose,-0.09440736860653387,0.18773165345191956,0.1783890724182129,0.39738237857818604
5537,1ec18e4c-49ad-43c1-8c1f-9550070fd7eb.png,Altered,1036 ms,age,0.7692892052462503,0.18709401786327362,0.17326727509498596,0.3977389335632324
5537,7ea6ac31-4529-4c98-aa79-a60c0642ddcb.png,Altered,999 ms,smiling,-0.10012701835858939,0.1875525414943695,0.1775025725364685,0.3974727690219879
5537,2cf8f4ba-1350-4199-a966-4300e1794128.png,Altered,1000 ms,bags_under_eyes,0.2641815260721687,0.18760895729064941,0.17741602659225464,0.3975120782852173
5537,be942bc6-2883-4687-942f-39ec099c122f.png,Altered,945 ms,smiling,0.9992098074298503,0.18678638339042664,0.1740361899137497,0.3957018256187439
5537,2d904052-8b02-4e02-9251-1aa1a92354a1.png,Altered,1037 ms,smiling,-0.5824306768843195,0.18772397935390472,0.17931923270225525,0.39810338616371155
5537,ed0c4f7f-644a-40ae-bde2-027fbf3c81d1.png,Altered,989 ms,chubby,0.2872991488380241,0.18784081935882568,0.179072767496109,0.39821916818618774
5537,953c9f79-fd2b-4283-8f2e-f5dad153ccc2.png,Altered,999 ms,chubby,-0.2261045619650004,0.18701976537704468,0.1756681203842163,0.3967548906803131
5537,9d422f1b-aa28-4197-974b-8ff3017dc8e8.png,Altered,971 ms,age,-0.9464854775754841,0.1875883787870407,0.1823122799396515,0.395431786775589
5537,ba558822-50f9-4e9a-876b-55f7c465c5d2.png,Altered,1168 ms,pointy_nose,0.4300432625113968,0.1871119737625122,0.17192772030830383,0.3967302739620209
5537,70826e66-1ec4-45c9-80a2-a608aa2c70ce.png,Altered,931 ms,pointy_nose,0.9243856838354181,0.18649566173553467,0.16665278375148773,0.39657464623451233
5537,2c6acb43-e025-4717-82b0-100370aaeb25.png,Altered,935 ms,pointy_nose,-0.34780199055195027,0.1879751980304718,0.1818162202835083,0.39770111441612244
5537,16b29fe7-3959-4ed2-9363-2998ea538bc0.png,Altered,891 ms,age,-0.8460883035733064,0.18750730156898499,0.18176160752773285,0.3957062363624573
5537,0720c52c-4e9d-4427-be2f-be50787eb8af.png,Altered,973 ms,narrow_eyes,0.4733114675101944,0.18803244829177856,0.17980051040649414,0.3955145478248596
5537,f7b07d5f-fc15-41d2-91a4-780f6dc0e447.png,Altered,1151 ms,bags_under_eyes,0.6988782475784201,0.1879156231880188,0.17787186801433563,0.39791375398635864
5537,cc2d092c-88c9-4f8f-96db-8dabfbb306ce.png,Altered,1140 ms,chubby,-0.41566680287649516,0.18640878796577454,0.1744154542684555,0.39639079570770264
5537,d01a05ed-3e6b-46e4-8b41-b45e0655a48f.png,Altered,1314 ms,pointy_nose,-0.7650181523958204,0.18802830576896667,0.1878862828016281,0.39830151200294495
5537,74bf800b-a306-46c2-a0d1-e06d219c8372.png,Original,1683 ms,Original,0,0,0,0
5537,5a7f56eb-4e93-4063-a196-a576fa86841d.png,Altered,1013 ms,chubby,0.4500019267907269,0.18806049227714539,0.18034258484840393,0.3987940549850464
5537,466ec5d8-d71e-445e-81e0-883b0321aaab.png,Altered,874 ms,age,-0.8515113761317967,0.1875029057264328,0.18181650340557098,0.39568787813186646
5537,6e6af49d-7ef2-47f1-99e3-331f3f518d62.png,Original,1509 ms,Original,0,0,0,0
5537,12073123-9b3a-4db4-a2eb-8ca78bad5e1c.png,Altered,1123 ms,age,0.3173314596942003,0.1872570961713791,0.1754598468542099,0.3973180651664734
5537,185df2ce-0d61-4b14-9e1f-a2841fd2f4dc.png,Altered,976 ms,bags_under_eyes,-0.2660585691872561,0.1873359978199005,0.17697332799434662,0.39699113368988037
5537,386cb166-7d86-41bb-852b-904ff209ab59.png,Original,1104 ms,Original,0,0,0,0
5537,201c919d-bf05-4316-91d7-fab89d56e9ab.png,Original,1199 ms,Original,0,0,0,0
5537,27c0a810-5ee8-4961-a5a3-3ce20248aaa6.png,Altered,1081 ms,smiling,-0.3889692745485387,0.18758049607276917,0.17858825623989105,0.39796164631843567
5537,723fc5df-1025-46e8-88a5-c65d9e8e9080.png,Altered,1023 ms,bags_under_eyes,0.46545052703328005,0.1878313422203064,0.17768287658691406,0.3976478576660156
5537,5c51c329-4281-4471-bd79-089570df57e6.png,Altered,812 ms,narrow_eyes,-0.15413176146195995,0.18746644258499146,0.17632368206977844,0.3978874385356903
5537,f8925870-b202-454a-8cc9-e08fb0734973.png,Altered,884 ms,bags_under_eyes,-0.2543524258841183,0.1873302459716797,0.1769750565290451,0.39701831340789795
5537,82270dab-64f2-4e23-a06c-6c0bf53c2412.png,Altered,923 ms,smiling,0.010817445407087733,0.18752607703208923,0.1770414113998413,0.3973027467727661
5659,42f24818-e890-4cb6-9441-4614cc4f7d09.png,Altered,1678 ms,pointy_nose,0.04795791975398633,0.17792761325836182,0.20296983420848846,0.4334357976913452
5659,8e040d65-397a-45d4-9ce3-3599dc727da1.png,Altered,1211 ms,pointy_nose,0.8136190678069697,0.17846660315990448,0.2009279429912567,0.4326103627681732
5659,f2ac9154-b209-4776-bc31-f8fc98071176.png,Original,2509 ms,Original,0,0,0,0
5659,ee1f34d8-c700-470f-af9c-276399da1f4d.png,Altered,943 ms,smiling,-0.08529752512261113,0.17779605090618134,0.20327457785606384,0.4337156116962433
5659,c9b4eb82-2f84-4ce5-9ba8-3d5d0228faf4.png,Altered,1154 ms,narrow_eyes,-0.6521643524364094,0.17799799144268036,0.2015574872493744,0.43494150042533875
5659,ba700c2d-f635-401f-b348-a4aabc9593f5.png,Altered,756 ms,bags_under_eyes,-0.23019818956787907,0.17780688405036926,0.2032182216644287,0.43341317772865295
5659,f44abd50-6a7e-496b-b899-2ecfa419d892.png,Altered,846 ms,bags_under_eyes,0.8472812120969839,0.17718152701854706,0.20297454297542572,0.4336686432361603
5659,f8ba2852-422e-44b8-b1b1-d355e4dd1d12.png,Original,1213 ms,Original,0,0,0,0
5659,ba408e40-ef16-43eb-af06-6ed28c85738a.png,Altered,942 ms,age,-0.9974039448083043,0.1774996817111969,0.2106989473104477,0.4372747242450714
5659,27c0e48e-39d2-4c68-80c3-32303ba5cad4.png,Altered,1003 ms,age,0.375632907719037,0.17832672595977783,0.20046347379684448,0.4323851466178894
5659,fb1ab45a-e0f9-4730-9dd2-9d0fd020e008.png,Altered,955 ms,chubby,0.49024383325768506,0.17772728204727173,0.20064811408519745,0.43281275033950806
5659,14ebad8d-4cb3-41dc-93f5-398127863884.png,Altered,1222 ms,narrow_eyes,0.8509443922778992,0.17765383422374725,0.20559623837471008,0.4314364194869995
5659,6f3a478c-b778-4824-b230-792660f14fd2.png,Altered,814 ms,chubby,-0.4690674877590193,0.17783360183238983,0.20576664805412292,0.4341363310813904
5659,e960c15f-9d2e-4c89-bf4a-fe82bf1b2491.png,Altered,637 ms,smiling,-0.8990052736276661,0.17806598544120789,0.20438972115516663,0.43592458963394165
5659,d71f5fed-aeee-4d5e-9894-c414ded2c730.png,Altered,1008 ms,pointy_nose,-0.20868726902237422,0.17788711190223694,0.20403897762298584,0.43368661403656006
5659,0a399529-0566-478c-9a18-1fe75961924c.png,Altered,855 ms,chubby,0.13377809123144968,0.17810356616973877,0.20250539481639862,0.4332507848739624
5659,baddf53c-4ad6-45a7-9727-a777c613009b.png,Altered,886 ms,chubby,-0.513238309002187,0.17777451872825623,0.20596203207969666,0.4341820180416107
5659,9a79021a-905a-4db7-b4e5-022472b2d8cd.png,Altered,1761 ms,bags_under_eyes,-0.7228595854846256,0.17809581756591797,0.2034214437007904,0.4333266615867615
5659,17d9e4da-7516-4468-978e-71f37f93e3e5.png,Altered,518 ms,age,0.9342308487530464,0.17894670367240906,0.1974087953567505,0.43062934279441833
5659,41dfd2a2-232d-44b5-b755-4c40981dcacf.png,Altered,1942 ms,narrow_eyes,-0.7690355687269683,0.17817255854606628,0.20131109654903412,0.4351440966129303
5659,c6aba4bd-ac5c-4d4f-a8da-d8dc8f6bc750.png,Altered,746 ms,chubby,-0.8116923188374063,0.17799124121665955,0.20772740244865417,0.4343409836292267
5659,bf713717-faa7-4a26-8141-cf418d6f0ac5.png,Altered,619 ms,smiling,-0.7606046994819775,0.17809835076332092,0.20410564541816711,0.4355369210243225
5659,85800079-73fe-4d4f-899d-12f9650bbb1d.png,Altered,710 ms,narrow_eyes,0.8507715854438571,0.1776505410671234,0.20559446513652802,0.4314334988594055
5659,b2b940db-950b-47cd-9037-3c11780ecccf.png,Original,1249 ms,Original,0,0,0,0
5659,d6255179-3d54-4033-9650-9cb4078c9616.png,Altered,1330 ms,bags_under_eyes,0.48311075281751537,0.177594393491745,0.2029513567686081,0.4336639642715454
5659,96bb77b5-014a-43cf-8ac1-3c68eb32a403.png,Original,899 ms,Original,0,0,0,0
5659,391d2efa-58d1-4d77-a409-286075eb53a2.png,Altered,680 ms,smiling,0.2672984637338245,0.17763376235961914,0.20281532406806946,0.43293333053588867
5659,f2db573b-703e-483c-ae4b-e76d4e9bd27c.png,Altered,974 ms,age,-0.78603180954481,0.17747358977794647,0.20906460285186768,0.4364522695541382
5659,a7fd3e30-f83d-44e5-bea6-52a8cad24c42.png,Altered,703 ms,smiling,-0.4120138861782152,0.17793802917003632,0.2036905288696289,0.43462347984313965
5659,bfd034ad-b28a-4b44-9d43-6ca0d82414e8.png,Altered,1069 ms,pointy_nose,-0.17555297043207152,0.1778777539730072,0.2039376199245453,0.433624267578125
5659,9ba66d44-b11f-4ec6-9520-f12345207f26.png,Altered,613 ms,pointy_nose,-0.05529497929627003,0.1778675764799118,0.20343130826950073,0.4335107207298279
5659,ac53c2dc-a753-40f8-bc9b-6ddef0e3c7e3.png,Original,826 ms,Original,0,0,0,0
5659,c6dca13b-a65f-4ee7-9d1d-44cd4790bf7c.png,Altered,831 ms,age,-0.04466066610198882,0.17785543203353882,0.20355594158172607,0.4336037337779999
5659,273dd625-f578-4fb2-8330-0880fbda0694.png,Altered,729 ms,narrow_eyes,0.3378766176745396,0.17764398455619812,0.2041262835264206,0.43269193172454834
5659,3eab7acd-a88c-40b8-9abb-e698a556c518.png,Altered,987 ms,bags_under_eyes,0.19258114554761607,0.17788514494895935,0.20307743549346924,0.43354830145835876
5669,1663f7b0-6208-43d8-99db-0d3fa3ad9b51.png,Original,2631 ms,Original,0,0,0,0
5669,70e1290a-dffc-4251-8146-f0f253525b88.png,Altered,1292 ms,pointy_nose,-0.21642183637704648,0.11832833290100098,0.0873320922255516,0.6507053375244141
5669,4e9e408e-354e-46f5-955d-07774bccb5be.png,Altered,1136 ms,pointy_nose,-0.0390964135183709,0.11815758049488068,0.08665037155151367,0.6505872011184692
5669,a23b07a1-ab00-43d7-8017-eeb9fa0792b9.png,Altered,953 ms,narrow_eyes,0.4976637772086481,0.11863967776298523,0.08772903680801392,0.6502190232276917
5669,bce5ed9a-fefe-4d7e-8de3-769efd7c0cf8.png,Altered,1039 ms,narrow_eyes,-0.2837783808784533,0.11815951764583588,0.08585356920957565,0.6503072381019592
5669,8d77da38-ba27-4533-a5b1-e4e87ab10297.png,Altered,734 ms,smiling,-0.5390697118142007,0.11844849586486816,0.08657895028591156,0.6501645445823669
5669,5c228b88-78cd-4a84-8a3c-5130f38f83f2.png,Altered,641 ms,pointy_nose,0.5018981001970928,0.11831774562597275,0.08482183516025543,0.649551510810852
5669,d869c0e1-cc17-4351-b1ac-a3c7aa075024.png,Altered,568 ms,smiling,-0.20081065967691836,0.11834254860877991,0.08646827936172485,0.6504030227661133
5669,88e44016-ef5d-4af2-ac52-aa94601c9f75.png,Altered,486 ms,chubby,-0.15411919758795056,0.11837713420391083,0.08655034005641937,0.6498627066612244
5669,a16b69a3-4970-4e63-9cf9-aaf8f3121b1e.png,Altered,434 ms,Original,0,0,0,0
5669,1985cba2-aa4b-4ec9-ba85-e4e87901f3c6.png,Altered,1232 ms,chubby,0.25577923711185924,0.11841263622045517,0.08637827634811401,0.6514450907707214
5669,6b8b2707-e183-461d-b82b-c29f599f9d1c.png,Altered,945 ms,narrow_eyes,0.3400160283030649,0.11848942935466766,0.08732645213603973,0.6504160165786743
5669,9711347f-0238-451e-bfe6-1b4c715ad703.png,Altered,685 ms,smiling,0.2883080442399797,0.11845939606428146,0.08650487661361694,0.6502851843833923
5669,9982bae9-eca7-4c09-8bd8-fa74b242bc68.png,Altered,728 ms,age,0.24121052527302655,0.11836564540863037,0.08593592047691345,0.6504676342010498
5669,caea81f2-2aca-4f7b-9d63-9e6a32c984eb.png,Altered,561 ms,chubby,0.5345017945678514,0.11842157691717148,0.08623158186674118,0.652617871761322
5669,d233d767-cbdc-49e9-883e-abe500b6f3be.png,Altered,453 ms,age,-0.42968019451414974,0.1187921017408371,0.0874914824962616,0.6500393152236938
5669,d6594871-53f1-4d5c-b1ae-d60bc332715b.png,Original,2080 ms,Original,0,0,0,0
5669,f228d8c8-065c-4416-be26-085acafe18fa.png,Altered,850 ms,chubby,0.5501463127164294,0.11840695142745972,0.08624135702848434,0.6526622772216797
5669,ea8ec3cb-dd93-4c31-b596-885c7fcc27ac.png,Altered,941 ms,pointy_nose,0.04398369915491562,0.11815829575061798,0.08626224845647812,0.650446891784668
5669,81125eee-9da5-402a-a3cd-2150d30efd0a.png,Altered,685 ms,bags_under_eyes,-0.3111720600483081,0.11848875135183334,0.08680111169815063,0.6503279209136963
5669,ea69e934-7cb4-43c3-b3bf-dfaba38ba62e.png,Altered,731 ms,age,0.20060527023949226,0.11834758520126343,0.08603741228580475,0.6505140662193298
5669,8e2a2017-1a6a-49dd-ad42-38e5c064ff1c.png,Original,1758 ms,Original,0,0,0,0
5669,3bb87245-f8a9-4468-9ea8-0a4df00d8f00.png,Altered,735 ms,bags_under_eyes,-0.7929484093654331,0.11894205212593079,0.08742731809616089,0.6496875882148743
5669,56b1d234-e2ce-492d-a9ba-b73415e62642.png,Altered,611 ms,chubby,-0.1488849639485157,0.11837279796600342,0.08655707538127899,0.6498920321464539
5669,e7ad0741-9a7e-4b27-9ac9-21a605386cc7.png,Altered,537 ms,age,0.2293446651488853,0.11834382265806198,0.08596330881118774,0.6505032181739807
5669,efdbb2c0-5467-450f-9db3-9e093e506466.png,Altered,567 ms,age,-0.13645234426107922,0.1184353232383728,0.08681803196668625,0.6503584384918213
5669,6fffa7f7-5e22-4958-aec5-e0db31a31730.png,Original,1246 ms,Original,0,0,0,0
5669,e5b15f2d-3e90-452a-90df-fda3870e1784.png,Altered,645 ms,pointy_nose,-0.28535591481096656,0.11833177506923676,0.08760365098714828,0.6507681608200073
5669,3e45fd39-5356-44b1-b261-5a1c13a84e93.png,Altered,394 ms,narrow_eyes,0.9624511003328977,0.11855396628379822,0.0890587791800499,0.6494180560112
5669,646ca3d8-0978-4b46-b096-6225b4105e2e.png,Altered,499 ms,bags_under_eyes,0.26443334972522536,0.11826692521572113,0.08623717725276947,0.650391697883606
5669,c197ecb9-cdfd-4335-91b8-a86b76eb2ad6.png,Altered,936 ms,bags_under_eyes,0.8521784360416267,0.11814181506633759,0.08592811226844788,0.6493679285049438
5669,83e1cc2d-f20b-4c69-91f3-2c67e560c3be.png,Altered,840 ms,narrow_eyes,-0.37725094869728526,0.1181645393371582,0.08567359298467636,0.650244414806366
5669,c9108154-c906-4967-bb9a-e5fc55e46711.png,Altered,776 ms,smiling,0.39817622308596134,0.11845538020133972,0.08655320852994919,0.6500511169433594
5669,03aad10c-571a-4904-87eb-c72a731274fd.png,Altered,772 ms,bags_under_eyes,0.13540985327260646,0.11825793981552124,0.08636246621608734,0.6504507064819336
5669,f4fd8a38-baf5-4660-b11c-77204a12d28e.png,Altered,733 ms,smiling,-0.6703729071550277,0.11851413547992706,0.08656972646713257,0.6500864624977112
6029,6c0dbb56-32a9-4349-95fa-64dbfc869114.png,Altered,2651 ms,narrow_eyes,-0.9462194548647358,0.1604520082473755,0.0699366107583046,0.49176299571990967
6029,e9a66c30-7307-40a6-a81a-7909219dd227.png,Altered,1411 ms,age,0.2531479943089656,0.15923373401165009,0.06869934499263763,0.4914886951446533
6029,3df72d6c-3d2e-4373-b9b7-a742493b39da.png,Altered,683 ms,pointy_nose,0.24841074516424544,0.15981155633926392,0.06855762004852295,0.49042949080467224
6029,fb505d1d-89f1-42e3-8b1b-687f38c86d00.png,Original,2020 ms,Original,0,0,0,0
6029,4be1f63b-5377-4ef9-a701-1996113e39af.png,Altered,1086 ms,pointy_nose,-0.616524626490724,0.15988121926784515,0.07207676768302917,0.4930325448513031
6029,4d8d5abd-e355-404c-bdab-4a8c31d9fd7e.png,Original,1160 ms,Original,0,0,0,0
6029,d38bf6d7-db8d-4f4f-8d01-060e2aeb7e7a.png,Altered,700 ms,age,0.5034644680565521,0.15866447985172272,0.0682622417807579,0.49171122908592224
6029,84c9b6ec-6e04-4ac2-a44b-1e4710b1fb49.png,Altered,532 ms,pointy_nose,0.22821313557421496,0.1598423570394516,0.06862040609121323,0.4904971718788147
6029,828e1241-2ffe-4c67-bf94-c4efda910aec.png,Altered,559 ms,bags_under_eyes,-0.10479487568660395,0.15973560512065887,0.06909512728452682,0.4915226399898529
6029,61f1df29-dfd7-44c5-9a14-a0dcc57e47f6.png,Altered,486 ms,chubby,0.967387194337874,0.15941302478313446,0.07095073163509369,0.4935367703437805
6029,b5f9ef11-228d-438d-a2ff-24e116c0f0bb.png,Altered,603 ms,narrow_eyes,-0.41711568785034614,0.1601756513118744,0.06946341693401337,0.4913226366043091
6029,1cb61388-271d-478a-adbc-a1cc1aa9f70c.png,Altered,619 ms,bags_under_eyes,-0.5514068090654636,0.1596788465976715,0.06875864416360855,0.49210065603256226
6029,2b4f26e4-54f2-470f-8ff3-4cd70fcb7cc0.png,Altered,526 ms,pointy_nose,0.6931217920937924,0.15991613268852234,0.06815364956855774,0.48838871717453003
6029,2152ac4f-3430-435a-9260-b904e8e84c09.png,Altered,544 ms,age,-0.4092576514619568,0.16016362607479095,0.070334792137146,0.4911836087703705
6029,467ecc28-35fa-4783-a006-82a7f9a64ce8.png,Original,902 ms,Original,0,0,0,0
6029,257d9b96-37a7-40c9-a26f-0c04c4959a08.png,Altered,853 ms,chubby,-0.7914958364893485,0.15939831733703613,0.06910521537065506,0.4904967248439789
6029,28da0529-7a2a-4ac8-9013-671773dfd412.png,Altered,503 ms,narrow_eyes,-0.7718789138923958,0.16044636070728302,0.06974808871746063,0.49168509244918823
6029,72bd6a4a-07b3-49ef-82c9-f537ebc0af66.png,Altered,490 ms,smiling,-0.96152617064891,0.1613549292087555,0.07434713840484619,0.48676538467407227
6029,14735467-20af-405a-961d-0de8005bedb5.png,Altered,464 ms,narrow_eyes,-0.551614229082295,0.16036072373390198,0.06955045461654663,0.4914554953575134
6029,301b055e-5ed3-40cb-9608-4a8999052d3d.png,Altered,525 ms,smiling,0.45266109413049027,0.1589471697807312,0.06727858632802963,0.49341779947280884
6029,eba0b353-c93b-4967-a06d-c65cda3f650d.png,Altered,473 ms,age,-0.015124478664121144,0.15974894165992737,0.0692714974284172,0.4913485646247864
6029,39afe867-7936-4df3-ab90-6cb8a07745ce.png,Altered,500 ms,smiling,0.772997202669915,0.15771101415157318,0.06605002284049988,0.49562692642211914
6029,e9f844bd-6839-43be-9a2c-930a8c2d51ec.png,Altered,449 ms,bags_under_eyes,0.9249148790483457,0.15936850011348724,0.07065404951572418,0.4914270341396332
6029,8ba9807f-b4df-414c-9af2-5987cebfa6f3.png,Altered,560 ms,bags_under_eyes,-0.27974441242010695,0.15964610874652863,0.06895369291305542,0.49171409010887146
6029,6572b7fc-2952-4f53-96f8-08bc23691b70.png,Original,897 ms,Original,0,0,0,0
6029,8eb13843-31d0-4af5-9ea4-b75345701185.png,Altered,594 ms,bags_under_eyes,-0.9766980074973939,0.1595766842365265,0.06854965537786484,0.49328669905662537
6029,024e3d63-6412-44fa-a8f5-307d8670477b.png,Altered,1794 ms,smiling,0.11886536439233497,0.15932948887348175,0.06867099553346634,0.49180886149406433
6029,b5019a6b-2903-4fa2-83b2-883a1736fbef.png,Altered,585 ms,chubby,0.5979608860211318,0.15925559401512146,0.0700978934764862,0.4929742217063904
6029,1a1e95bd-d55e-4a44-99b8-8e61b8cf727c.png,Original,858 ms,Original,0,0,0,0
6029,d0586cf2-0bb8-408d-ba00-79d4333e3b1b.png,Altered,658 ms,narrow_eyes,0.2168508245242795,0.1593908816576004,0.06917279213666916,0.4915240406990051
6029,599ad06e-9d3d-4b09-9fbd-ae6f89576a16.png,Altered,539 ms,smiling,-0.40445814095224963,0.1605718433856964,0.07120918482542038,0.489554226398468
6029,68a1f956-3ff1-4799-85e0-dd46bdb46c4f.png,Altered,472 ms,age,0.49516317394299625,0.1586613655090332,0.06827379763126373,0.4917140007019043
6029,57d9fbd4-aa9d-469a-b1b6-20a7e3848f38.png,Altered,545 ms,pointy_nose,0.868258499713924,0.15995678305625916,0.068259097635746,0.48764610290527344
6029,780b3d89-b37d-43a4-838a-503d35d6f39b.png,Altered,515 ms,chubby,-0.12910365006441937,0.1597050130367279,0.0691215917468071,0.4911075234413147
6029,b49c721f-1704-4702-a25c-b9b296967346.png,Altered,498 ms,chubby,-0.6243216300393146,0.15968942642211914,0.06904534995555878,0.4904497265815735
6518,a5b249bd-059b-4302-ac85-3938c7868544.png,Original,3998 ms,Original,0,0,0,0
6518,093f50a9-a33d-40bd-80b2-573f245abdca.png,Altered,1346 ms,narrow_eyes,0.9601311629935843,0.17093710601329803,0.07077567279338837,0.5454521179199219
6518,536802d8-757c-437a-9a9e-860917a57900.png,Altered,986 ms,age,-0.5800919333254875,0.1717662811279297,0.07479745149612427,0.5364570021629333
6518,56355d9a-e310-48d7-bfee-7c254418510c.png,Altered,1004 ms,narrow_eyes,-0.8977751892316512,0.1718982458114624,0.07245329022407532,0.5367578864097595
6518,006af695-cc5c-48bb-8f28-7d9b1b7a134a.png,Altered,981 ms,smiling,0.8115039208801722,0.1702817976474762,0.06796562671661377,0.5423557758331299
6518,ae7717ca-b833-4c17-9cb5-79fbd90588d1.png,Original,1737 ms,Original,0,0,0,0
6518,d6083c87-10ae-4bbb-b156-ae086f41c464.png,Altered,1101 ms,pointy_nose,-0.6150776941637559,0.1714349240064621,0.07275291532278061,0.5481365919113159
6518,6d3fee75-078f-4974-b76a-9d81a2ceb5a6.png,Altered,836 ms,smiling,-0.05137765667889238,0.1709667295217514,0.07162433117628098,0.5409202575683594
6518,6e1ed403-efee-46ef-ae60-3c3715df9022.png,Altered,669 ms,chubby,-0.1065815637502241,0.17075753211975098,0.07161524146795273,0.5394454598426819
6518,cb99e008-d686-4af7-a29a-9d5b98d7d01f.png,Altered,891 ms,chubby,-0.947860057069156,0.17093822360038757,0.07436183840036392,0.5261914134025574
6518,7d57174f-0b1b-40bc-8afa-e107ce2144e7.png,Altered,731 ms,pointy_nose,-0.7854544268234458,0.1717749536037445,0.07330698519945145,0.5497676134109497
6518,126180d2-2a11-4ce5-bc08-ecb6db1732f6.png,Original,1333 ms,Original,0,0,0,0
6518,eca9bbd3-178e-480f-81f8-eec72aea5968.png,Altered,725 ms,bags_under_eyes,-0.8235409511319063,0.17134177684783936,0.07158780843019485,0.5354963541030884
6518,4c248df8-22d7-49a4-89e3-2dad5dc452ce.png,Altered,607 ms,chubby,-0.7351743043786882,0.17069682478904724,0.07354111969470978,0.5296016335487366
6518,2a138861-cb72-49e4-880a-9742bb0747ad.png,Altered,637 ms,narrow_eyes,0.8422956421805672,0.1709943413734436,0.0708516463637352,0.544883668422699
6518,bac6626b-1d36-4777-a84a-e779e9f60a16.png,Altered,1019 ms,smiling,-0.22669299604894055,0.17176973819732666,0.07241960614919662,0.5408369898796082
6518,7a1223bb-54e5-4a03-bfe7-754ed5c7a9bf.png,Altered,718 ms,bags_under_eyes,-0.29707694049748445,0.17132681608200073,0.07137846946716309,0.5391224026679993
6518,56617655-bc85-4359-bca4-ec5085fabc50.png,Altered,733 ms,smiling,0.7232148222638308,0.17041635513305664,0.06839212775230408,0.5421475768089294
6518,411a6a6e-9e7f-48cc-b787-5cca2b52eab2.png,Altered,628 ms,narrow_eyes,-0.45991914343164697,0.1715242564678192,0.07184883952140808,0.5393844842910767
6518,e7b84179-e4df-425a-8f14-6414a1cd35ec.png,Altered,689 ms,smiling,-0.06165456185253615,0.1709754467010498,0.07164090126752853,0.5409067869186401
6518,fe792db7-e82e-4a8e-b8d7-5523bd1f7be7.png,Altered,632 ms,age,-0.13883951515882798,0.1711147427558899,0.072222501039505,0.5397550463676453
6518,b94c871f-41e7-4d9c-ab18-72ae1c68440f.png,Altered,657 ms,pointy_nose,-0.22782517763142063,0.17112627625465393,0.07182417809963226,0.5437516570091248
6518,48946d32-a1f0-49c4-a381-4142521b119e.png,Altered,670 ms,pointy_nose,-0.7091890496757964,0.17162947356700897,0.0731004998087883,0.5490220785140991
6518,f3805cd3-383c-4caf-a753-b2f46cae8f5c.png,Altered,711 ms,bags_under_eyes,0.3097457758515034,0.17122599482536316,0.0714423656463623,0.542772650718689
6518,4c74fb5e-c6a1-4bb6-bda7-584eb5f6cfbb.png,Original,1130 ms,Original,0,0,0,0
6518,f95895d7-85bf-4a53-873b-b0e0dbbba62d.png,Altered,886 ms,chubby,0.9837527582676131,0.17235752940177917,0.0699201226234436,0.5526803135871887
6518,4cb6b806-2cf9-4aef-8456-b35bb7b3dc44.png,Altered,879 ms,bags_under_eyes,-0.20235329841788507,0.1710996925830841,0.07135969400405884,0.5397716760635376
6518,663bc998-2114-4361-8c0c-f52f127ea19a.png,Altered,563 ms,age,-0.034758622424015506,0.1708618402481079,0.07161325961351395,0.5406507253646851
6518,7b1c3880-09f3-4e20-bda3-34552774d54f.png,Altered,715 ms,chubby,0.696471484221237,0.17203998565673828,0.07008589804172516,0.5500975847244263
6518,f1c94549-64bc-47f1-87c1-286cf842e3af.png,Altered,695 ms,bags_under_eyes,0.10843563902734354,0.17092303931713104,0.0713997632265091,0.541549801826477
6518,b667fd43-0581-43c3-ad4d-c9b7b9016ddb.png,Altered,701 ms,age,0.7302270343457631,0.1710430234670639,0.0674891397356987,0.546763002872467
6518,bbdf12f8-83e0-40ab-83d7-e07eceb3833e.png,Altered,616 ms,pointy_nose,0.07214196326312816,0.17074856162071228,0.07124972343444824,0.5400581359863281
6518,5c3f2ce3-7b66-4708-ab5a-1358b9fa6132.png,Original,952 ms,Original,0,0,0,0
6518,34cff57f-35bd-4f9c-92fe-9293bf39414c.png,Altered,717 ms,narrow_eyes,-0.18881772182789014,0.17112985253334045,0.07153598964214325,0.5402705073356628
6518,c52432c2-b0b2-4870-8495-c6d6855a087d.png,Altered,658 ms,age,0.3877775578391742,0.1709628403186798,0.06918542832136154,0.5441789627075195
6784,6043b2c5-80fd-488c-919c-9cb71f317b9b.png,Altered,2060 ms,bags_under_eyes,0.015904908382382787,0.21823999285697937,0.3195507526397705,0.24356655776500702
6784,8b630fd9-5029-40f8-b3de-8a3810bfebcd.png,Altered,2527 ms,Original,0,0,0,0
6784,27d65664-7559-4aab-be0b-8e28197a095f.png,Altered,1069 ms,chubby,0.9384794014275342,0.2188836634159088,0.3280220329761505,0.24803219735622406
6784,fb7f859a-bdf4-4fc6-a89c-8b12adfa6ae1.png,Altered,941 ms,age,-0.7152260526526426,0.21858154237270355,0.32489559054374695,0.24054290354251862
6784,0e7e9cc8-72bb-45b6-a63f-2af7a6971428.png,Altered,639 ms,pointy_nose,0.6345893605071526,0.21885594725608826,0.3069033920764923,0.24154792726039886
6784,6f378125-d884-4cee-82af-e8cf713468e3.png,Original,1938 ms,Original,0,0,0,0
6784,18767b45-50f0-4138-a89f-9652836de7a7.png,Altered,919 ms,narrow_eyes,0.15364539769330543,0.2185516655445099,0.3207610845565796,0.2443217933177948
6784,8e2d5de3-442b-46f9-beb1-d13292151159.png,Altered,1166 ms,chubby,-0.658540707524736,0.19892339408397675,0.22242233157157898,0.3210080564022064
6784,6e38cf24-4c04-465f-9c2b-a0903169edb3.png,Altered,785 ms,smiling,-0.9446370007444422,0.19934532046318054,0.22576992213726044,0.32812851667404175
6784,4226909e-52ab-4610-9168-b8ca25bb11da.png,Altered,581 ms,bags_under_eyes,-0.6813921903246756,0.19944749772548676,0.22439926862716675,0.31906893849372864
6784,98807dff-5e21-4547-9ab0-b9d92d03ba72.png,Altered,949 ms,smiling,-0.35519817380960506,0.1992284059524536,0.22394780814647675,0.3237869441509247
6784,86ffdc64-a86b-417b-bda0-70c7113cacb7.png,Altered,774 ms,chubby,0.570717590030082,0.1997089833021164,0.2238459587097168,0.3222447633743286
6784,8ea4b088-4913-4930-8ae9-526ef7893c03.png,Original,3566 ms,Original,0,0,0,0
6784,c338958c-fc1c-4eb4-bb7c-b058ea2a15c8.png,Altered,1533 ms,bags_under_eyes,-0.656162048389608,0.1994311809539795,0.22436785697937012,0.3191227614879608
6784,f5caf078-20e3-4d5d-9102-01d8a43ba905.png,Altered,915 ms,chubby,0.6497670474419677,0.19959068298339844,0.2240086793899536,0.3223794400691986
6784,c95f7e5d-d09e-4773-a287-7fa990ce42d5.png,Original,1616 ms,Original,0,0,0,0
6784,276d5702-8beb-4d7c-8d4a-cb8f936bea28.png,Altered,745 ms,narrow_eyes,-0.21026409903222731,0.19922852516174316,0.22226226329803467,0.32196637988090515
6784,a4ad2c91-1201-464a-b0b7-4b24a2061c4e.png,Altered,1135 ms,narrow_eyes,0.47634270724211625,0.1998668611049652,0.2245505303144455,0.3199608325958252
6784,1f73cfa3-f210-435d-978d-0fe17f24fda5.png,Altered,834 ms,age,-0.08148569189956856,0.19957268238067627,0.22344693541526794,0.32207292318344116
6784,136b9ef6-d1f6-473f-8f19-54bc510ee840.png,Altered,747 ms,bags_under_eyes,-0.8617831119609822,0.19943711161613464,0.22473520040512085,0.31847530603408813
6784,2e494e6f-8c32-411d-8961-a4632a6fa467.png,Altered,886 ms,chubby,0.28459554770363704,0.19966933131217957,0.22333012521266937,0.32197657227516174
6784,b1849a43-851a-4616-81fe-7b8c56a52d3c.png,Altered,763 ms,age,0.3241592505728339,0.19902753829956055,0.22089561820030212,0.3203721046447754
6784,edbf3510-7647-49ae-a6d5-c9285bde2357.png,Altered,654 ms,narrow_eyes,-0.26446461928092013,0.19928142428398132,0.22207236289978027,0.32201188802719116
6784,9dad2e41-497e-49c8-99b1-03ffe825e47f.png,Altered,876 ms,narrow_eyes,-0.14831387593767698,0.19940292835235596,0.22248487174510956,0.3219621479511261
6784,761d9f87-149d-410e-b78f-4b5633b6530d.png,Altered,651 ms,pointy_nose,-0.9869141272715134,0.2007848024368286,0.23456451296806335,0.3277006149291992
6784,a1a95f55-ed13-433d-b79d-c456b6def885.png,Altered,619 ms,age,0.6763821691550655,0.19948804378509521,0.21863549947738647,0.31902065873146057
6784,48248471-7a19-4dbc-9d62-3855cd25a767.png,Original,1726 ms,Original,0,0,0,0
6784,ce14517f-9c4b-4167-b498-7a32ebbb965c.png,Altered,1709 ms,pointy_nose,-0.8871575696834797,0.2008366584777832,0.23328982293605804,0.3270995616912842
6784,d8ac5094-9e35-4f00-a1c1-491778ded9b8.png,Altered,777 ms,pointy_nose,0.24777584775879946,0.19920572638511658,0.22032366693019867,0.320345401763916
6784,41e03ca1-54c1-4a17-8be8-ca7df21ba30e.png,Altered,663 ms,bags_under_eyes,-0.18562650637388467,0.19955787062644958,0.22336411476135254,0.32108986377716064
6784,487579a0-b68a-4681-b549-60e719194368.png,Altered,671 ms,age,0.5169686953071089,0.19936129450798035,0.2196054458618164,0.3196786940097809
6784,b587cde6-b1db-4246-ad48-c65ee3eef813.png,Original,1547 ms,Original,0,0,0,0
6784,b56f0601-7c3e-47ff-ab8a-052d79dab13f.png,Altered,704 ms,smiling,0.900372970364042,0.20015239715576172,0.22071044147014618,0.3155401349067688
6784,c3d16c5e-b788-4b03-a160-1e6677b3007e.png,Altered,620 ms,bags_under_eyes,-0.4573248934703813,0.1992964744567871,0.22390930354595184,0.3198859393596649
6784,10cff70f-017f-42c8-a010-701f9c370223.png,Altered,729 ms,age,-0.30850556910191407,0.19940707087516785,0.2249847650527954,0.32283180952072144
6784,42bdf337-c99c-4a9c-991d-fefb3f10fd4c.png,Altered,633 ms,chubby,-0.9909137849755025,0.19912998378276825,0.2224215716123581,0.32036012411117554
6784,008e9b6e-2475-4731-a8b2-24c62bd592b1.png,Original,1397 ms,Original,0,0,0,0
6784,b50f15f4-8ec8-41f7-8f9b-19d763ad0490.png,Altered,645 ms,smiling,-0.6198505034557709,0.19931381940841675,0.2246677577495575,0.3257724642753601
6784,b7d91d8f-ce6b-4bb3-a337-14ca2e933dff.png,Altered,594 ms,narrow_eyes,-0.6145785414297862,0.19888955354690552,0.22101247310638428,0.32243186235427856
6784,3286a26c-ed65-4eab-b5c3-5c772d812c88.png,Altered,505 ms,pointy_nose,0.6943179615070292,0.1989610195159912,0.21589188277721405,0.31786999106407166
6784,48442c5f-71ba-4d97-969e-71ad65034f17.png,Altered,656 ms,pointy_nose,-0.21449523017418315,0.19984161853790283,0.22530719637870789,0.3230277895927429
6784,874e5f52-eb90-49b2-be57-4bee805c43af.png,Altered,595 ms,smiling,-0.1682754865684497,0.19947215914726257,0.2233092188835144,0.3225148320198059
6933,fecbdaff-4a60-4f75-876e-c043e50f857e.png,Altered,2656 ms,age,0.1491741427289477,0.18903279304504395,0.16510391235351562,0.34494417905807495
6933,4843f2d7-f44e-45be-8b37-3e0493c06a90.png,Altered,4429 ms,narrow_eyes,-0.05819273354350285,0.18935459852218628,0.166102796792984,0.34495800733566284
6933,de9dac9a-b4f4-48ed-8bfc-b20b5fa58d8e.png,Altered,2499 ms,smiling,0.7434604594097283,0.1887124478816986,0.16258913278579712,0.34268179535865784
6933,2563d0bf-5019-4fb5-be4c-23c04b7e69ad.png,Altered,3845 ms,narrow_eyes,0.7939464769614137,0.18894195556640625,0.16581177711486816,0.34435421228408813
6933,9e289ac4-f3cc-4cac-bf76-df2f131488e1.png,Original,1858 ms,Original,0,0,0,0
6933,c204b223-543e-48b1-8959-93946d2b90ca.png,Original,1214 ms,Original,0,0,0,0
6933,b8dc57d6-d1dc-400a-ba0d-7f382c304f11.png,Altered,1440 ms,bags_under_eyes,-0.40732495799052093,0.1890941858291626,0.16605260968208313,0.3452244699001312
6933,44d116f3-a27d-4917-a84b-47bafa4eb19e.png,Altered,1188 ms,smiling,-0.055225227814585054,0.18929967284202576,0.16637325286865234,0.3449532687664032
6933,21f2bcad-f861-46cb-9d6b-bc17ce993cce.png,Altered,1113 ms,chubby,0.214348990407923,0.1896626204252243,0.1653902381658554,0.3463370203971863
6933,1b2af77b-8242-4a34-b7fc-f1b18ff4b6a1.png,Altered,1165 ms,narrow_eyes,0.10147702925346347,0.1890246719121933,0.16600748896598816,0.34491968154907227
6933,e0c86a5e-a0de-4f7c-abb6-147ee25b3333.png,Altered,1171 ms,chubby,-0.5283966794000945,0.18890592455863953,0.16850829124450684,0.3416030704975128
6933,f2fc1cba-c285-41e0-b676-747cc6287fa7.png,Altered,1235 ms,pointy_nose,-0.2605479870198433,0.1895570158958435,0.16661351919174194,0.3466106057167053
6933,0c558221-36f1-4dd9-a0ed-2520a86966aa.png,Altered,1050 ms,age,0.7669494118989617,0.18875858187675476,0.16118817031383514,0.34511592984199524
6933,c00d1ad7-187b-4009-8f60-545e10b1b3a8.png,Altered,1960 ms,age,0.5739222184523705,0.18876568973064423,0.16229520738124847,0.3451250195503235
6933,163fac48-1238-4865-b247-b7dfff096a86.png,Altered,1067 ms,narrow_eyes,-0.18143573898308274,0.18922221660614014,0.16622298955917358,0.34483110904693604
6933,d6d3d78a-d01d-4d11-bcb1-aeb804896248.png,Altered,2674 ms,narrow_eyes,-0.23453191551652441,0.18928377330303192,0.16623473167419434,0.3448803722858429
6933,8b3df0e3-3b79-4839-9116-904983390088.png,Altered,948 ms,smiling,-0.3059063266368476,0.18974781036376953,0.16769585013389587,0.3451313376426697
6933,68ee07f2-f621-4437-b92e-e7291c586393.png,Altered,1120 ms,pointy_nose,0.1848736149671517,0.1890857070684433,0.16606929898262024,0.34379610419273376
6933,6cbf3da7-84b9-4670-8674-f919754ebafc.png,Altered,1877 ms,smiling,-0.6489612921416585,0.18976978957653046,0.16991809010505676,0.3450206518173218
6933,a25fe6aa-8b18-497d-8317-7f68f0577e74.png,Altered,979 ms,chubby,0.24656991539816508,0.18977999687194824,0.16531510651111603,0.3465316593647003
6933,a239a83f-f1d5-443c-91eb-6701cca043db.png,Altered,1584 ms,pointy_nose,0.5270269972375576,0.18962208926677704,0.16643962264060974,0.34178686141967773
6933,13d335c8-5651-46db-b175-800496684e66.png,Altered,1432 ms,bags_under_eyes,-0.05189703272732671,0.18920844793319702,0.16604642570018768,0.3449680805206299
6933,5f998aa9-edb6-4adb-b160-309869fd3265.png,Altered,995 ms,chubby,-0.6184612723081053,0.18893930315971375,0.16897401213645935,0.341266006231308
6933,0a9b7a79-1692-4f07-b271-e74269c790a0.png,Altered,1058 ms,chubby,0.3473377290350941,0.1894235908985138,0.16506370902061462,0.34727197885513306
6933,66c4971e-0cae-4c7c-a388-1e973d86cf1c.png,Altered,1040 ms,bags_under_eyes,0.049307251733885726,0.1891271471977234,0.16612458229064941,0.3449602425098419
6933,7a88eaa0-12b4-43e3-bd7e-6dccca267543.png,Original,2447 ms,Original,0,0,0,0
6933,19952a56-604e-4978-8f74-204865ad6738.png,Altered,1299 ms,age,-0.6581012526669929,0.1894156038761139,0.17122124135494232,0.34442105889320374
6933,3ae2d0ad-17a5-42d0-bfc3-7280226d9ea0.png,Original,836 ms,Original,0,0,0,0
6933,30ca286c-3627-4f10-ab35-451255782886.png,Altered,1193 ms,age,0.6239778655759982,0.18845650553703308,0.16200755536556244,0.34513410925865173
6933,3b97ae56-bc83-4467-bcfb-d43541b2b93d.png,Altered,999 ms,pointy_nose,-0.2792387216336276,0.18954747915267944,0.16665878891944885,0.34668803215026855
6933,f2690e6f-9c3e-47b7-b95d-0d9be4984948.png,Original,1239 ms,Original,0,0,0,0
6933,591ff3fb-ffa2-4264-bed9-0e2a7f54fbed.png,Altered,1092 ms,smiling,-0.0015999860645006247,0.1892358511686325,0.16608785092830658,0.3449413478374481
6933,e5c0b3e1-ee40-4de1-9df9-bed3a5993332.png,Altered,942 ms,pointy_nose,-0.9926529992537008,0.18913590908050537,0.16925129294395447,0.35208794474601746
6933,8f1dc5a2-74e9-4e25-8063-c307a3c6bc3c.png,Altered,1329 ms,bags_under_eyes,-0.7577793911373509,0.18935726583003998,0.16592803597450256,0.345854252576828
6933,14ea0d5b-5b25-4b92-9f8a-8764060049d6.png,Altered,888 ms,bags_under_eyes,0.4592823450680541,0.18964938819408417,0.16653282940387726,0.34533366560935974
6943,e03f6e29-4226-43db-979f-535d4579c469.png,Altered,2139 ms,smiling,0.258675798227348,0.18975836038589478,0.19203507900238037,0.3679148256778717
6943,f58b0590-dc17-49eb-80da-6855a10c8eec.png,Altered,2055 ms,bags_under_eyes,-0.39401788017906214,0.19006524980068207,0.19308269023895264,0.3674626648426056
6943,6e89e5d0-9f67-4b26-be47-807ffba0717d.png,Altered,3202 ms,pointy_nose,0.17219075950461638,0.18994438648223877,0.1936795711517334,0.36546239256858826
6943,da1092c4-61b1-4d48-a5fe-f1bc9f81f933.png,Original,2214 ms,Original,0,0,0,0
6943,21f370a9-d969-4d85-ae0f-9cf59235b931.png,Altered,1217 ms,pointy_nose,0.34832394537210853,0.18991903960704803,0.19304947555065155,0.363920122385025
6943,83a08de0-6a7b-48f5-8f17-5572612f5ddc.png,Altered,1119 ms,chubby,-0.9400547162274722,0.1895189732313156,0.19263753294944763,0.36480942368507385
6943,46544a22-6fc3-4946-b02a-e3649728dbca.png,Altered,1288 ms,chubby,0.8435900757896557,0.18954825401306152,0.19393432140350342,0.3656960427761078
6943,5c245dbf-d1dc-400d-8208-e4146831c268.png,Altered,1375 ms,age,0.7346845299101266,0.18880879878997803,0.18902236223220825,0.369899183511734
6943,4b3d43b2-5f0a-47c3-b36f-e5b31a6aa182.png,Altered,1217 ms,pointy_nose,0.058051203183009825,0.18985450267791748,0.19412533938884735,0.36650463938713074
6943,ba797307-3078-4f9a-911c-7a547b21e79c.png,Altered,1113 ms,bags_under_eyes,0.10987553856361654,0.1900770664215088,0.1946680247783661,0.3668190538883209
6943,8112b73b-8d5a-409f-ab81-0f83bb4a7441.png,Altered,1270 ms,bags_under_eyes,-0.21758101766114302,0.1900189220905304,0.19359633326530457,0.367268443107605
6943,19928de1-b069-4d9e-8153-2ba7bbd9f27f.png,Altered,1048 ms,chubby,0.752991150307522,0.1894456148147583,0.19405198097229004,0.36572760343551636
6943,4bd30661-6dad-4beb-ba67-58be46d024c9.png,Altered,1287 ms,chubby,-0.33257707249765645,0.18981020152568817,0.19401662051677704,0.36630508303642273
6943,fb6abc69-240b-414e-b998-bd22bc21f42f.png,Altered,1346 ms,smiling,-0.726592691296706,0.1902993619441986,0.20114639401435852,0.36304232478141785
6943,54a8a3dc-727e-43e8-b2a6-bae17729c9dd.png,Altered,2574 ms,narrow_eyes,-0.8922325801921276,0.19016078114509583,0.1947040557861328,0.3631550371646881
6943,fb3c03fc-80fb-4392-ba88-b8359f560788.png,Altered,991 ms,narrow_eyes,-0.058728737970491274,0.1899110972881317,0.1943301409482956,0.3668878376483917
6943,5f3908c6-5aa1-45d8-9837-9be8cd424e54.png,Altered,1180 ms,smiling,0.38888845981079756,0.18957024812698364,0.19075095653533936,0.368459552526474
6943,eb5bbf12-13e5-4533-8016-2241b20d57ec.png,Altered,1110 ms,pointy_nose,0.3828865183557455,0.1899535357952118,0.19299960136413574,0.363529235124588
6943,92135fc1-46e5-4f45-a580-bd86daeef6d1.png,Original,1338 ms,Original,0,0,0,0
6943,e37adbd8-f813-43db-9f24-0d74ba58ea80.png,Altered,927 ms,narrow_eyes,-0.7834554727926777,0.1901673674583435,0.19456139206886292,0.36375758051872253
6943,ba88aacc-a26c-47e2-86be-7096acfd3c06.png,Altered,1069 ms,smiling,-0.18220179797615477,0.19012737274169922,0.19606339931488037,0.3662917912006378
6943,37767c8f-b6ac-498b-a49f-e221a8417fa4.png,Altered,900 ms,pointy_nose,0.14414055238694035,0.1899304836988449,0.19384878873825073,0.36570918560028076
6943,c20e66bd-922c-4874-bb38-37fd7122e1c5.png,Altered,732 ms,chubby,0.8215785204892321,0.1895364373922348,0.1939791887998581,0.3657195568084717
6943,1c617312-8263-48ff-a5d8-7e6f9d20bc2b.png,Altered,705 ms,age,0.35106842575935837,0.1891276091337204,0.1918029487133026,0.36847493052482605
6943,375cc368-0dec-4995-9c69-0948611f9bb8.png,Altered,914 ms,narrow_eyes,0.06696616912282805,0.18980126082897186,0.19429412484169006,0.367201030254364
6943,06a63d28-f0be-454f-bea7-7b81c4d17d41.png,Altered,929 ms,age,-0.641781796845581,0.1903543472290039,0.19904300570487976,0.3653639554977417
6943,59cc6595-3d76-44c6-a127-a51a71c60dfd.png,Altered,922 ms,age,0.12630630182215996,0.18982522189617157,0.1934257447719574,0.36751869320869446
6943,62f0ccc6-8914-45d8-a771-1b0b3947482f.png,Original,1440 ms,Original,0,0,0,0
6943,d49829f2-0cd8-4829-b169-aa541663c821.png,Altered,1110 ms,bags_under_eyes,0.15914737624207054,0.19018977880477905,0.1949634552001953,0.36676257848739624
6943,cd090082-8510-4641-809e-755b1a2f1475.png,Altered,998 ms,bags_under_eyes,0.41815617583248654,0.19010041654109955,0.1957792490720749,0.3668871819972992
6943,c2d9874c-0248-4d0c-8836-dd27d1b68771.png,Original,1470 ms,Original,0,0,0,0
6943,d8a6d2fd-a613-4272-ad3d-74f2f5bd5c14.png,Altered,1007 ms,age,0.3404259533576244,0.1891564577817917,0.19189631938934326,0.3684109151363373
6943,099d17ab-0ab0-4a77-ae7c-0e19657c840b.png,Original,1332 ms,Original,0,0,0,0
6943,76f34cbb-46e6-4ffb-afad-e98d3e75623e.png,Altered,940 ms,narrow_eyes,0.41678072589504667,0.18966726958751678,0.19419991970062256,0.36815473437309265
6943,2acdf380-673f-4667-bd96-3a39010ff88f.png,Altered,925 ms,smiling,-0.594016502894867,0.19011327624320984,0.19986025989055634,0.3637637197971344
7004,96bbec02-0cf5-47b1-bc08-21f65995c289.png,Altered,1365 ms,smiling,0.03367367238981345,0.15006396174430847,0.06624729186296463,0.5024865865707397
7004,f4f24b37-7137-4660-81fb-70f08b71ff79.png,Altered,919 ms,Original,0,0,0,0
7004,0001bcfc-ac5a-45fc-8160-56e4c3927667.png,Altered,670 ms,pointy_nose,0.5862305504326624,0.15126919746398926,0.06740434467792511,0.4964289963245392
7004,9fc56f93-46e9-4095-8b42-dfe6bf933b01.png,Altered,534 ms,age,0.8984911586100692,0.1487397998571396,0.0652386024594307,0.5033431053161621
7004,ca423e0e-52b2-40be-b5d9-1d6e7a1fcb48.png,Altered,470 ms,smiling,-0.669189542446295,0.15036413073539734,0.06668800860643387,0.508693277835846
7004,99897e28-7737-4581-be14-7e1e99681c51.png,Altered,524 ms,pointy_nose,0.5481250323168028,0.15115922689437866,0.06729377061128616,0.4968322515487671
7004,da61c086-050f-4fc8-a3c6-cd987cced11b.png,Altered,1632 ms,pointy_nose,-0.7373919646611655,0.14901787042617798,0.06677551567554474,0.5114560127258301
7004,e41f8011-0bb8-47f6-84ac-7c8ea2093766.png,Altered,1137 ms,narrow_eyes,0.13185503077912952,0.15019069612026215,0.06630873680114746,0.5024092793464661
7004,fd374abd-c752-4630-bcff-7d71e2513a27.png,Original,1158 ms,Original,0,0,0,0
7004,436b9d25-abef-4fbb-aacb-f4887d02cc17.png,Altered,699 ms,bags_under_eyes,-0.22642059188036145,0.1499994397163391,0.06642168760299683,0.5022541284561157
7004,37044622-4eec-48a6-9543-96fbd806db4b.png,Altered,804 ms,narrow_eyes,-0.18007764555960315,0.1501573771238327,0.06622368097305298,0.5034209489822388
7004,ffa535c6-879e-490a-a905-04bb8badc401.png,Altered,532 ms,chubby,-0.41816832912320967,0.15119490027427673,0.06708390265703201,0.4966563284397125
7004,726371e2-0f08-46b4-8c8d-94becc60f52c.png,Altered,486 ms,pointy_nose,-0.8908621873342966,0.14885932207107544,0.06720760464668274,0.5130885243415833
7004,b47bbdf1-5478-4a01-b33d-00ea76c89779.png,Altered,472 ms,bags_under_eyes,0.8777015949508216,0.14964434504508972,0.06616651266813278,0.505153477191925
7004,079a95f0-0ae6-4e9a-a97f-f5b3acc04fdf.png,Altered,515 ms,age,0.14747003309873885,0.1499422788619995,0.0660402849316597,0.5028670430183411
7004,ddf6fad7-e11a-4b9a-ab56-1da13f8b6c76.png,Altered,468 ms,age,-0.9098083452752457,0.15041960775852203,0.06838195770978928,0.5015743374824524
7004,ce556765-efb1-46b0-9c81-26a2439e83e4.png,Altered,502 ms,chubby,0.727752962699219,0.1491698920726776,0.06601916253566742,0.5145424008369446
7004,6b8b5938-7a50-4ec4-80fc-34435774c2da.png,Altered,505 ms,bags_under_eyes,-0.29266661129350346,0.1498733013868332,0.0664745420217514,0.5021160840988159
7004,6aea786b-cac3-4001-be6b-e4d5134cf9de.png,Altered,499 ms,age,-0.48798115934732844,0.15034998953342438,0.06722734868526459,0.5024449229240417
7004,0d6629fb-c485-4ff2-bfab-b1bf333edfd5.png,Altered,465 ms,bags_under_eyes,-0.6650194930990063,0.15010640025138855,0.06683850288391113,0.5008381009101868
7004,eba84114-deb1-4d42-a6fa-5c34853b464b.png,Altered,491 ms,bags_under_eyes,0.6063402272502019,0.14975637197494507,0.06610575318336487,0.5043176412582397
7004,e14cabaa-32e2-40d7-a913-22b0e6d65674.png,Altered,368 ms,Original,0,0,0,0
7004,cac7b5d7-3378-4825-9ad1-7c7c09fb3cac.png,Altered,511 ms,Original,0,0,0,0
7004,b23fb5b0-d3b2-49d0-a7fe-6eb71299fa6a.png,Altered,753 ms,chubby,-0.5385920784516669,0.1515294462442398,0.06736855208873749,0.4950844645500183
7004,7d75fdf0-ec3c-4f0e-bbe4-e8f8512f8b25.png,Altered,678 ms,age,0.7410151351477456,0.14885644614696503,0.06537938117980957,0.5029619336128235
7004,58bf95ca-e7f0-4a6b-9f5c-38d121fd0f8b.png,Original,836 ms,Original,0,0,0,0
7004,a42ed9f4-54e1-4581-bbb6-47a22839dc9c.png,Altered,598 ms,pointy_nose,-0.7394695574542023,0.1490316241979599,0.06678058207035065,0.5114626884460449
7004,2f8c75e2-71c7-47ec-a138-2a159d55b19a.png,Altered,681 ms,chubby,0.3038212279940171,0.14927947521209717,0.06588585674762726,0.5079142451286316
7004,0ce11152-141c-41d5-a238-056b727e5d0c.png,Altered,569 ms,narrow_eyes,0.6168714619589211,0.1503920704126358,0.0664905309677124,0.5016438961029053
7004,de27965b-e5fb-44e9-acfd-3dc49975a783.png,Altered,1236 ms,smiling,0.34479045680282483,0.14964784681797028,0.06622572988271713,0.49946779012680054
7004,660bdadc-39a6-426b-86d7-85594c63d9a4.png,Altered,719 ms,chubby,-0.6685610636701262,0.1516062617301941,0.06772961467504501,0.4934563636779785
7004,2209d25b-1dc0-4d7f-b0c6-4f2d7fb696a3.png,Altered,762 ms,narrow_eyes,-0.24158508704323411,0.15011706948280334,0.06622633337974548,0.5035977363586426
7004,2eb51db9-37e4-4e68-9e07-aecd3e9db208.png,Altered,711 ms,narrow_eyes,-0.4042266480569141,0.14988504350185394,0.06619967520236969,0.5040061473846436
7004,3398318c-59b7-454e-9a8c-4e99730fe09a.png,Altered,564 ms,smiling,-0.21169657935241815,0.1502949297428131,0.06636541336774826,0.5050383806228638
7004,5f88629b-65a9-477b-b899-5a68492fe477.png,Altered,521 ms,smiling,0.9475910699103354,0.14952945709228516,0.06627456843852997,0.4961029887199402
7093,6626ced3-ad75-404f-a129-058d73a9ec8c.png,Altered,1427 ms,pointy_nose,-0.3470797521942248,0.1688399612903595,0.06731174886226654,0.5520594120025635
7093,48900e3f-96dd-4ad4-a68c-2b3ce8b02c62.png,Original,1795 ms,Original,0,0,0,0
7093,d536a962-54cb-495f-b034-0ea851d68d41.png,Original,1742 ms,Original,0,0,0,0
7093,2d06728e-1cb4-4a43-b87c-dcf31a26d68f.png,Altered,929 ms,bags_under_eyes,-0.5645630324223514,0.16861991584300995,0.06648080050945282,0.5456291437149048
7093,72283da2-6a9a-4dca-a7e2-2a8a9ecc947f.png,Altered,724 ms,chubby,0.005975539937456142,0.1684264838695526,0.06573165953159332,0.5507879853248596
7093,a072c68e-1cb8-421e-870d-38ec2d67d2e8.png,Altered,582 ms,age,-0.11340488040478713,0.16859762370586395,0.0665159821510315,0.549095630645752
7093,b015b871-78bf-4e20-b919-f8818839bfae.png,Altered,562 ms,narrow_eyes,-0.17597309290795504,0.1684962511062622,0.06578173488378525,0.5494638085365295
7093,780d6cb2-dcf6-4abd-907d-c23883734312.png,Altered,608 ms,bags_under_eyes,0.6356594969935356,0.1684497594833374,0.06505534797906876,0.5564281344413757
7093,435532f9-2899-4c6f-96c5-3a92594627b4.png,Altered,774 ms,chubby,-0.4433457546659172,0.1681145876646042,0.0667354166507721,0.5453328490257263
7093,9d76ec47-64d3-42fa-a6dd-1b17bff4e6b4.png,Altered,920 ms,smiling,0.24450331953852555,0.16814570128917694,0.0651104748249054,0.5520323514938354
7093,83557ab1-1be4-455e-9e31-628c64c00ac1.png,Altered,535 ms,pointy_nose,-0.7668471138633066,0.16967616975307465,0.06971079111099243,0.5525681376457214
7093,487e09e1-635c-4aaf-ac60-942deb136a48.png,Original,2036 ms,Original,0,0,0,0
7093,2676fb28-5487-44df-b921-8da3e5215f9d.png,Altered,922 ms,narrow_eyes,0.6227200388395702,0.16830889880657196,0.06569217145442963,0.5574557781219482
7093,13e209c4-6242-4cab-bc56-5aa6933e2ba7.png,Altered,847 ms,narrow_eyes,0.1790000267430054,0.16851024329662323,0.06571319699287415,0.5521789789199829
7093,7ad619fe-79dc-4934-8833-71ef3cc6a273.png,Altered,972 ms,pointy_nose,-0.6128738698047556,0.16930070519447327,0.06877852976322174,0.552578330039978
7093,9f450c7c-0d12-4516-9233-d93dc4d3f697.png,Altered,614 ms,pointy_nose,0.0787233313465483,0.16831044852733612,0.06539365649223328,0.5503535270690918
7093,c6329f11-4b86-4ea9-95ad-e5c1f936d3b2.png,Altered,1188 ms,chubby,0.7119688444956049,0.16877596080303192,0.06492602080106735,0.5589556694030762
7093,3eabfdaa-b5bf-4fa2-a878-f52d24c5d671.png,Altered,563 ms,smiling,0.7762273274967986,0.16776010394096375,0.0640677660703659,0.5555837154388428
7093,5e6a3b09-de77-423a-83e9-dbbaef85e760.png,Original,810 ms,Original,0,0,0,0
7093,d61fe0b5-fb90-46e4-9255-79bef00c5622.png,Altered,806 ms,smiling,0.6178250008043047,0.16785648465156555,0.06436754763126373,0.5548977851867676
7093,14e903f2-e4fd-4b88-abd2-5ca191a4ff3b.png,Original,829 ms,Original,0,0,0,0
7093,fe0c5a91-82d7-46d4-8ed3-53c142016e4a.png,Altered,606 ms,chubby,-0.7995577507292497,0.1680924892425537,0.06796763837337494,0.5406104922294617
7093,7f7bd35c-1e40-4b1e-8229-9d03fb1486b9.png,Altered,652 ms,smiling,0.7966480995387943,0.16782008111476898,0.06402957439422607,0.5556178092956543
7093,fffc135b-1d80-4f70-9940-06e6b9ef09d3.png,Altered,980 ms,chubby,-0.44693018168718046,0.1680792272090912,0.06674913316965103,0.5452933311462402
7093,72a2fccb-e70a-4875-880a-07ee8b71beba.png,Altered,644 ms,age,-0.08100394837999203,0.16860318183898926,0.06629344075918198,0.5495440363883972
7093,f190d341-50d9-4ea6-8f28-7534434d6c7b.png,Altered,581 ms,smiling,-0.14203160352189825,0.16867582499980927,0.06609147787094116,0.5502091646194458
7093,31cbded8-203d-4d5a-b8bf-a8ec07b9549c.png,Altered,538 ms,pointy_nose,-0.31820212884002674,0.16881875693798065,0.06717313826084137,0.5519809126853943
7093,7738b080-fceb-4506-a3b3-971c482c095c.png,Altered,558 ms,bags_under_eyes,0.4890532423543583,0.16857540607452393,0.06518051028251648,0.5549888014793396
7093,c82b1395-6b93-4f1a-9590-2874334d1067.png,Altered,644 ms,age,-0.9303269493027888,0.16960179805755615,0.0729941800236702,0.5375181436538696
7093,9455b4f2-19f1-45e6-a959-67723f71840e.png,Altered,585 ms,narrow_eyes,0.20070015198109292,0.16856122016906738,0.06570377945899963,0.5523793697357178
7093,4d39c607-8674-425a-963c-545302fa7803.png,Altered,808 ms,narrow_eyes,0.4770665696076677,0.1682259887456894,0.065709188580513,0.5555717349052429
7093,b3948d45-b9be-4c67-9dfc-f7460d7c2a72.png,Altered,559 ms,bags_under_eyes,0.2662556144234871,0.16838523745536804,0.06539894640445709,0.5530567169189453
7093,0c4e0367-036b-4d29-9f84-fc804f796981.png,Altered,621 ms,age,-0.44030522555364326,0.16923807561397552,0.06893844157457352,0.5448612570762634
7093,157acead-8dc5-44ab-86f7-3af298b18843.png,Altered,678 ms,bags_under_eyes,-0.4462837161876614,0.16859714686870575,0.06627192348241806,0.546821653842926
7093,756c481e-514d-4dd2-8063-b2795c3639e8.png,Altered,541 ms,age,0.046269232002303706,0.16825973987579346,0.06543271988630295,0.5513831973075867
7138,7cd0368c-d8f4-4a3c-8742-df3b4a4962eb.png,Altered,2378 ms,narrow_eyes,0.5661077467638729,0.18970370292663574,0.19666004180908203,0.45109623670578003
7138,2e364753-fd34-4007-874c-1b2be4949d67.png,Altered,3239 ms,narrow_eyes,0.6719418898972376,0.1894230842590332,0.19653698801994324,0.45155900716781616
7138,032bb95c-4954-43e7-87f6-317bd365f102.png,Altered,3890 ms,narrow_eyes,0.19281013014285375,0.18990790843963623,0.19717299938201904,0.449446439743042
7138,89df72b0-07a5-41e9-9d62-41e863aad3c8.png,Altered,3225 ms,chubby,0.293775909043803,0.19042925536632538,0.19668368995189667,0.44928810000419617
7138,33257284-8057-4f7f-885b-056b923b8775.png,Altered,3697 ms,smiling,0.32294705334474894,0.1892053186893463,0.19472233951091766,0.45024818181991577
7138,800fe0ef-ad99-41e9-ad98-d6e63de8cf3a.png,Altered,2802 ms,age,0.5812339903048422,0.1889345645904541,0.19464914500713348,0.44971442222595215
7138,38608148-5b36-43c6-8b79-a316d541a83c.png,Altered,2436 ms,chubby,-0.3955828565353692,0.1899569034576416,0.19843445718288422,0.4468836486339569
7138,21143a92-1e6a-4141-abda-4be63c86cc66.png,Altered,5754 ms,Original,0,0,0,0
7138,fd382635-6b1f-4c36-8023-1e8ecb862b2d.png,Altered,2199 ms,Original,0,0,0,0
7138,f9a6e9a0-e81d-4f10-abb6-952a7ed6fac1.png,Altered,1428 ms,pointy_nose,0.54514195979674,0.1897461861371994,0.1975819319486618,0.4449474811553955
7138,352fa97c-5204-4b2b-809f-37f316919616.png,Altered,1580 ms,pointy_nose,0.5414768590131305,0.18975433707237244,0.19758504629135132,0.44498980045318604
7138,080dc248-dc39-4a92-961d-9ca65404a196.png,Altered,1027 ms,narrow_eyes,-0.952607514363194,0.19078058004379272,0.19906198978424072,0.44318392872810364
7138,824087fe-2b24-442f-855e-a36b3f96d756.png,Altered,927 ms,age,0.6767462665917918,0.18874071538448334,0.19435028731822968,0.44963058829307556
7138,a4552136-6a8e-40f3-89cb-d128504e7cc7.png,Altered,1441 ms,narrow_eyes,-0.5838871243355537,0.19039219617843628,0.1983557641506195,0.44546225666999817
7138,ca1385a8-e411-46c8-a36d-df32b76d322d.png,Altered,1418 ms,age,0.5183911361360514,0.18896523118019104,0.19491921365261078,0.4496920704841614
7138,2f3ae0f5-58ef-484c-8de6-43b6eb1171cf.png,Altered,768 ms,smiling,0.7489540358801685,0.1878245770931244,0.19134438037872314,0.4518975019454956
7138,e1ba6935-12fe-41ad-85aa-cea2a5d84596.png,Altered,552 ms,bags_under_eyes,0.5130762645822633,0.19079506397247314,0.19926998019218445,0.44843366742134094
7138,7d15062c-632c-4c07-b54a-7ed009fcb9b6.png,Altered,831 ms,bags_under_eyes,0.44147430885393835,0.19075410068035126,0.1990281045436859,0.4484652578830719
7138,4a5beabd-615d-4e0f-a2dc-d4d9b2760d71.png,Altered,854 ms,chubby,-0.11480147957611786,0.18996982276439667,0.19759432971477509,0.44802170991897583
7138,fae203b1-c70b-4f62-b65a-dd3d7bcea892.png,Altered,905 ms,age,0.7238943350718181,0.1887807548046112,0.19410794973373413,0.4496062695980072
7138,2a512f39-0a81-4334-904c-e4326fcb2259.png,Altered,883 ms,smiling,-0.36634474546913776,0.19120335578918457,0.200575053691864,0.4459311068058014
7138,faded040-1f41-4ed6-a3f9-1e18c3f9403d.png,Altered,835 ms,bags_under_eyes,0.5896255715715262,0.19088658690452576,0.19954517483711243,0.448429137468338
7138,7813d7da-c5bb-4239-9f07-8e05c92db10a.png,Altered,678 ms,chubby,0.8363761726425882,0.19147036969661713,0.1951821744441986,0.4502146244049072
7138,cd32e9e2-9ca7-4616-aa8b-858134a2aab9.png,Altered,642 ms,smiling,0.40883360005450475,0.18881744146347046,0.1939561665058136,0.4506668150424957
7138,2e9af2fc-0ea1-4e78-a96a-0280a49d1f24.png,Altered,1051 ms,chubby,0.7765335936589246,0.19142231345176697,0.19520696997642517,0.4501447081565857
7138,e0035c33-0e00-4a4c-a329-b319f308226c.png,Altered,756 ms,pointy_nose,0.6550623711808528,0.18969838321208954,0.1977395862340927,0.4441632330417633
7138,3b8c5473-530b-4ea8-b8a5-25c75f50932a.png,Altered,965 ms,smiling,-0.8012816921090375,0.1924469918012619,0.2045745551586151,0.44327694177627563
7138,bfb48fc6-711c-4c3d-b6b2-005a3f5cd160.png,Altered,1161 ms,bags_under_eyes,-0.16670424879369006,0.18998174369335175,0.19685247540473938,0.4483295679092407
7138,231ed142-4380-47f8-97a1-bb12f0200cd1.png,Altered,781 ms,pointy_nose,-0.30413149569316,0.19015347957611084,0.197107195854187,0.45015648007392883
7138,775edd49-adcb-469c-b480-f4790f47774f.png,Original,2467 ms,Original,0,0,0,0
7138,28477edc-29d0-45fd-a98c-2a8bb876ba86.png,Altered,1581 ms,age,-0.8347341282829912,0.19179117679595947,0.20152628421783447,0.4440910518169403
7138,cf8d967b-5854-4686-817e-98cc7e349ea0.png,Altered,1334 ms,pointy_nose,-0.1330948629032347,0.19010183215141296,0.1973118782043457,0.4492197632789612
7138,f193a614-ea13-48ac-b94a-f7ea2b99e83f.png,Altered,915 ms,bags_under_eyes,0.35903243936537543,0.19058391451835632,0.19860032200813293,0.44855162501335144
7323,0bf745db-7ca8-45e7-a992-9501848a8b4f.png,Altered,2079 ms,narrow_eyes,-0.6702017017961388,0.18997631967067719,0.30465778708457947,0.3303786814212799
7323,f99f5d49-a859-448e-af45-b616c0982bea.png,Altered,1367 ms,pointy_nose,-0.38254164382718225,0.18937085568904877,0.30389201641082764,0.3340638279914856
7323,c1fd709d-75c7-470f-a477-c10172edcfd5.png,Original,1925 ms,Original,0,0,0,0
7323,1812080d-6b01-4381-a366-9922bca53870.png,Original,1538 ms,Original,0,0,0,0
7323,7f4ca0d4-9db3-4c21-8230-ec319ab0bd9e.png,Altered,1058 ms,chubby,0.5718931066122874,0.18965494632720947,0.30261605978012085,0.3313308358192444
7323,4eb92974-782c-4344-a36f-a2a36b48a749.png,Altered,950 ms,age,0.3069736780809247,0.18987905979156494,0.3043822646141052,0.3316570818424225
7323,159b810e-610f-425a-b542-04756c1baa50.png,Altered,884 ms,age,-0.916847592512035,0.18873664736747742,0.3015427589416504,0.3329492211341858
7323,e04d5e62-f800-4e64-8422-8cf4b9db429d.png,Altered,685 ms,chubby,-0.43366871047027233,0.18949371576309204,0.30571937561035156,0.331561803817749
7323,0de396b9-f2ce-4933-a52d-1369f3a6059c.png,Altered,788 ms,narrow_eyes,-0.41454762304793924,0.1899356096982956,0.3043019771575928,0.33094412088394165
7323,f1ee4f26-ecf4-49f6-baf3-10fa68c5fa19.png,Altered,961 ms,chubby,0.5867555558118334,0.1896306872367859,0.30259889364242554,0.33131104707717896
7323,2c29651c-63f8-473f-b110-1b29497c984d.png,Altered,681 ms,age,-0.08854321598635884,0.18953904509544373,0.3038884103298187,0.33195170760154724
7323,527bc039-e565-42f8-888a-e016cee22461.png,Altered,731 ms,bags_under_eyes,-0.34252209760029406,0.18950657546520233,0.30443069338798523,0.3321717381477356
7323,cededd36-312c-4c08-b4dd-f20f7c1bc0a9.png,Altered,675 ms,pointy_nose,-0.058474223209552756,0.1895306408405304,0.30397605895996094,0.33225715160369873
7323,b7311291-7984-4a8d-b697-a0df7a2c93fc.png,Altered,746 ms,narrow_eyes,0.527319311715136,0.18899846076965332,0.30375561118125916,0.3330795168876648
7323,2d176637-70c4-42c8-a92e-970b4af0e799.png,Original,1174 ms,Original,0,0,0,0
7323,2ba351e0-ea19-45ec-94e8-9c0b634adbab.png,Altered,914 ms,chubby,0.6250367203275198,0.18958741426467896,0.30245640873908997,0.331265389919281
7323,dbc56960-3f15-4485-8ab6-d44270fa2dab.png,Altered,762 ms,age,0.840602588635732,0.19021432101726532,0.3045644760131836,0.3312422037124634
7323,41bff60c-ce39-4eed-83b2-4af5bd9b47eb.png,Altered,656 ms,smiling,0.23546547831291909,0.18924972414970398,0.3029196262359619,0.3323562741279602
7323,89bc4b0b-1738-4626-8d09-9a94bde4c342.png,Altered,659 ms,smiling,0.7388565300719407,0.18887612223625183,0.30024880170822144,0.3337176442146301
7323,d86a1e77-c957-4f54-b611-a3ead86f5ad2.png,Altered,563 ms,narrow_eyes,0.5882089483373367,0.1889779269695282,0.30372878909111023,0.3331824839115143
7323,790f4038-1011-402f-86ba-02daf1f0a04c.png,Altered,592 ms,bags_under_eyes,-0.21758622460278665,0.18948785960674286,0.3043031096458435,0.3320785164833069
7323,9388595b-7292-42e7-a7d8-1cae7eb9c47c.png,Altered,619 ms,age,0.09030571091043771,0.18961769342422485,0.3041169047355652,0.33179038763046265
7323,180c7456-3637-4ea5-bba3-7577ee187e74.png,Altered,541 ms,smiling,0.34863913611848507,0.18923413753509521,0.3022008538246155,0.33269068598747253
7323,4717d930-4011-49af-9cc4-f8b185e9f577.png,Altered,566 ms,pointy_nose,-0.8310264331606994,0.18911950290203094,0.30396315455436707,0.33686578273773193
7323,ded76813-9e62-4c97-8821-80d6af131b8d.png,Altered,683 ms,pointy_nose,-0.5941760724425471,0.189285010099411,0.30388858914375305,0.3353555500507355
7323,b59af56e-2a65-467e-b3ba-c8b71aa95c14.png,Altered,1041 ms,chubby,-0.024627874143142492,0.18954478204250336,0.30405575037002563,0.3318847417831421
7323,aad09d54-bb05-427f-bdee-027ec662a3de.png,Altered,631 ms,bags_under_eyes,0.4468958741214515,0.18956045806407928,0.30322062969207764,0.33154529333114624
7323,e9fe3bc7-89da-41fb-a9da-fd2050e91ab9.png,Original,779 ms,Original,0,0,0,0
7323,2a91fff7-42d0-4216-a3cc-ce2ad2886e09.png,Altered,738 ms,bags_under_eyes,0.484930195371019,0.1895269751548767,0.303176611661911,0.33156266808509827
7323,a64901af-dafb-44fd-8a18-d7586c5a6f0b.png,Altered,569 ms,smiling,0.20730159018221106,0.18928639590740204,0.3029615581035614,0.3322570025920868
7323,e761dc1e-4dfa-4d3c-a6e6-91534f16869b.png,Altered,527 ms,narrow_eyes,-0.8728826651596195,0.1901405304670334,0.3048096299171448,0.32990536093711853
7323,bbb4c3ab-ef0d-4f80-a1d7-4902de8018f5.png,Original,699 ms,Original,0,0,0,0
7323,fe795e7e-37fb-4d58-b3c0-64e500424681.png,Altered,597 ms,smiling,0.35069242969954617,0.18924745917320251,0.3022005558013916,0.3326781392097473
7323,cc968fb1-3224-4c77-8bfc-9e982db86407.png,Altered,561 ms,bags_under_eyes,0.5979865659309205,0.18954095244407654,0.30299869179725647,0.3315194547176361
7323,530ea5e4-0275-4d0a-a550-f82001fe72d9.png,Altered,502 ms,pointy_nose,-0.8488609061126426,0.18910281360149384,0.3039356768131256,0.3369476795196533
7396,f0917618-af47-47ac-be05-32c2a6e1ca6e.png,Altered,2450 ms,chubby,0.3729327321984677,0.1534591168165207,0.11063124984502792,0.549663782119751
7396,055993fb-6c6d-4177-b5ac-aec3439dbf95.png,Altered,1030 ms,smiling,-0.6086472352315158,0.15350979566574097,0.11131887137889862,0.5471013784408569
7396,3723f60a-dbfd-4647-b398-49d7dd9a7964.png,Altered,1360 ms,pointy_nose,-0.688134274887676,0.15427720546722412,0.11539697647094727,0.549620509147644
7396,8d533632-d507-42db-b1a4-e4f57e4e15e5.png,Altered,3206 ms,narrow_eyes,0.09265386644075169,0.15320998430252075,0.11250035464763641,0.5457068085670471
7396,f28aae30-0952-41de-9036-5ccc59551bea.png,Altered,1857 ms,chubby,-0.1862245887972509,0.1527959704399109,0.11311604827642441,0.5433617830276489
7396,b4d6687d-dcc0-4362-be30-12fb8b3e8fd6.png,Altered,1373 ms,age,-0.5406459641645855,0.15349720418453217,0.11578497290611267,0.5428112149238586
7396,4caa4aa6-e8ac-46fe-ac7a-8af56ec13d15.png,Altered,1218 ms,narrow_eyes,-0.8759961903883091,0.15284503996372223,0.10990854352712631,0.5437824130058289
7396,f44f23e0-e204-4eb7-898c-2b2f24f2c5a6.png,Altered,1903 ms,smiling,0.5588491419230628,0.15284141898155212,0.11328916251659393,0.5448368191719055
7396,78d47c4e-d0cf-4fbf-ada2-ddf44e521268.png,Altered,1727 ms,narrow_eyes,0.49023413828247686,0.15344248712062836,0.11357913911342621,0.5472456812858582
7396,627ed3e4-2f66-4a78-8624-e8141f5c2c5c.png,Altered,1775 ms,pointy_nose,0.8973969244619651,0.15238606929779053,0.10865839570760727,0.5391589999198914
7396,57668708-6b65-4ca7-a79b-59e00b462570.png,Altered,2046 ms,bags_under_eyes,0.5177589781988248,0.15301185846328735,0.11132639646530151,0.5499135851860046
7396,546e3188-619b-490f-90f0-ac05990f1f79.png,Altered,1446 ms,pointy_nose,-0.6268842406605664,0.1542840600013733,0.1151093989610672,0.5492540001869202
7396,d00bad00-447b-4fec-9cbd-a4143ab9fc6c.png,Altered,777 ms,smiling,-0.8638977279517106,0.15377196669578552,0.11089453101158142,0.5482430458068848
7396,acd7a0f1-2c46-4704-8e94-f6e7b5b4cdef.png,Altered,919 ms,chubby,0.7436803241474796,0.15360727906227112,0.10934009402990341,0.5540997385978699
7396,367c0b56-b509-4503-82aa-7bbef0f2178d.png,Altered,1082 ms,chubby,-0.05676842097650581,0.15303164720535278,0.11253507435321808,0.5447313785552979
7396,4f7693ae-ca78-4ff4-aa0d-b07b6c2040da.png,Altered,2773 ms,smiling,0.04920467309393595,0.1530289351940155,0.11233745515346527,0.5453400611877441
7396,0973ab71-07f8-4003-8b44-2d4e4707b3bf.png,Original,1759 ms,Original,0,0,0,0
7396,b7ac8710-52a5-4a99-a2db-b2a8c15471c7.png,Original,750 ms,Original,0,0,0,0
7396,a70b8f75-c256-4397-8af1-c6df5ffaf6da.png,Altered,1224 ms,narrow_eyes,0.20058585433453846,0.15328481793403625,0.11281508207321167,0.5460411906242371
7396,eba40c7f-9c39-46cb-a432-366b01f5f85c.png,Altered,673 ms,smiling,-0.39783272430469063,0.15334603190422058,0.11158355325460434,0.5464382171630859
7396,c42c79e9-85af-4209-bea2-e4361922c18d.png,Altered,628 ms,pointy_nose,-0.014478938194180335,0.15305261313915253,0.11229610443115234,0.5454522371292114
7396,f3c566c8-1bc1-40c8-b1eb-1cb51742193a.png,Altered,1029 ms,bags_under_eyes,0.8955557401397394,0.1529684066772461,0.11062709987163544,0.5532501339912415
7396,1b2881f0-eff4-4548-85f3-ba731e9f54bc.png,Altered,943 ms,bags_under_eyes,-0.5894364448093992,0.15315739810466766,0.11332972347736359,0.5407248735427856
7396,aae23866-8222-491d-b623-26a8dba89cea.png,Altered,767 ms,narrow_eyes,0.37482388484357276,0.15335944294929504,0.11325900256633759,0.5467427372932434
7396,76f9612c-3fa7-4402-9f8e-9e224ceec4d5.png,Original,1133 ms,Original,0,0,0,0
7396,257c63e5-f0c3-4624-a90c-563850f589f1.png,Altered,1039 ms,pointy_nose,-0.9059518050835964,0.15471938252449036,0.11642499268054962,0.550906240940094
7396,a1a22fcb-13df-41df-8442-75ee0b5b3ef1.png,Original,984 ms,Original,0,0,0,0
7396,ff6dbb76-052a-4ec7-8809-70f8dda5d9b9.png,Altered,687 ms,age,-0.3341537422633565,0.15349628031253815,0.11443667858839035,0.54385906457901
7396,d367edb3-9fc0-4a5d-81f9-c4a218aade63.png,Altered,637 ms,age,-0.1974532305430161,0.15349742770195007,0.11355824768543243,0.5444227457046509
7396,b75bb37e-5f17-4cbc-a4c8-0a63f28880c7.png,Altered,598 ms,age,0.33492682334204904,0.1525997370481491,0.10997943580150604,0.5474826693534851
7396,031d0b2d-670a-46e3-b49b-0f2f4cf35c8e.png,Altered,694 ms,bags_under_eyes,-0.90753644623331,0.15340609848499298,0.11390964686870575,0.5381280779838562
7396,8c0894a1-5fb5-48f4-9cb4-fcce7629aceb.png,Altered,662 ms,age,-0.6941315428358295,0.15385702252388,0.11678248643875122,0.5418660044670105
7396,2ff507d1-e2e6-435b-8bb2-c256bfa19219.png,Altered,725 ms,chubby,-0.38045788530577473,0.15293154120445251,0.11401762813329697,0.5412229299545288
7396,c285eb40-681d-4cd2-8009-ec6c91d33994.png,Altered,647 ms,bags_under_eyes,0.6830840446957176,0.15308475494384766,0.11103911697864532,0.5512750148773193
7396,f877bc0e-5132-4929-8c9b-41e8c27ac035.png,Original,852 ms,Original,0,0,0,0
7531,0c8dbf5d-3400-43e8-ad3b-9f48d708eb9e.png,Original,2397 ms,Original,0,0,0,0
7531,1c742e05-cbb3-4739-81ec-fdcb2e369966.png,Altered,1532 ms,bags_under_eyes,0.1552426196331802,0.17453673481941223,0.1326313614845276,0.4305702745914459
7531,b2bd4a9c-ec1e-4080-8870-fcd8ed15ecfc.png,Altered,967 ms,chubby,-0.07174829378216696,0.17429205775260925,0.13227280974388123,0.43131041526794434
7531,c9cad9af-fab5-4e47-9bba-0133dbeff3af.png,Altered,1171 ms,pointy_nose,0.5800991150569306,0.17437565326690674,0.13127654790878296,0.43063464760780334
7531,effacaf6-7c69-4c79-8558-ad7eb39ebe1a.png,Altered,1281 ms,age,-0.3927708379443955,0.17543700337409973,0.13472403585910797,0.42831912636756897
7531,bf486dc3-821b-4269-b876-21a702bf6b8c.png,Original,4003 ms,chubby,-0.2809746431408293,0.17394563555717468,0.1312703788280487,0.43232858180999756
7531,52020916-523d-4d47-9c6d-cf6cd45dbf94.png,Original,1552 ms,Original,0,0,0,0
7531,c4a4f6a4-8296-4786-be8c-8dda5c533ca3.png,Altered,755 ms,chubby,-0.9927049562904917,0.1729675829410553,0.12860937416553497,0.4345678985118866
7531,5e7e728d-9bed-4587-85e7-9ecaa504ac56.png,Altered,676 ms,narrow_eyes,0.682722478545118,0.1738046109676361,0.1319262981414795,0.4307391941547394
7531,5c3f6c0d-2661-40c0-a3c1-ce5faec534e5.png,Altered,558 ms,bags_under_eyes,0.1482117797695166,0.1745319664478302,0.1326233446598053,0.4305843710899353
7531,9ac91bc2-f037-41a2-8917-2c7ec76eee31.png,Altered,592 ms,smiling,0.35776275659874845,0.1741444170475006,0.13001951575279236,0.4322041869163513
7531,c303af28-76ab-40c9-a592-8916943268cb.png,Altered,691 ms,smiling,0.9868401484118365,0.17267537117004395,0.1256808340549469,0.43391814827919006
7531,88a2243c-cb86-46c4-95c3-569595b2a14f.png,Altered,621 ms,narrow_eyes,-0.7869657922356461,0.17527565360069275,0.13399797677993774,0.430498868227005
7531,bb3e1cae-ea5c-4084-b593-ac00821c2453.png,Altered,1087 ms,chubby,0.5880672592889846,0.175646111369133,0.13612763583660126,0.4274997115135193
7531,ffe8c71b-c520-4336-ad58-273b823a750e.png,Altered,1762 ms,narrow_eyes,-0.8426126194758663,0.1753782480955124,0.13417023420333862,0.43040332198143005
7531,9323dc71-e01b-469a-b8ea-7ee77540f7b0.png,Original,1757 ms,smiling,0.06182578066570632,0.17441360652446747,0.13213132321834564,0.43115758895874023
7531,8711de00-93a7-4d29-993d-f7e3111cb73d.png,Altered,2052 ms,narrow_eyes,-0.4237066495491435,0.17491048574447632,0.13324609398841858,0.43083494901657104
7531,b158132d-72e6-49be-b9ea-22ec8e43926d.png,Original,1040 ms,Original,0,0,0,0
7531,d3cd51b5-e830-43f5-a421-0e5fe464169e.png,Altered,650 ms,pointy_nose,0.7885222709962858,0.17436949908733368,0.13103772699832916,0.43027210235595703
7531,a91f836e-3812-4b6e-9df9-eff59f8cc369.png,Altered,642 ms,chubby,0.08147953563417709,0.17468933761119843,0.13303446769714355,0.4304778277873993
7531,dcbab476-0c03-4837-b238-568046b25f4e.png,Original,861 ms,Original,0,0,0,0
7531,ab5ccbff-9833-4d00-bbc6-d4b11c36d885.png,Altered,617 ms,smiling,0.5717904288850528,0.1737867295742035,0.12858054041862488,0.4328533411026001
7531,b0803d1f-be9a-43b2-9228-a93bb65a9f61.png,Altered,990 ms,bags_under_eyes,0.30939949871907846,0.17460879683494568,0.13273945450782776,0.43014416098594666
7531,25e87563-bd92-48a1-9620-56659bd37874.png,Altered,718 ms,bags_under_eyes,-0.8551443878523086,0.17511306703090668,0.13313493132591248,0.4320717453956604
7531,ca71ccf1-c975-45de-b168-2e3276cd1277.png,Altered,847 ms,bags_under_eyes,-0.5057453848077167,0.17470085620880127,0.13273358345031738,0.43183112144470215
7531,dab5b2f6-c3ea-4c1d-af84-46b402955ebb.png,Altered,693 ms,smiling,-0.3451755213643908,0.175214022397995,0.1350560188293457,0.4299386739730835
7531,2be580df-6af8-4036-acb4-d57ffd5dba4d.png,Altered,558 ms,age,0.07394096197478617,0.1744656264781952,0.13239270448684692,0.43135231733322144
7531,a6d3a423-d0ce-426d-a7aa-d2fee6471114.png,Altered,719 ms,pointy_nose,-0.48490390730035693,0.17484354972839355,0.13412892818450928,0.4306665062904358
7531,02bf7c11-59a7-4a5a-9906-bbf9fb699d34.png,Altered,620 ms,narrow_eyes,-0.3125735120006674,0.17481735348701477,0.13307011127471924,0.43085041642189026
7531,d609c287-f138-44fe-a041-cd314c791bf3.png,Original,988 ms,Original,0,0,0,0
7531,03d65d45-7115-4257-a3dd-2c67e3ffe9dc.png,Altered,526 ms,age,-0.8817131075080673,0.17658905684947968,0.13869817554950714,0.42539501190185547
7531,4b7d4b05-9802-4a7b-82aa-e3daa524303a.png,Altered,546 ms,pointy_nose,-0.9998146903339247,0.17533916234970093,0.1362830102443695,0.42981356382369995
7531,55d83ce4-aeb9-4011-b72d-b4be091a8d10.png,Altered,604 ms,pointy_nose,0.014091175560108748,0.1745389699935913,0.13257147371768951,0.4309217035770416
7531,ef2a0b63-8f1f-436c-bcca-9c8cae331eb7.png,Altered,568 ms,age,0.9229149240446846,0.17305180430412292,0.13373838365077972,0.43282657861709595
7531,4e014947-228f-418f-ad2f-b1062c67e3f9.png,Altered,583 ms,age,0.16464191621606394,0.174227774143219,0.13211362063884735,0.431871622800827
7802,e3b59a53-2c98-4477-9854-515ce0e6c6b0.png,Altered,2516 ms,age,-0.09860168542342174,0.1748710721731186,0.15533447265625,0.4563814401626587
7802,b44ea5a5-7ab9-43ad-a227-050fe14afbb4.png,Altered,1366 ms,pointy_nose,0.988262300622982,0.175911545753479,0.15703898668289185,0.44960519671440125
7802,afa033c9-34ef-4fe3-8463-59fd075b333f.png,Altered,2367 ms,narrow_eyes,0.30302448619039235,0.17458395659923553,0.1554076373577118,0.45668017864227295
7802,4344ae00-f25d-49c7-96a2-b5efbfda9a35.png,Altered,1106 ms,chubby,0.9809439868002099,0.17418687045574188,0.14773181080818176,0.4593539237976074
7802,a3af80cf-a39f-4c88-a015-9f0be5c6a3e3.png,Altered,1744 ms,chubby,-0.07306192595640093,0.17499300837516785,0.15581053495407104,0.45600372552871704
7802,e029cef1-7aaa-46ea-91b0-f345689b75e1.png,Altered,1347 ms,smiling,-0.8652091799616612,0.1749998927116394,0.15652036666870117,0.45938047766685486
7802,63e4887d-1413-46d7-8540-c262d0ceb889.png,Altered,2360 ms,chubby,-0.19326014793420532,0.17486274242401123,0.15693072974681854,0.45550408959388733
7802,36716eac-23cc-4829-ae76-9dbfe4d66d9a.png,Altered,1321 ms,narrow_eyes,0.8446048680035558,0.1743905246257782,0.1560167521238327,0.4573206901550293
7802,ed0212d0-9b63-490e-adb7-86ffe7405898.png,Altered,1898 ms,chubby,0.40178268966673425,0.1742897480726242,0.15172766149044037,0.4576224386692047
7802,e90e6f16-6db3-4f54-9660-b31aafa208b1.png,Altered,930 ms,age,0.23594335489896,0.1746591031551361,0.1545618176460266,0.4560806453227997
7802,5340aa47-8779-4681-b411-60872aafb328.png,Original,1612 ms,Original,0,0,0,0
7802,b52e15fe-0d5f-4718-96b5-c472ae8f6178.png,Original,1656 ms,Original,0,0,0,0
7802,b2c734f7-2209-494e-a7a2-f089889994f0.png,Altered,1820 ms,bags_under_eyes,-0.4372652503704364,0.1746702790260315,0.1557673215866089,0.45705732703208923
7802,b4ab59af-df4b-4fae-80a9-277e290a8863.png,Altered,901 ms,bags_under_eyes,-0.1724786721314051,0.1747092306613922,0.1553746461868286,0.4566118121147156
7802,354b5127-0db8-49e9-8be9-7048ef45594e.png,Altered,1027 ms,age,-0.8357712843633447,0.1753935068845749,0.15677770972251892,0.4561845362186432
7802,8b5c050d-7fbe-4053-a4bd-d832f9d53737.png,Altered,878 ms,chubby,0.48559861224495826,0.17406699061393738,0.15112929046154022,0.45789602398872375
7802,4018148c-e006-46e4-90a0-f2e541ed57ae.png,Altered,975 ms,narrow_eyes,0.48736708850270327,0.17453670501708984,0.15557323396205902,0.4569142460823059
7802,50224cf7-7ee0-46d4-9e7a-cecf7d2bb462.png,Altered,923 ms,narrow_eyes,-0.504224178791159,0.17481458187103271,0.15476679801940918,0.4556606709957123
7802,e7c869a4-9995-4364-939a-8fcd61985390.png,Altered,929 ms,pointy_nose,0.43529574676587246,0.1750255823135376,0.15576578676700592,0.4540514051914215
7802,7a4ff81f-81d7-478c-87b9-24f51a9d9c21.png,Altered,933 ms,pointy_nose,0.8035167704208048,0.1754811704158783,0.15658006072044373,0.4513596296310425
7802,3d062dac-43e1-48a3-980c-7c59600ded7f.png,Altered,927 ms,pointy_nose,0.6262821871062965,0.17531029880046844,0.15616081655025482,0.4526579976081848
7802,f515d461-31d2-412c-91bf-0fcc49387cb3.png,Altered,844 ms,age,0.8700970957707115,0.174295574426651,0.15305253863334656,0.4554946720600128
7802,9d439c3b-0374-4fb0-8c2d-e899c3c268f8.png,Altered,886 ms,smiling,-0.4242131152319397,0.17471377551555634,0.1557619422674179,0.4579141438007355
7802,b05698e3-1727-41dd-bce7-4aa01ee4ef75.png,Altered,901 ms,smiling,0.6091148655099512,0.17439018189907074,0.1545313447713852,0.45368972420692444
7802,12bba0cf-e273-4103-a69c-3b4e5089ab36.png,Altered,797 ms,bags_under_eyes,0.8185316213715199,0.1748073399066925,0.15421174466609955,0.45484331250190735
7802,24e5a706-c4ac-4c83-914c-fb66f4dc4b66.png,Original,1026 ms,Original,0,0,0,0
7802,134b0df9-de98-4cff-81a1-8a7e127cced2.png,Altered,1261 ms,smiling,0.7644320930826363,0.17440812289714813,0.15443488955497742,0.4528955817222595
7802,c38e6bd0-21b4-426c-aefd-19ceb25767b1.png,Altered,944 ms,narrow_eyes,-0.9582846262971305,0.17479142546653748,0.1546202301979065,0.45454394817352295
7802,6745512b-123c-4f8e-b0f8-781711ece2e0.png,Altered,889 ms,bags_under_eyes,-0.4342663256813615,0.1746937483549118,0.15573665499687195,0.4570057988166809
7802,20ef3c6a-c63e-4d4c-a7e1-bbeedf3acc9f.png,Altered,858 ms,age,-0.48620495544861475,0.17506444454193115,0.15614241361618042,0.45640215277671814
7802,f8a7c744-106e-47a5-9df0-ede2879863a1.png,Altered,930 ms,pointy_nose,-0.37971090127229723,0.17458103597164154,0.15490970015525818,0.45784837007522583
7802,99ccdad4-8bf8-4322-8867-70f5f1d69546.png,Altered,690 ms,bags_under_eyes,0.3351181808979342,0.17498080432415009,0.1547067016363144,0.4556789994239807
7802,e42b4c4b-0503-49a7-b8d8-d57f270d424d.png,Altered,1018 ms,smiling,-0.11543263420926686,0.17484736442565918,0.15532082319259644,0.45674389600753784
7977,9af65e66-704b-4485-9704-29adf58eca22.png,Altered,1614 ms,smiling,-0.9145750992487371,0.1858634203672409,0.21355180442333221,0.36133986711502075
7977,91cf7973-bf71-480e-8eb4-a84c185f75be.png,Original,1714 ms,Original,0,0,0,0
7977,e281d376-8514-4b33-855f-293b8687f724.png,Altered,991 ms,age,-0.8571344175252318,0.1846170425415039,0.20917855203151703,0.35907983779907227
7977,34ab77d1-938e-48c2-accc-e182317e6816.png,Altered,864 ms,age,0.0822819144896445,0.18461737036705017,0.20521609485149384,0.3631342947483063
7977,3eca69c0-36f6-4395-b447-57600f0af232.png,Altered,892 ms,age,0.5219316170052049,0.18424908816814423,0.20328067243099213,0.36538076400756836
7977,a2f416d2-61a8-422a-a387-943c0a48cfd3.png,Altered,1186 ms,pointy_nose,-0.7793003908523479,0.18384778499603271,0.2161179780960083,0.36309999227523804
7977,cdfad3c0-1a14-4401-bba2-333cba4453db.png,Altered,1008 ms,chubby,0.963764060085665,0.18405956029891968,0.2156130075454712,0.3652983605861664
7977,36e2fbd6-8d4a-43f9-938e-39e7e89d6e51.png,Altered,1270 ms,chubby,0.7828018729440707,0.18396751582622528,0.21362653374671936,0.36497581005096436
7977,529b9dba-2a73-410b-a6d4-2f6c3427d56e.png,Altered,1498 ms,bags_under_eyes,-0.6655888264653445,0.18447411060333252,0.20437400043010712,0.3625504970550537
7977,692622ed-a51e-4fa0-a007-f7e3a09fc8d5.png,Original,1136 ms,pointy_nose,0.26908947371936676,0.1845369040966034,0.2024696320295334,0.36287131905555725
7977,e9101b59-9349-4f6b-ab16-361e3c95c732.png,Altered,1183 ms,bags_under_eyes,0.7552076059740789,0.1840571165084839,0.20733845233917236,0.3628462553024292
7977,30f68666-cbf8-4c57-a6b1-d8c126bebaa1.png,Original,1122 ms,Original,0,0,0,0
7977,39693a9d-705a-49bb-b51b-541381c44152.png,Altered,1062 ms,chubby,-0.29323376344417285,0.1847420334815979,0.20296403765678406,0.3621281385421753
7977,5a6e7e83-acee-46b3-b38b-15053583143e.png,Altered,783 ms,bags_under_eyes,-0.38395606240550606,0.1844695657491684,0.20477382838726044,0.36264854669570923
7977,9cf9d4c9-7b76-4c21-bef9-36280abc2ec8.png,Altered,647 ms,smiling,-0.13370847511076978,0.18460218608379364,0.2066533863544464,0.3626415431499481
7977,1df8bf8f-6327-46d5-b7cf-b019178d0ec1.png,Altered,900 ms,bags_under_eyes,0.6248627248590293,0.1841970682144165,0.20707988739013672,0.3628084361553192
7977,88013cd9-9943-4a61-a944-84e91b159fb2.png,Altered,715 ms,smiling,0.9162185056609105,0.18319955468177795,0.19813351333141327,0.3630625903606415
7977,cbc229f0-0d2c-48ab-a5b5-997c622c2224.png,Altered,874 ms,chubby,0.16585489782788843,0.18460336327552795,0.20705696940422058,0.36322179436683655
7977,419d4ab8-26aa-47c1-a3ff-5433dee153d2.png,Altered,755 ms,pointy_nose,0.09490453888066974,0.18465840816497803,0.2043539583683014,0.36278238892555237
7977,789af008-29d9-48c4-a36e-69647839d20e.png,Altered,639 ms,age,0.6296127323988103,0.18413016200065613,0.20281895995140076,0.365848183631897
7977,a8d698e3-2882-47fa-ac51-943a1578bc0f.png,Altered,764 ms,narrow_eyes,-0.04769951793621141,0.18460361659526825,0.20540833473205566,0.3627159595489502
7977,b86a0985-b8a7-4aa2-8b22-4b02c8fd9329.png,Original,1313 ms,Original,0,0,0,0
7977,96f5f8b6-414c-4298-a664-a388ac200240.png,Altered,666 ms,narrow_eyes,-0.41760629316089837,0.18463610112667084,0.20472024381160736,0.3625938892364502
7977,68bdd27f-c9b5-4a2b-9c89-fc76e9239eef.png,Altered,660 ms,smiling,0.528956727392097,0.18418696522712708,0.20113055408000946,0.3633149266242981
7977,87693272-0467-40ed-8325-45ab7194c774.png,Altered,667 ms,narrow_eyes,-0.17841501058202258,0.18460258841514587,0.2051551342010498,0.36267709732055664
7977,2bb5f71f-3483-4bc5-b8c3-aebf7ce88384.png,Original,1357 ms,Original,0,0,0,0
7977,b1c427cd-b837-440f-bb36-e61075d6718a.png,Altered,755 ms,bags_under_eyes,-0.858074932190354,0.18456006050109863,0.20410475134849548,0.3624287247657776
7977,db0589d1-83d1-4fa2-94b7-5e31c7dadd6d.png,Altered,578 ms,age,0.06232883108942833,0.1846185177564621,0.20529749989509583,0.363047331571579
7977,8a4b7af0-6df9-4ace-9f68-b1a45d70dc77.png,Altered,650 ms,narrow_eyes,-0.32463582458616314,0.18461692333221436,0.20488807559013367,0.36270713806152344
7977,27f4b38d-851d-4412-8302-4db491245172.png,Altered,699 ms,pointy_nose,-0.46947527217030505,0.18422985076904297,0.21154817938804626,0.3628617525100708
7977,b3e534f5-d95b-4d56-98a3-10e6a29c5d20.png,Original,811 ms,Original,0,0,0,0
7977,7673d7b2-4f1d-4360-a4a8-e8e9ec04e4e3.png,Altered,745 ms,smiling,0.3052450492237184,0.1840534806251526,0.20287451148033142,0.36324334144592285
7977,4ba6d05b-751c-41e5-932d-096f2eac7273.png,Altered,562 ms,narrow_eyes,0.9897955266393075,0.18404850363731384,0.20795315504074097,0.3624379634857178
7977,bb2841ce-19f2-4190-bb6f-df0f3f1bf91f.png,Altered,499 ms,chubby,0.8070447724076595,0.18404152989387512,0.2138068526983261,0.36504700779914856
7977,1b2999b9-665f-4367-9bae-9498b50034cf.png,Altered,621 ms,pointy_nose,0.03718058015055914,0.1846860647201538,0.20511388778686523,0.362673282623291
8003,61b69e08-a77a-442c-9825-3c056c36d9a9.png,Original,6846 ms,smiling,-0.953269451685298,0.2296116203069687,0.27461761236190796,0.3703848421573639
8003,f8740143-fa41-440b-ad95-e1c2df8d00e1.png,Altered,3366 ms,narrow_eyes,-0.4961198989822284,0.22836391627788544,0.2671927809715271,0.3691307008266449
8003,32b4ff33-2f87-4b42-9cae-61485b99d333.png,Altered,1662 ms,bags_under_eyes,-0.5640484142603723,0.22735419869422913,0.26613348722457886,0.3683707118034363
8003,3de62f30-a6e5-4717-9917-69d47ddfc506.png,Altered,2501 ms,chubby,-0.9800716171015853,0.2279825210571289,0.26740580797195435,0.35784316062927246
8003,228262a6-9d1b-4a0a-96e9-793379bf524f.png,Altered,2778 ms,chubby,0.5787501383360634,0.22802338004112244,0.26633143424987793,0.3734367787837982
8003,01ee8765-7294-48f2-b1fd-023e874dcd71.png,Altered,2158 ms,narrow_eyes,-0.39310437241239504,0.22838643193244934,0.26720061898231506,0.3694746792316437
8003,115bd817-0800-4f28-8c10-4aa6fdf6c856.png,Altered,3248 ms,bags_under_eyes,-0.6208693544153803,0.22731582820415497,0.2660202085971832,0.36805498600006104
8003,a8a010fc-9f62-4d13-aaa2-0853fd9e2a9c.png,Original,1450 ms,bags_under_eyes,-0.5959551111975723,0.2272980660200119,0.26604101061820984,0.368203341960907
8003,ee288956-66d1-4248-99cb-4dea2f1e4365.png,Original,1724 ms,age,-0.5200905427119578,0.2291468381881714,0.2685554623603821,0.36892324686050415
8003,a4fd1e04-3534-4034-ac0d-e11c97a7d7c3.png,Original,3632 ms,Original,0,0,0,0
8003,eaecfd03-7b8b-4e46-aef3-4ba1830d405f.png,Altered,1740 ms,pointy_nose,-0.5626962859335616,0.22804854810237885,0.2686678171157837,0.37531304359436035
8003,a92c4cb6-7f55-4103-9233-6ac98e8e0775.png,Original,4215 ms,Original,0,0,0,0
8003,1f12d2f0-d29b-4db6-bd8c-e6c85a043c0c.png,Altered,1391 ms,pointy_nose,-0.971841056150323,0.2276168167591095,0.2693917155265808,0.378512442111969
8003,5a3ab2e6-4896-4ec0-aad0-9f55acf13510.png,Altered,1197 ms,bags_under_eyes,0.5003201205141676,0.2291804403066635,0.26820528507232666,0.3720550239086151
8003,bffeb991-a555-4430-bd2a-9b51e9e8f2fd.png,Altered,944 ms,narrow_eyes,-0.5406147574502049,0.22837543487548828,0.26715707778930664,0.36900579929351807
8003,6cc119a3-7047-411c-81e8-901ed5008f00.png,Altered,802 ms,smiling,-0.3536317736704313,0.22906547784805298,0.2699403464794159,0.37052109837532043
8003,d624734e-4f4d-4978-9d68-70149b0ea447.png,Altered,685 ms,bags_under_eyes,-0.6357556386388992,0.22733454406261444,0.2659870982170105,0.3679724335670471
8003,3166d016-3a09-471a-87d7-749ea6811917.png,Altered,749 ms,chubby,0.5689695036682583,0.22797128558158875,0.266374409198761,0.37335363030433655
8003,748d0f0e-cb57-4db8-9a08-38d8ffe0a1a4.png,Original,1098 ms,Original,0,0,0,0
8003,bc85f0b8-26ce-4c5c-8138-a2fd1a09ce56.png,Altered,1112 ms,smiling,0.04805261823705931,0.22798249125480652,0.266862690448761,0.37031686305999756
8003,0bdc1169-c7c9-43af-81b6-7e20ede25bb5.png,Altered,903 ms,chubby,-0.1960789536344012,0.22827205061912537,0.26736024022102356,0.368519127368927
8003,2f7976ae-232c-416c-9eb6-e598c6b0c532.png,Altered,831 ms,pointy_nose,0.6705937008896197,0.22829526662826538,0.2647213339805603,0.3625049889087677
8003,41603de6-9d44-473a-90c2-842b2e0b0765.png,Altered,809 ms,age,0.6490639607844464,0.22735804319381714,0.26566654443740845,0.36989492177963257
8003,8d8507e3-10d3-49a6-be72-e9bde84591b5.png,Altered,891 ms,age,0.6233898709271206,0.22733454406261444,0.2657407522201538,0.3699507713317871
8003,baca3449-608d-4352-91bf-f6f68b575c2d.png,Altered,879 ms,narrow_eyes,0.1242173944488032,0.22809946537017822,0.26717084646224976,0.3705590069293976
8003,6b7308e4-221a-4e9f-a09f-65bd03b36355.png,Altered,919 ms,smiling,0.10552786536880743,0.2280281037092209,0.2664032280445099,0.37024563550949097
8003,f53ec3cf-183d-40e6-a207-c7960fde196f.png,Altered,774 ms,age,-0.5426459395312508,0.2291393280029297,0.2686029076576233,0.3688870072364807
8003,7b7580d8-b05a-4439-804a-2098b9989192.png,Altered,842 ms,pointy_nose,0.323888160494614,0.22823849320411682,0.26613372564315796,0.36696723103523254
8003,0d3bcd44-e9ff-4ca1-85cb-1c90386b10dd.png,Altered,796 ms,smiling,-0.2827384074926451,0.22882431745529175,0.2694396376609802,0.3705541491508484
8003,903392f9-4f2e-44ce-a7fa-bbff1aa73b48.png,Altered,687 ms,age,-0.8031065480170254,0.22894899547100067,0.2692694664001465,0.367893248796463
8003,cfbfc72d-7420-4ceb-ad9d-1db1b746f60d.png,Altered,710 ms,pointy_nose,-0.9353670807037011,0.22767165303230286,0.26917898654937744,0.3783037066459656
8003,56bd94d2-2727-451f-99ff-06f06693d6a8.png,Altered,719 ms,narrow_eyes,0.9916865924418667,0.2272823303937912,0.2672303318977356,0.37216079235076904
8003,83935b77-5320-4281-ae21-9311e9c75930.png,Altered,792 ms,chubby,0.72553525492394,0.22826147079467773,0.2658901810646057,0.37416476011276245
8140,eaa55122-79a0-48a0-ab5f-eb00cab064a9.png,Altered,2434 ms,smiling,-0.0038267081790857027,0.14557667076587677,0.11140838265419006,0.5335652828216553
8140,45cf99a9-99c3-43a5-af84-b288bb6892dd.png,Altered,3254 ms,Original,0,0,0,0
8140,86b8e4c4-d110-49e8-b8a0-364c07102740.png,Original,5317 ms,chubby,0.571615210583394,0.1459062248468399,0.11244668066501617,0.5349225401878357
8140,f360e99c-9eea-488c-a2be-6760a1b6f915.png,Original,2549 ms,smiling,-0.7723471390624743,0.1470164954662323,0.11673333495855331,0.5288332104682922
8140,9ba31dfc-ddbe-45a2-bddc-59758bb7fcef.png,Altered,3495 ms,smiling,0.992264387443528,0.14384137094020844,0.10654273629188538,0.5377655625343323
8140,43da2b48-2915-4e60-b7af-627a28385911.png,Original,3518 ms,pointy_nose,0.06685308244042765,0.1455676406621933,0.11143596470355988,0.5332256555557251
8140,56d31613-39c3-4754-8dea-9a2f6bbb7d3e.png,Original,1743 ms,Original,0,0,0,0
8140,637c271a-49bc-4d0e-83a0-bd86b6b308d2.png,Original,3330 ms,chubby,0.09065065253320626,0.14542554318904877,0.11155921220779419,0.5338006019592285
8140,c6d85db7-d2a2-4730-a140-8e16a54495a3.png,Altered,2285 ms,narrow_eyes,0.501751100269533,0.14545705914497375,0.11071917414665222,0.5350989103317261
8140,bfbd694a-e654-4c8d-b624-311144abd595.png,Altered,2693 ms,age,0.593041117751741,0.1454949975013733,0.11058136075735092,0.536660373210907
8140,dcb2d897-8a3d-498b-b8b6-3756fb1a5b5b.png,Altered,2103 ms,smiling,0.32844745982886714,0.14470842480659485,0.10956297814846039,0.5348466038703918
8140,d058b7e2-2ee2-42ff-8796-a3f80ff4e5b5.png,Original,2385 ms,age,-0.8694650161857218,0.14653030037879944,0.11319881677627563,0.5288259983062744
8140,c88003c8-55ce-4f8a-9b18-d97eedd59b34.png,Original,2619 ms,pointy_nose,-0.7650448541050545,0.14655737578868866,0.11183613538742065,0.5356318354606628
8140,b574c822-3b7f-466f-9c60-4f108abcffb4.png,Original,2847 ms,bags_under_eyes,-0.12894568689339736,0.14546625316143036,0.11161273717880249,0.5332351922988892
8140,bb632ff4-4ca1-4615-bedd-32ed1ccee3ce.png,Original,2438 ms,pointy_nose,0.8709899728580472,0.14566506445407867,0.11290065944194794,0.5284125208854675
8140,3d7d59d1-fe74-4c34-b9cf-1743cba1ff8a.png,Altered,2882 ms,narrow_eyes,0.19103884977551933,0.1455102562904358,0.11111313104629517,0.5339910984039307
8140,36f802d5-6c4c-4463-a444-fef79c884f76.png,Altered,2600 ms,bags_under_eyes,-0.7489611105618796,0.14464667439460754,0.11261813342571259,0.531421422958374
8140,40141f76-66f5-4790-8728-1247cb713ce5.png,Altered,1949 ms,age,-0.8072365984184675,0.14638236165046692,0.11303824186325073,0.5291195511817932
8140,55a010e2-c0fb-40cc-8588-65818a341c89.png,Original,3212 ms,bags_under_eyes,0.3320809070420905,0.14562401175498962,0.11085812747478485,0.5344120860099792
8140,cfa91d6c-ae9b-4613-8209-6ce35073ef98.png,Altered,2664 ms,smiling,-0.04435230921583533,0.14561264216899872,0.11163364350795746,0.5334336757659912
8140,5b3dda84-7e0a-45bf-a815-e62285c864a9.png,Altered,1839 ms,chubby,0.10071311303591446,0.1453932672739029,0.1115691214799881,0.5338226556777954
8140,9c1b7805-cd9b-4006-891e-dc158af36b7b.png,Altered,3016 ms,pointy_nose,0.045113747157081274,0.14557363092899323,0.11138709634542465,0.5333639979362488
8140,65c344d9-62ce-4f9e-b073-dabd623a1c8e.png,Altered,5005 ms,Original,0,0,0,0
8140,b51ba1f0-46e6-4e5b-a123-af71d1ab3183.png,Altered,3342 ms,narrow_eyes,0.8759745205278868,0.1456405520439148,0.11044704914093018,0.5361829996109009
8140,a613cde7-1437-4678-a9bd-3ee3aa4a5f9b.png,Altered,3182 ms,age,-0.7728591265326121,0.14626801013946533,0.11289255321025848,0.5292186141014099
8140,6564fb97-2833-453d-9a8e-5b667e17cda2.png,Original,3380 ms,chubby,0.7611751772589754,0.14599621295928955,0.11287196725606918,0.5349704623222351
8140,0326bb87-24ff-44c2-8e2d-e5c801b12799.png,Altered,3323 ms,chubby,0.5271691595775285,0.1458911895751953,0.11237959563732147,0.5348324179649353
8140,4e392be1-dabd-4d99-92f2-67c1e4903aa2.png,Altered,3482 ms,pointy_nose,0.4021161260312234,0.14559893310070038,0.1118699461221695,0.5316079258918762
8140,2ab82012-7f49-4517-a2ec-78136b697d24.png,Original,4109 ms,narrow_eyes,0.3437901924837534,0.14550571143627167,0.11086469888687134,0.5345802903175354
8140,ed1db514-8569-4ba7-8686-be6629ec72a5.png,Altered,4282 ms,bags_under_eyes,0.6736458184981593,0.14583109319210052,0.11050256341695786,0.5354985594749451
8140,3504ef97-b2cd-42ed-bdda-b2effae14925.png,Altered,2154 ms,bags_under_eyes,-0.16018415183563195,0.1454383134841919,0.11166317760944366,0.5331912040710449
8140,13bb8be1-998a-4a04-8a08-d28c3a1cb6f0.png,Altered,4220 ms,age,-0.10233147908042084,0.14577047526836395,0.11159362643957138,0.5329828858375549
8140,f270ed9a-9cbc-48dc-bae2-74ace3ef412d.png,Original,4250 ms,narrow_eyes,0.4326530220646969,0.1454724371433258,0.11077498644590378,0.5348603129386902
8227,bef4fccf-7337-40ad-86fb-f679ccacbe50.png,Original,4291 ms,bags_under_eyes,-0.018169139556312608,0.17312446236610413,0.2051996886730194,0.4764201045036316
8227,dd45096a-64ce-46a3-a01c-a7b42a5a866e.png,Altered,4130 ms,bags_under_eyes,0.9288240793757292,0.17387628555297852,0.20767998695373535,0.4761093258857727
8227,156e6dd5-5ccf-461c-be24-8f142e894957.png,Altered,1484 ms,smiling,-0.5257513895837047,0.1741257607936859,0.21140365302562714,0.4732077717781067
8227,4ec33ab9-6b18-4416-86eb-63405a547d42.png,Altered,1324 ms,pointy_nose,0.46770122357579447,0.1732039898633957,0.2023501843214035,0.4743484854698181
8227,e35d3ff3-40b9-4700-b266-f3f2a37a9d16.png,Altered,1250 ms,bags_under_eyes,0.22147548628520286,0.1732647716999054,0.20573799312114716,0.4764750599861145
8227,647c4cea-49b1-468b-9a56-19d7fb2fda6c.png,Altered,1125 ms,age,0.23367550549799998,0.17349278926849365,0.20526906847953796,0.4760046601295471
8227,f0bd165a-cb3a-4c01-932c-c0160cde8d54.png,Altered,1091 ms,pointy_nose,-0.5047561613521203,0.17344653606414795,0.2084096372127533,0.4785948395729065
8227,0dac069f-e65a-47ed-82a7-06e9600757a3.png,Altered,889 ms,chubby,0.13598954974002986,0.17333655059337616,0.20645511150360107,0.47622227668762207
8227,362767cf-2b5d-4791-b2ed-e2c2e48bcae4.png,Altered,1444 ms,narrow_eyes,0.49618849752786387,0.17348557710647583,0.20449790358543396,0.47904789447784424
8227,504518d6-d569-409e-bed7-886b040598e2.png,Altered,1488 ms,age,0.47126015223018114,0.17337235808372498,0.20530842244625092,0.4755015969276428
8227,1c6a68ee-74ad-4e36-8f34-c8f6a0d15ea2.png,Altered,1105 ms,smiling,-0.7153897041170301,0.17433783411979675,0.21367500722408295,0.4722350537776947
8227,f329b43b-7c60-4a90-905c-261c6852bdb3.png,Altered,1289 ms,chubby,-0.18520807048914945,0.17275124788284302,0.20352423191070557,0.47681599855422974
8227,ce5e7976-65d8-4886-82e6-3f4126d1561b.png,Altered,1449 ms,pointy_nose,0.08216686603765555,0.17302808165550232,0.20467671751976013,0.4761050045490265
8227,9ef59090-71c9-4133-b1ad-c66d46641b9c.png,Altered,1430 ms,pointy_nose,-0.6164246647549787,0.17354893684387207,0.20906975865364075,0.4790482223033905
8227,8bd29390-d2b1-4cba-935b-34839590a4a9.png,Altered,2637 ms,narrow_eyes,-0.9416154232735692,0.17338919639587402,0.20675599575042725,0.47097060084342957
8227,2ef2dc68-f48a-465c-a473-b466b2499f80.png,Altered,1513 ms,chubby,-0.1587564528498071,0.1727709025144577,0.2037409543991089,0.4767756462097168
8227,a8d38676-1669-4f3d-bf6c-aa8dc83d46f0.png,Altered,2318 ms,chubby,-0.5280767216834648,0.17310887575149536,0.200592041015625,0.47735172510147095
8227,af0698b8-d29c-4c64-8df4-7505f724a102.png,Altered,1510 ms,smiling,-0.38619547279279387,0.17383520305156708,0.20972400903701782,0.47396931052207947
8227,517db420-5dd8-460b-86ec-79fcd41ef05c.png,Altered,2239 ms,bags_under_eyes,-0.15628164319377724,0.17302513122558594,0.20478713512420654,0.4763740301132202
8227,52eb30d3-56e1-4903-8011-b53c50ad58fb.png,Original,2234 ms,Original,0,0,0,0
8227,c78a7950-5db3-4a7a-8165-14256c35d807.png,Original,1536 ms,Original,0,0,0,0
8227,9bbb2154-63c0-4a70-b253-1593dd73c378.png,Altered,3131 ms,narrow_eyes,-0.1455438722264668,0.17318540811538696,0.2054825723171234,0.47555968165397644
8227,199640ea-56a6-495c-a21c-2ae4df4f6407.png,Altered,1346 ms,smiling,0.43680130580418797,0.17244136333465576,0.2002757042646408,0.4788719117641449
8227,622ef5e6-15ae-4bf5-9c24-f5faf15164ff.png,Altered,901 ms,pointy_nose,0.21259449047966172,0.17297503352165222,0.20382706820964813,0.4754968285560608
8227,db96ab65-b776-4071-baa3-10c30ae5754e.png,Altered,692 ms,narrow_eyes,-0.3595367326646297,0.17338649928569794,0.2057848423719406,0.47425806522369385
8227,2c8d4852-6842-4927-87ae-ea3c46d66e83.png,Original,1578 ms,Original,0,0,0,0
8227,e529cc56-7f00-4e21-9d3b-0d8b0da840db.png,Altered,2990 ms,chubby,-0.8385246165084805,0.17274872958660126,0.19789287447929382,0.47756633162498474
8227,b411fc8e-2f33-4101-ba7c-b5a42dd6c30a.png,Altered,1671 ms,bags_under_eyes,-0.48889447273550246,0.17278437316417694,0.20406898856163025,0.4759170413017273
8227,21ebd509-50a5-4a77-9f38-e4d9ba83a42f.png,Altered,826 ms,narrow_eyes,0.07945671392206566,0.17302457988262177,0.20514380931854248,0.47681528329849243
8227,470073d0-fa42-409b-b9ac-2bbfc1a24829.png,Altered,595 ms,age,0.6852864085600623,0.17330262064933777,0.20541922748088837,0.474906325340271
8227,eab0fdfc-872f-4978-8c1e-c8ecf6c73f12.png,Original,1315 ms,Original,0,0,0,0
8227,a0b93f71-cf5b-4d0f-9cf2-642516c94d46.png,Altered,1604 ms,age,0.15760488159261987,0.1732056587934494,0.2052120864391327,0.4761347472667694
8227,313d2550-9be2-49ec-a61e-ee94f6dd4e40.png,Altered,1209 ms,smiling,0.34503973427520873,0.17266222834587097,0.20130972564220428,0.47838008403778076
8227,844867cb-52fa-4bcc-9c90-c37850b6d6ca.png,Altered,705 ms,age,0.04628017739419965,0.17305421829223633,0.20525625348091125,0.4763353168964386
8227,bf05ab35-41b0-478f-b332-92fecc999539.png,Original,1458 ms,Original,0,0,0,0
8367,3ad154ce-fd74-4370-98ac-fc27c6141eb0.png,Altered,2523 ms,pointy_nose,0.8822389235033121,0.11814562976360321,0.07402684539556503,0.689578115940094
8367,4ab72fdf-2560-40e4-a008-74ecdc718b80.png,Altered,1120 ms,smiling,-0.8801810824779355,0.11555233597755432,0.07805262506008148,0.6914767026901245
8367,905dcefb-f4c5-4480-8b9a-4f7f93f9c08c.png,Original,2017 ms,Original,0,0,0,0
8367,561c3427-c560-48bd-8d18-2f420d2e8091.png,Altered,1622 ms,narrow_eyes,0.8045623736504941,0.11784007400274277,0.08269573748111725,0.6841040253639221
8367,a4837ff7-b5ab-4ae0-8b5c-beddee363612.png,Altered,1299 ms,smiling,0.7523784191882834,0.11845444142818451,0.07978152483701706,0.683476448059082
8367,5e19da99-e74a-4317-8771-f0a2981ec0b7.png,Altered,1191 ms,narrow_eyes,0.16683461666007937,0.11720564216375351,0.07949121296405792,0.6875026226043701
8367,abaf7e3c-7eb2-4d39-b72d-aa0034531e98.png,Altered,829 ms,narrow_eyes,0.8342331448231657,0.11794575303792953,0.08285010606050491,0.6839237213134766
8367,c9516988-7885-4f24-8826-636395dfa966.png,Altered,1396 ms,smiling,-0.727182257523634,0.11584895849227905,0.07810790091753006,0.6910975575447083
8367,577aa598-57fa-4601-8feb-71547f0947bd.png,Original,1210 ms,Original,0,0,0,0
8367,245d4829-cf70-48d8-9aa4-7d7a6e98fc11.png,Original,981 ms,Original,0,0,0,0
8367,a11e41b3-284d-4593-afc3-fffbefcd886c.png,Altered,1497 ms,narrow_eyes,-0.7436883300382471,0.11637254804372787,0.0754605382680893,0.6919185519218445
8367,bc2d3951-ae10-4a2e-953b-39eb526fd3e3.png,Altered,1231 ms,age,0.6424796599211082,0.11907343566417694,0.0828186571598053,0.6813298463821411
8367,4f05821a-cb86-4213-ab5c-9a03b111a1cc.png,Altered,841 ms,narrow_eyes,0.4275738516685088,0.11733048409223557,0.08073075115680695,0.6861277222633362
8367,d5cd51c6-c28b-4902-bb03-89b5a9fce446.png,Original,986 ms,Original,0,0,0,0
8367,a7a9d55f-16ce-444a-a753-e3cc40298db4.png,Altered,1023 ms,pointy_nose,0.999379112017253,0.11839735507965088,0.07347702234983444,0.6896904110908508
8367,075a3081-26d6-4aea-87dd-13179a39eebc.png,Altered,1846 ms,Original,0,0,0,0
8367,221aac7c-153d-47b0-8835-fbd59bc49e09.png,Altered,915 ms,bags_under_eyes,-0.9833738120854878,0.11637460440397263,0.07724322378635406,0.6929982304573059
8367,596c09f3-d2e8-470f-9dff-35d17480a4e1.png,Altered,1352 ms,chubby,0.435224522290129,0.1170976459980011,0.08190705627202988,0.6867881417274475
8367,7566d8f5-3901-4136-b5f4-c35665aa731f.png,Altered,819 ms,pointy_nose,-0.5476912082577425,0.11650415509939194,0.08245562762022018,0.6868337392807007
8367,9e98d528-0ea9-4ac6-800d-6cfb40597d06.png,Altered,921 ms,age,-0.0009123443002398979,0.1172604188323021,0.07870820164680481,0.6883302927017212
8367,07cf0da4-50bd-4914-b004-2d11da889585.png,Altered,1071 ms,age,-0.627796264666294,0.11494442075490952,0.07591049373149872,0.6956537961959839
8367,baaf5de3-87eb-4c9d-8ffd-0247c506c266.png,Altered,771 ms,chubby,-0.8203367160330948,0.11654086410999298,0.07300450652837753,0.6912872195243835
8367,ee569527-f213-40fd-b4d8-f851dc82f137.png,Altered,780 ms,bags_under_eyes,-0.9374312781973417,0.11640125513076782,0.07727866619825363,0.6928074359893799
8367,65718b46-1d48-493c-bd74-629f7897b5a7.png,Altered,664 ms,pointy_nose,-0.7266637487080192,0.11639931797981262,0.08389748632907867,0.6862651109695435
8367,ff1aafaf-de09-4728-88bc-2a3291758da5.png,Altered,637 ms,smiling,0.26452645400817687,0.11772361397743225,0.07902916520833969,0.6868919730186462
8367,cfaa7128-ee5a-41b2-a414-e9ad06ea29c6.png,Altered,774 ms,age,-0.22119867938038396,0.11627374589443207,0.07753997296094894,0.6909075379371643
8367,f6108738-bd40-4d25-a720-629a961286d2.png,Altered,672 ms,chubby,0.552252050413095,0.11719568073749542,0.0827668085694313,0.686439037322998
8367,7f677603-a581-4fc3-bfbb-51c2d7b1d06e.png,Altered,802 ms,bags_under_eyes,-0.8548308957307753,0.11639651656150818,0.07740055024623871,0.692440390586853
8367,c130a1ac-67bd-4dff-905c-7648652aec51.png,Altered,823 ms,bags_under_eyes,0.6898981043244572,0.11757832765579224,0.08018992096185684,0.6844738125801086
8367,dc682fed-c9b2-49a4-9247-498eae9fba95.png,Altered,952 ms,chubby,0.4801341895553537,0.1171606034040451,0.08223515748977661,0.6866241097450256
8367,f1ca519b-599e-43da-a4cd-c74fd8dc2893.png,Altered,961 ms,age,0.187616742954547,0.11781811714172363,0.07975584268569946,0.6862263083457947
8367,c649d8b0-1d15-4685-80c1-8c905f859235.png,Altered,671 ms,smiling,-0.1992062207147891,0.11686871945858002,0.0785011351108551,0.6892731189727783
8367,7c2e6e73-23c9-4049-b82c-9868f64dce4f.png,Altered,714 ms,pointy_nose,0.3613752504744616,0.11746637523174286,0.07659466564655304,0.6890578866004944
8367,886dba50-646a-4c5c-a94b-a45a0b58bd7b.png,Altered,607 ms,bags_under_eyes,-0.4492749714113875,0.1168580949306488,0.07794784754514694,0.6905341744422913
8367,0d8deb8e-8ece-4e92-ab99-b58deffe77a4.png,Altered,568 ms,chubby,-0.14505791255757616,0.11724996566772461,0.07768364250659943,0.6889246106147766
8401,e1ece90c-7f26-4b59-8c44-8d3ff2e79180.png,Altered,1638 ms,Original,0,0,0,0
8401,c8b9705a-18a3-44ce-9acf-7de5a94dae6f.png,Altered,918 ms,age,0.07814658628722082,0.19519536197185516,0.40954434871673584,0.3605981171131134
8401,c5de811b-4109-4876-a16b-553b86dd2b7a.png,Altered,736 ms,narrow_eyes,-0.4660975632250186,0.19538705050945282,0.4062075614929199,0.3605712354183197
8401,19d4c4d7-b2de-48d7-b964-18ccdae75283.png,Altered,1123 ms,Original,0,0,0,0
8401,7593ce84-64f6-4d7c-b471-a72a51da2cc1.png,Altered,832 ms,smiling,-0.1618074881450393,0.19544744491577148,0.4109923839569092,0.36111128330230713
8401,fb0ad363-8505-4147-9f40-158d21977c51.png,Altered,620 ms,chubby,-0.016040486372852714,0.19536368548870087,0.40987294912338257,0.3606020212173462
8401,309631cf-eb4e-4e63-ba75-7f3601c3fae7.png,Altered,661 ms,chubby,-0.9466400062382732,0.19628362357616425,0.3992513418197632,0.356531023979187
8401,bdfbd046-fc35-4920-8b76-caad4888b98d.png,Altered,631 ms,age,0.022736722833832657,0.19532403349876404,0.40988123416900635,0.36067816615104675
8401,23bab816-062f-40f8-97ce-5f2ab20886c3.png,Altered,594 ms,narrow_eyes,0.5554920261631249,0.19555234909057617,0.4149963855743408,0.36086103320121765
8401,8353e7ce-b50a-4ee1-8715-f9385326b152.png,Altered,472 ms,pointy_nose,-0.04712698602725918,0.19535478949546814,0.41094720363616943,0.36105477809906006
8401,5e52ac77-fd78-4650-a479-e27100bdbad0.png,Altered,477 ms,chubby,0.8236376532033092,0.19523444771766663,0.4171149730682373,0.36633744835853577
8401,256e6131-61f7-4dc0-a6e6-9fc2335999a2.png,Altered,496 ms,bags_under_eyes,-0.009823517369030421,0.19540879130363464,0.41008734703063965,0.36068522930145264
8401,cc821537-ba04-46cc-a917-34e584bb81c5.png,Altered,570 ms,chubby,0.6258686391236361,0.19539201259613037,0.4155212640762329,0.36510974168777466
8401,55b7db40-b53f-415a-93a7-3479b40d0945.png,Original,823 ms,Original,0,0,0,0
8401,3cfdc776-7069-4b47-bc41-c3fa8816be5e.png,Altered,720 ms,narrow_eyes,-0.6403013888943407,0.19521574676036835,0.4047498404979706,0.3605826497077942
8401,9777274b-6bcc-498e-add5-ad280e58b7e2.png,Altered,566 ms,pointy_nose,-0.7584221049058364,0.1959407925605774,0.4240323007106781,0.3653682470321655
8401,812b0808-b0cf-4431-b779-27adef18a91f.png,Altered,543 ms,pointy_nose,-0.173555380400229,0.19550172984600067,0.4133419394493103,0.3618491590023041
8401,ea7b1a02-3761-412d-a15c-099cc45d4f16.png,Altered,492 ms,chubby,0.7300867025460216,0.19522395730018616,0.4164886474609375,0.365719199180603
8401,a03fead3-47e3-48e4-9a64-f1db430d8301.png,Altered,704 ms,smiling,0.16252878155644201,0.1952206790447235,0.4091028571128845,0.36026790738105774
8401,2cfeb072-773c-4b60-b852-83f7ac6097f4.png,Altered,491 ms,narrow_eyes,0.000746843679398701,0.1953873336315155,0.4100502133369446,0.3606981039047241
8401,293a8120-74d8-4cae-b6be-b173d4eb89e8.png,Altered,543 ms,pointy_nose,0.9393600297569757,0.19528061151504517,0.39058423042297363,0.355742484331131
8401,d24ee5c3-bc42-41a3-9583-4d71bf71b98c.png,Altered,485 ms,age,0.48234253033291896,0.19521300494670868,0.4061161279678345,0.3604429066181183
8401,31570794-6dd4-4bec-9cc4-fc8c9189ef77.png,Original,971 ms,Original,0,0,0,0
8401,ccd01eaf-cdc9-4361-8251-4e370cba438d.png,Altered,670 ms,bags_under_eyes,0.0697410942918455,0.19530823826789856,0.4098052680492401,0.360897421836853
8401,f1d69cfa-006e-4d0b-aa54-001ed612f481.png,Altered,544 ms,pointy_nose,-0.06073498958711565,0.1953606903553009,0.4112547039985657,0.36111870408058167
8401,be4bbe9b-3e1e-43bf-9b05-ad0b55258fc8.png,Altered,490 ms,smiling,0.47197230682771796,0.1954479217529297,0.4071728587150574,0.3597683310508728
8401,735e109f-f435-4481-905f-e87025905c18.png,Altered,543 ms,smiling,-0.524069638890339,0.19572322070598602,0.41294658184051514,0.36214813590049744
8401,cd78effe-9967-47d4-bdd5-bfa226aa4497.png,Altered,561 ms,age,-0.7144559858868362,0.1958145946264267,0.41501885652542114,0.3613252341747284
8401,7d16434f-b8bb-42d2-91a1-e7f62be8ffb0.png,Original,752 ms,Original,0,0,0,0
8401,e61cf479-dca4-4dae-829f-32321c3e7e36.png,Altered,598 ms,smiling,0.47619620725939704,0.195459246635437,0.40714940428733826,0.35974374413490295
8401,062f0241-cc65-4f27-a5ed-14f93718f1db.png,Altered,543 ms,age,0.9414335247426542,0.1948842704296112,0.4022783637046814,0.3606175482273102
8401,94fb83ac-8a16-4bc3-af59-f86c03e99f15.png,Altered,536 ms,narrow_eyes,-0.088390425072713,0.1953451931476593,0.4093000292778015,0.36069992184638977
8401,91250e5e-78b0-42d5-afad-46f3b24b441c.png,Altered,616 ms,bags_under_eyes,0.5637520046030755,0.19554924964904785,0.4086618423461914,0.36175596714019775
8401,4fa14024-853a-467e-9606-d6ce89746f6a.png,Altered,545 ms,bags_under_eyes,0.10486455893717062,0.1953282356262207,0.4099120795726776,0.3609279692173004
8401,c926aafd-d157-4f79-b996-13ea34a65e6b.png,Altered,587 ms,bags_under_eyes,-0.20598809102285442,0.1953989714384079,0.4105756878852844,0.3603067398071289
8550,532ae06a-5efc-4a53-861a-fc2ab7629dbf.png,Altered,1960 ms,pointy_nose,0.945209085649499,0.16045652329921722,0.18655095994472504,0.40124714374542236
8550,c49ba954-f7f2-4c48-80b6-3190bc53cfa2.png,Altered,1106 ms,bags_under_eyes,0.4317041045657426,0.16092699766159058,0.19569097459316254,0.41179144382476807
8550,b8294b72-88c8-4f57-9c08-274d68bd56f6.png,Altered,960 ms,narrow_eyes,-0.1791068340459432,0.16062945127487183,0.19439789652824402,0.4101807773113251
8550,087cb132-871b-4ed5-bbe7-433870b36150.png,Altered,1287 ms,age,-0.01753266644066631,0.16047896444797516,0.1942068338394165,0.410981148481369
8550,99c24722-ff83-489b-a3c9-fa1a09141d2c.png,Altered,898 ms,smiling,0.7656041139239436,0.15984690189361572,0.18630705773830414,0.4118398427963257
8550,b9b4a8b2-4d59-408d-bf35-beee5a7b20b5.png,Original,2259 ms,Original,0,0,0,0
8550,4862590e-1720-42b1-b82a-b069c59d4dd4.png,Altered,1001 ms,smiling,-0.47388786935101934,0.16093353927135468,0.19943742454051971,0.4103023111820221
8550,6d869b5a-8ad4-4f04-a394-dc81e6e19190.png,Original,1506 ms,Original,0,0,0,0
8550,ab3b19fc-8840-4fa1-85af-045fb40847b1.png,Altered,858 ms,Original,0,0,0,0
8550,b17c73be-5b31-4e6a-a9e2-196bc166c0d9.png,Altered,927 ms,age,0.1966144287859617,0.1603812873363495,0.19435080885887146,0.411040723323822
8550,4f4ab2ab-e8d0-41fc-b2de-435cf9c26713.png,Altered,749 ms,pointy_nose,0.21423838125912686,0.1600029468536377,0.19205650687217712,0.40890830755233765
8550,db18b174-0a4a-41a4-b40a-ecdf9cecbd51.png,Altered,703 ms,bags_under_eyes,-0.22763572891330242,0.16014370322227478,0.19331714510917664,0.41065704822540283
8550,ad5b390a-e20f-44cb-8b68-0007694ba5dd.png,Altered,1003 ms,chubby,-0.24241503787425733,0.15968118607997894,0.19131973385810852,0.40974125266075134
8550,2021d564-0ed9-499c-b3c3-f124290e0416.png,Altered,949 ms,smiling,-0.12076638269126705,0.16070324182510376,0.195469468832016,0.41075584292411804
8550,c17fa51e-b868-45e5-9261-6d3fa32990fd.png,Altered,698 ms,narrow_eyes,-0.9033047019914884,0.16035175323486328,0.1955169141292572,0.4071159064769745
8550,29f0c272-92b0-4622-81cb-bad826ea3240.png,Original,1035 ms,Original,0,0,0,0
8550,2df720e6-8597-41ed-9d7a-64f6de0cf53c.png,Altered,658 ms,chubby,0.7388543501492395,0.16203752160072327,0.2036007046699524,0.4133266806602478
8550,b63d6a73-1f73-4efb-a24a-feffa9df6c52.png,Altered,779 ms,age,-0.4114530116087973,0.1604471504688263,0.1937914341688156,0.4112806022167206
8550,72c1dd7d-a4ef-412a-8ad2-2e4383957b9a.png,Altered,750 ms,narrow_eyes,0.41029085908603546,0.16058793663978577,0.19382596015930176,0.4128763973712921
8550,119d7cb9-478b-4364-9d76-cb76a82a8235.png,Altered,602 ms,bags_under_eyes,0.48877820929519045,0.16096214950084686,0.19601425528526306,0.4117865264415741
8550,24ab7812-7392-49ec-b351-51c7c837607b.png,Altered,727 ms,smiling,-0.8920656601926247,0.1614743322134018,0.20452097058296204,0.4090212285518646
8550,86067629-e0e1-4bd6-aaa1-39be46e8b673.png,Altered,640 ms,pointy_nose,0.6792058050727829,0.1600271463394165,0.188321053981781,0.4039630591869354
8550,75b38b47-2b18-4dcb-ae9c-2ee5db8d6a0a.png,Altered,957 ms,narrow_eyes,0.28357778404991585,0.16042783856391907,0.19392220675945282,0.4123300015926361
8550,6eec504a-58fd-4e54-a8cd-3277a9104e9a.png,Altered,757 ms,narrow_eyes,0.030095972379568847,0.16032904386520386,0.1941993236541748,0.411069393157959
8550,44d9f838-690b-4314-acc2-491575c9d849.png,Altered,822 ms,age,-0.450038371487927,0.16035251319408417,0.19378411769866943,0.41133928298950195
8550,3aa34cd3-dbb7-4870-95ec-66134082dbf5.png,Altered,685 ms,chubby,0.16856803260223763,0.16063465178012848,0.19626173377037048,0.4116801619529724
8550,3b2fe415-6cae-4fe9-b57d-6ff0a6458f38.png,Altered,574 ms,smiling,-0.8483495366565297,0.16148753464221954,0.20387911796569824,0.4092387855052948
8550,3f5d2a10-dc91-4c0a-8579-4ddd0dd8505d.png,Altered,545 ms,chubby,0.24588720693614996,0.1608583927154541,0.19721698760986328,0.41196689009666443
8550,b23d21de-7f60-4db2-a0a4-bd7f96235503.png,Altered,597 ms,age,-0.7109370755363653,0.16026571393013,0.1934758424758911,0.4115762412548065
8550,3a8f9918-f4e2-49a0-9eb6-43589ed5069f.png,Altered,902 ms,bags_under_eyes,-0.6719641779420951,0.15982317924499512,0.19190585613250732,0.41044867038726807
8550,16b04807-e2f0-490f-8318-50cecef2d85c.png,Altered,699 ms,pointy_nose,-0.4725156592655353,0.16103410720825195,0.19919967651367188,0.4152221381664276
8550,02dcd356-21ee-43ff-a01c-7b912b49007c.png,Original,1041 ms,Original,0,0,0,0
8550,f57cfd2c-ee46-4d48-bb9a-c2dbad9bdb51.png,Altered,1026 ms,chubby,-0.5601435917513324,0.15978947281837463,0.18781426548957825,0.40808138251304626
8550,18e2e526-84b6-419d-b35d-197dc29985c9.png,Altered,718 ms,bags_under_eyes,0.9497532131890722,0.16146039962768555,0.1978624314069748,0.412270724773407
8550,5ad87673-d070-4d5e-87fd-9195a45588cc.png,Altered,737 ms,pointy_nose,0.9580667102012734,0.1604798287153244,0.18645761907100677,0.4011412560939789
8650,220cc33d-0c09-42ae-b086-db40b5df435c.png,Altered,2318 ms,pointy_nose,0.08750758832932748,0.19979891180992126,0.482347697019577,0.3117949664592743
8650,b3555f0a-e107-426d-a677-c26833f72357.png,Altered,1141 ms,age,0.7850219775464435,0.19895455241203308,0.48062705993652344,0.31345707178115845
8650,51399e98-05bb-46a6-948b-524d20f8e08d.png,Altered,1178 ms,smiling,0.3034601852740588,0.19932880997657776,0.47793683409690857,0.3126629889011383
8650,21d9045d-6a6a-4242-b825-6e351c5f855e.png,Altered,1210 ms,pointy_nose,-0.7335092119754971,0.20001642405986786,0.4951431155204773,0.31638017296791077
8650,13322374-29da-41d0-bc1b-b47665e7fa26.png,Altered,1157 ms,smiling,0.21013988991199084,0.19956789910793304,0.47948139905929565,0.31264424324035645
8650,74708956-6f17-4f7b-9095-a25a01400087.png,Altered,939 ms,smiling,-0.6445009686489662,0.20066778361797333,0.49633094668388367,0.31237462162971497
8650,839d40a9-6439-4ea3-912a-2cb4f7709547.png,Altered,716 ms,narrow_eyes,-0.4738600824053991,0.19972066581249237,0.4843127727508545,0.31117936968803406
8650,2ba79171-7bba-414b-85f8-174ac6e000f1.png,Altered,755 ms,bags_under_eyes,0.44001005084468825,0.20028164982795715,0.48488566279411316,0.31360891461372375
8650,80f0dc71-56fc-4b43-b826-ebfe051e7906.png,Altered,777 ms,bags_under_eyes,-0.6685839352688887,0.19936607778072357,0.48197782039642334,0.31155529618263245
8650,5aa70049-1b50-44d4-8720-1fbaebcb688a.png,Altered,829 ms,chubby,0.7100876523260791,0.2002086043357849,0.4959242343902588,0.3153294324874878
8650,204e6eb6-1f2d-4859-844c-0f7178ec5a51.png,Altered,800 ms,bags_under_eyes,-0.4935872705974318,0.19961050152778625,0.482365220785141,0.311460018157959
8650,d0941115-10ac-4829-9e4f-3306916ebbe2.png,Altered,844 ms,pointy_nose,0.7228240284627172,0.1994963139295578,0.4718624949455261,0.3086557686328888
8650,14ca9625-b5fd-454a-ac24-c3d1d8a5fef2.png,Altered,884 ms,age,0.34930028311697603,0.19942602515220642,0.4825153946876526,0.312856525182724
8650,d27c567c-f5f5-4fd7-9737-b531be58ceb5.png,Original,1681 ms,Original,0,0,0,0
8650,9de2141a-c734-48da-9394-b63a77ab43ab.png,Altered,972 ms,age,0.718119706624532,0.19909244775772095,0.48101669549942017,0.31338074803352356
8650,dec6508e-38ac-41fc-bf76-383476838bc1.png,Altered,845 ms,age,-0.4725901149582228,0.19981205463409424,0.48482251167297363,0.31175488233566284
8650,875457e7-7f1d-4615-960c-3c46617bacb3.png,Altered,787 ms,bags_under_eyes,-0.5767141385288224,0.19952940940856934,0.48208969831466675,0.31153935194015503
8650,e40df17d-edc3-40a4-8f9c-268b8fc70474.png,Original,2046 ms,Original,0,0,0,0
8650,93aacf66-fa6d-4286-976f-a83c9d36bf11.png,Altered,1679 ms,chubby,0.5996634427319902,0.20003089308738708,0.49415940046310425,0.31476065516471863
8650,c0d6a185-1447-4b26-a464-8ce693cf26e5.png,Original,1961 ms,Original,0,0,0,0
8650,4af748e0-4266-43c5-a0ce-b237f18a6a12.png,Altered,797 ms,narrow_eyes,-0.946716687801278,0.2007068395614624,0.4844595789909363,0.31115683913230896
8650,8578c8c9-c8b3-46c0-aeb0-9887a0182a1f.png,Altered,684 ms,age,-0.3671777849436517,0.19980594515800476,0.4845641851425171,0.31188344955444336
8650,dee1be06-b6b0-4e55-8f46-95e5b106c8a3.png,Altered,695 ms,narrow_eyes,0.3876551403265196,0.19966542720794678,0.4834762513637543,0.31341004371643066
8650,04f9d278-0f36-4f96-805b-2183cddfdb6c.png,Altered,1333 ms,pointy_nose,-0.0295492700479143,0.19968949258327484,0.48431286215782166,0.3124002516269684
8650,9c3986cc-d7fb-4d07-8903-2dcc4554e324.png,Altered,837 ms,narrow_eyes,-0.40243709679778106,0.19976815581321716,0.4842885434627533,0.3112727105617523
8650,132f1ab3-0c1c-42e7-8319-35359dd07e8e.png,Altered,834 ms,chubby,0.9713267132201704,0.20054733753204346,0.5002787113189697,0.31668880581855774
8650,0c0884c4-0fb0-4932-8058-189a3eaa333c.png,Altered,730 ms,pointy_nose,0.9063309407007198,0.19933442771434784,0.4686031937599182,0.3077288866043091
8650,8b59f319-0ee5-40d1-96a0-d0f0d06c4c04.png,Altered,716 ms,bags_under_eyes,0.6336993991954702,0.20019714534282684,0.48540371656417847,0.314078688621521
8650,da2c0436-d8c9-4c4b-9d8a-61af7b54f88c.png,Altered,592 ms,smiling,0.6887637253435184,0.19877509772777557,0.4704704284667969,0.3129984140396118
8650,432c0f08-c3cf-4d00-a8fb-89ebe702d813.png,Original,1424 ms,Original,0,0,0,0
8650,277a1f16-eaab-4534-8235-93cc365f692f.png,Altered,784 ms,chubby,-0.48610549223984156,0.199519082903862,0.4750455617904663,0.3106282949447632
8650,36ca1d82-d059-436a-a43d-0b9ae486975e.png,Altered,785 ms,narrow_eyes,0.6794069995986465,0.19943809509277344,0.48314565420150757,0.31416621804237366
8650,d6c1fdee-bcfb-489c-a4ca-1fec6f6cf3a3.png,Altered,679 ms,chubby,-0.8770534927725151,0.1996431052684784,0.4683917462825775,0.3092764616012573
8650,dbe2a8ca-421d-43ed-8ad1-82e0ed20b2be.png,Altered,613 ms,smiling,0.15461113678394778,0.19975416362285614,0.4806238114833832,0.3125050961971283
8650,1c9f5542-af06-4e62-99d2-e0e12ba55ffc.png,Original,1144 ms,Original,0,0,0,0
8996,1b4d4da0-3edb-469f-bfa1-6ac7fc7cdd4f.png,Altered,1726 ms,age,-0.5575600881035832,0.22636811435222626,0.41799992322921753,0.2980695366859436
8996,a5e74ba4-0a5f-4b21-aea2-c61de786bf94.png,Altered,1065 ms,chubby,0.35154726209331577,0.2270527333021164,0.42479079961776733,0.30049100518226624
8996,7bdcf0ff-003a-46bc-9117-607777e568bb.png,Altered,1299 ms,narrow_eyes,-0.2224916515691191,0.226096510887146,0.4225817322731018,0.29746389389038086
8996,83c30b20-bf5a-40f0-ac96-bc340e29c4c2.png,Altered,661 ms,pointy_nose,-0.13957642139783122,0.2261718511581421,0.42356249690055847,0.2995406687259674
8996,a27d96fa-8d56-4d6d-b1c2-df8849f4a88b.png,Altered,713 ms,pointy_nose,-0.989910314739401,0.2276708334684372,0.43308115005493164,0.30410295724868774
8996,06de1914-ea4f-47a4-9c46-8355f7649592.png,Altered,777 ms,smiling,-0.6418659815995191,0.22725996375083923,0.4321032762527466,0.29587680101394653
8996,bbaa8755-744a-476b-9c40-cad0fdb1c64c.png,Altered,702 ms,narrow_eyes,0.30804062669772847,0.22617368400096893,0.42153656482696533,0.3004347085952759
8996,d694e4d8-47fb-43e1-b443-f8b36359fbf6.png,Altered,730 ms,bags_under_eyes,0.68482555411153,0.22646918892860413,0.4212033450603485,0.30004245042800903
8996,a7efe10a-fd1f-48b3-9f10-bec122952915.png,Altered,730 ms,pointy_nose,-0.05352911885973577,0.22604462504386902,0.42266136407852173,0.29904791712760925
8996,edb3c7c1-a7cc-41aa-9f4c-34a4596a7598.png,Altered,749 ms,pointy_nose,0.3502682449005021,0.2256966531276703,0.41847020387649536,0.296542763710022
8996,b27433f3-b4d1-4f62-9194-8572ca643763.png,Altered,666 ms,bags_under_eyes,0.394688593384815,0.2262585461139679,0.4215126931667328,0.29951736330986023
8996,0fcd6335-e38a-435b-b4a8-69f1dad12f8d.png,Altered,969 ms,bags_under_eyes,0.17061641135752015,0.22625955939292908,0.4218740463256836,0.2990119159221649
8996,0caef01d-1661-4eb0-9312-10e71679def1.png,Altered,1016 ms,bags_under_eyes,0.7459125327859932,0.22654788196086884,0.4210538864135742,0.30016639828681946
8996,897112e6-6649-42ff-86cc-db6b9a30bda0.png,Altered,1416 ms,age,0.10819652720249606,0.22615119814872742,0.4231078624725342,0.2988302409648895
8996,6013946e-be8d-4a0d-a006-aa2675eb9c04.png,Original,1307 ms,Original,0,0,0,0
8996,5a8ffb71-9ff4-41f4-a73e-aef1ce30f059.png,Original,1692 ms,Original,0,0,0,0
8996,cee60e5d-c9bd-4a37-a914-bfb2a1515827.png,Altered,1058 ms,narrow_eyes,0.79104997233028,0.22624747455120087,0.4206034541130066,0.3034742474555969
8996,b16970a9-d3c2-40de-8277-60fd72580da3.png,Altered,1109 ms,narrow_eyes,0.35304810422403543,0.2262159287929535,0.42146989703178406,0.3006957173347473
8996,edc25034-5dfa-4b9f-b547-ec145907b22b.png,Altered,974 ms,age,-0.26822449871913,0.226060152053833,0.4198285937309265,0.29839208722114563
8996,b384584c-75fc-4c6e-a10c-d524b1240c39.png,Original,1620 ms,Original,0,0,0,0
8996,9064f69c-d866-49ab-9d33-91cbc6b31bdf.png,Altered,814 ms,smiling,0.618149254451799,0.2253086268901825,0.4126095175743103,0.30112284421920776
8996,4a4929ac-52c1-453f-a9cc-9d0c9ec8c111.png,Altered,812 ms,smiling,-0.4218749719938395,0.22698436677455902,0.4286459684371948,0.2970264256000519
8996,1916fc8d-cb93-41ea-a80a-38f5c5303798.png,Original,996 ms,Original,0,0,0,0
8996,1a032e50-5fc7-498d-9256-d65cd76ad223.png,Altered,910 ms,chubby,-0.008505312619979,0.22600923478603363,0.4220149517059326,0.2986304461956024
8996,91a90c1f-afac-41f9-a056-4235a9f0ff58.png,Altered,638 ms,chubby,-0.873519939475961,0.22492697834968567,0.41530412435531616,0.29329681396484375
8996,70569fe7-868e-47c7-b272-6aa432c63db6.png,Altered,902 ms,chubby,-0.3402275748488792,0.2251996397972107,0.41949403285980225,0.29665350914001465
8996,43ad5ac6-4d74-4c94-9c0e-a47844aa032c.png,Altered,1034 ms,bags_under_eyes,0.30901337616358693,0.22628676891326904,0.42160916328430176,0.2993566393852234
8996,08821500-3ce9-4a75-962c-465627c67b27.png,Altered,1149 ms,age,0.6249187989977376,0.22628509998321533,0.4279170036315918,0.2993535101413727
8996,80018077-d972-413f-aff0-e69bd117b596.png,Altered,1128 ms,smiling,-0.6877943811369771,0.22730812430381775,0.43293243646621704,0.295604407787323
8996,7b40f5b3-c5a2-46fe-9174-89f9338598a7.png,Altered,1147 ms,narrow_eyes,0.7578064286122572,0.22618751227855682,0.4206938147544861,0.3032630383968353
8996,73ed2ba4-0485-4818-ba34-a50522bb7848.png,Altered,1022 ms,age,-0.28349308230703407,0.225990891456604,0.419708251953125,0.29836583137512207
8996,6568b26b-1ec9-4aa1-b189-7afa24ebb104.png,Altered,1225 ms,chubby,0.068834517503231,0.22625267505645752,0.4225502014160156,0.29907920956611633
8996,2733fecc-de17-4fdc-a032-6d8248378fdb.png,Altered,1256 ms,pointy_nose,0.8848173165937885,0.2253190577030182,0.4130842089653015,0.29316872358322144
8996,3746b7ee-4c68-4eae-a949-1f9870c84686.png,Altered,1040 ms,smiling,0.7511554151243987,0.22523438930511475,0.41073137521743774,0.30148226022720337
8996,2dfd3fa8-c84a-4e4d-add8-94f45b02e6fc.png,Original,1278 ms,Original,0,0,0,0
9177,7d4b7dbe-23f0-4ed2-939d-c5f6d907dea8.png,Altered,1845 ms,bags_under_eyes,0.1733724846160818,0.1661222279071808,0.10715518891811371,0.37498000264167786
9177,2779f7f7-e360-4e2f-b2a5-56ab943cc601.png,Altered,1302 ms,chubby,-0.05176832077797888,0.1655554324388504,0.10713022202253342,0.3751479387283325
9177,9e9c0c70-b911-4914-a48a-8a895247621e.png,Altered,1380 ms,smiling,0.34494720647945276,0.16545864939689636,0.1065988689661026,0.37460213899612427
9177,0e2abe7f-bb93-405d-a075-e0dd3d5c6164.png,Original,1623 ms,Original,0,0,0,0
9177,90e7c416-a58e-4bd5-a65e-48a750050ea4.png,Original,1777 ms,Original,0,0,0,0
9177,3c549ac6-6cb5-4f44-b71b-f6775196a26e.png,Altered,1421 ms,narrow_eyes,-0.2865270320855038,0.165739044547081,0.10678201913833618,0.37610772252082825
9177,848e45dd-ab2a-437e-b2ef-a6c16b4f7712.png,Altered,1068 ms,narrow_eyes,-0.3139751625244205,0.16572001576423645,0.10675381124019623,0.37623831629753113
9177,d3025e65-3515-49dc-90f1-673cfe89b0d5.png,Altered,976 ms,pointy_nose,-0.9956667497624041,0.16590583324432373,0.11045252531766891,0.379854679107666
9177,697eb8dd-f456-4d33-88ea-3fb025f07c1a.png,Altered,1034 ms,chubby,-0.987074875478738,0.16356819868087769,0.10855197161436081,0.37424173951148987
9177,b786d3fc-c222-44ef-920a-3f9b34d19ecd.png,Original,1413 ms,Original,0,0,0,0
9177,db036784-6adf-49d2-a2f0-a808d179885d.png,Altered,1173 ms,age,-0.7892793092398183,0.16449503600597382,0.10771913826465607,0.37731051445007324
9177,6a4ad417-b56d-419d-9aa3-43a4dea362f0.png,Altered,872 ms,bags_under_eyes,0.1139039546261329,0.16600190103054047,0.10713621228933334,0.3750816583633423
9177,1e7db52c-12bd-40a6-9b0e-a9b8fd1a3fd0.png,Altered,1014 ms,bags_under_eyes,-0.5521983122736907,0.165289044380188,0.10700827836990356,0.37618744373321533
9177,2809970f-e221-4bf1-94da-6881bcc3d61c.png,Altered,752 ms,narrow_eyes,0.7761571085268582,0.16629497706890106,0.10833468288183212,0.37205585837364197
9177,392c5dea-d75b-4c35-ab79-a81c6492cda5.png,Altered,780 ms,narrow_eyes,0.8464566837192788,0.16617624461650848,0.10844627022743225,0.3717968165874481
9177,90577973-4b01-4948-9a5e-0ceaaf4291ef.png,Altered,752 ms,age,0.05063047911983953,0.16590097546577454,0.107050321996212,0.3753563463687897
9177,4f5c1f21-a4ea-4c47-a948-97613694f215.png,Altered,852 ms,chubby,0.30053546464620307,0.16649195551872253,0.10695841163396835,0.37652212381362915
9177,bb3075e7-de59-4c1f-9a35-27d878c7c29b.png,Altered,774 ms,chubby,0.46410987662676684,0.16700813174247742,0.10692896693944931,0.3771331310272217
9177,52deaa8e-2543-4db0-972c-cd1660412d24.png,Altered,895 ms,bags_under_eyes,0.3837988172615363,0.16630986332893372,0.10732850432395935,0.37459784746170044
9177,02cb0182-66f3-420e-a966-ee861771cebb.png,Altered,749 ms,age,-0.9351799545122201,0.1644139289855957,0.10782697796821594,0.37812626361846924
9177,96be6ebe-8e5f-4914-95fe-61302e422314.png,Altered,704 ms,smiling,-0.2351155209613187,0.16598087549209595,0.10750502347946167,0.37572571635246277
9177,bebdc20f-8ffe-4c7f-a184-2abb5134e9f8.png,Original,1564 ms,Original,0,0,0,0
9177,acb1f6c1-2cb1-48ed-ac2c-e9923a798505.png,Altered,949 ms,smiling,-0.9665772658418741,0.1668570339679718,0.10913850367069244,0.3760897219181061
9177,16912c75-e7a3-45a2-835d-43669be4c267.png,Altered,824 ms,age,0.13364177925090948,0.1661299616098404,0.10697276890277863,0.37538960576057434
9177,09450a4f-8482-49e4-a753-06d7a205f451.png,Altered,872 ms,pointy_nose,-0.10246669340762105,0.16564159095287323,0.10720878839492798,0.37574487924575806
9177,d01603ae-2f01-4219-856d-40321ccf5253.png,Altered,776 ms,chubby,-0.24425953310732829,0.16543355584144592,0.1072859987616539,0.3748077154159546
9177,f8ef4c34-1272-47eb-a3fc-a75b56bc5141.png,Altered,872 ms,smiling,-0.9814043987693164,0.1669241040945053,0.10917739570140839,0.37609583139419556
9177,1fc0e1ea-aa5d-486e-9f33-d19ac0d0b5b5.png,Original,1546 ms,Original,0,0,0,0
9177,e85e1388-fe98-46d0-a3d3-ce4fffc0ec62.png,Altered,886 ms,narrow_eyes,0.6027114363653958,0.16616183519363403,0.10805701464414597,0.3726547658443451
9177,6d6f92db-0f24-4776-9780-b962ebe28951.png,Altered,813 ms,age,0.8845321187173458,0.16722023487091064,0.10632877051830292,0.3757316768169403
9177,2b2f61d3-a07a-456b-98f7-d6df0e09e051.png,Altered,918 ms,pointy_nose,0.18374722581743197,0.1659080982208252,0.10703033208847046,0.37441930174827576
9177,0aba5fd9-75aa-4e75-9a74-0a8b679608e5.png,Altered,757 ms,bags_under_eyes,-0.6648665776751725,0.16529589891433716,0.1070803850889206,0.37642812728881836
9177,d7dbe5c7-96ad-453b-8d4e-15c923367a71.png,Altered,899 ms,pointy_nose,0.0985009050064396,0.16589057445526123,0.10704648494720459,0.37481656670570374
9177,44af5ecc-ac28-4c10-b527-1da72c967aaf.png,Altered,624 ms,smiling,-0.43763651202423537,0.16650879383087158,0.10793834924697876,0.37603896856307983
9177,dc9feee8-ed6b-4006-943c-f0ae89f940a0.png,Altered,654 ms,pointy_nose,0.1567455431015683,0.16591206192970276,0.10703921318054199,0.3745783567428589
9713,42b531d3-a769-46cd-ac9c-8fb3d0a5b0ab.png,Altered,3050 ms,chubby,0.4989264667457525,0.2301570475101471,0.3896391987800598,0.26303550601005554
9713,c0b2b898-2cdc-42c3-914d-578fe68d7d34.png,Altered,4999 ms,bags_under_eyes,0.09950994168959437,0.2298404425382614,0.38618481159210205,0.26436519622802734
9713,cb243670-4c52-4fc5-b7ff-beffa83c3030.png,Altered,3239 ms,narrow_eyes,0.6844996847757441,0.2299385964870453,0.3924561142921448,0.2669689655303955
9713,88837ece-9ce5-4393-bb00-53dc7499921d.png,Altered,2548 ms,narrow_eyes,-0.39629439818772916,0.22993871569633484,0.38285359740257263,0.2625974416732788
9713,a6eac891-ad7b-4bce-8ae2-4d6358bbaf90.png,Original,9605 ms,age,-0.3788733520653711,0.22997497022151947,0.3880789279937744,0.26272308826446533
9713,73abdabb-0b6e-4f9f-af85-321e0ae183d8.png,Altered,1942 ms,bags_under_eyes,-0.8456000306642641,0.23057055473327637,0.38756388425827026,0.2613987326622009
9713,64e2ba7d-2440-47e9-8102-6de0650447ce.png,Altered,2584 ms,age,0.7437799052907017,0.22947260737419128,0.38222837448120117,0.2670399844646454
9713,97b6eef4-7d38-42b9-92a7-65194efff39e.png,Original,4728 ms,chubby,0.8602954906363869,0.2301928848028183,0.39203497767448425,0.26345768570899963
9713,43379979-1efd-486a-a455-982094c9e337.png,Original,3474 ms,pointy_nose,0.08692542284462346,0.22975444793701172,0.3846723735332489,0.264194518327713
9713,7de257d6-6635-4ddf-92bf-8bdb3d405833.png,Altered,2168 ms,bags_under_eyes,0.6717081247632528,0.22929954528808594,0.3852117955684662,0.26634302735328674
9713,2c0bd667-574c-4d0f-a4e8-87a3b32287db.png,Altered,3217 ms,smiling,-0.2697949999295721,0.23033401370048523,0.3870799243450165,0.2618775963783264
9713,06962732-2b03-4b81-950e-07556b04d1fa.png,Altered,5886 ms,chubby,-0.4250519234510508,0.22962960600852966,0.3830946385860443,0.26496830582618713
9713,f267d56f-e6f2-40ae-a618-f406ddc59e88.png,Altered,1527 ms,pointy_nose,0.04882957345778771,0.22991542518138885,0.38528889417648315,0.2641850709915161
9713,397d309a-8043-43bd-b191-068b943235cb.png,Original,2737 ms,Original,0,0,0,0
9713,73845511-97b3-4826-917d-73db18936944.png,Altered,1869 ms,age,-0.3601133968229515,0.22999916970729828,0.3879915177822113,0.26280415058135986
9713,979c2e85-ae63-4148-862d-086119eac54c.png,Altered,1557 ms,bags_under_eyes,0.6009583624167965,0.22931355237960815,0.38538670539855957,0.2660844027996063
9713,4546f834-a563-412d-bdb6-0ff60462895d.png,Altered,994 ms,smiling,-0.07873819104035351,0.23017697036266327,0.38643407821655273,0.26351070404052734
9713,74a83d56-6168-4ad4-a40c-304132bb83da.png,Altered,715 ms,smiling,0.30885257474139505,0.2298133373260498,0.3852115869522095,0.26645591855049133
9713,7f36e8a8-d54c-4b24-a915-3b26dba0c742.png,Altered,633 ms,pointy_nose,-0.35078684401438975,0.23033848404884338,0.39239901304244995,0.26395106315612793
9713,5695082c-cacf-4d3a-b656-2a083d9e7d9a.png,Altered,828 ms,chubby,-0.37999311485337994,0.22964036464691162,0.3834173083305359,0.2649443447589874
9713,e34aec18-76a2-4835-885a-f0ec765bff4c.png,Altered,651 ms,chubby,-0.9703925487878926,0.22924992442131042,0.3793533742427826,0.26401472091674805
9713,d5dd432f-90c4-463d-80bc-eccecca9943a.png,Altered,951 ms,pointy_nose,-0.5692887973333405,0.23053491115570068,0.3963371217250824,0.2640443444252014
9713,d2876eb8-92de-4c06-8a31-402681249576.png,Altered,576 ms,narrow_eyes,-0.08609163572528922,0.23007237911224365,0.38530606031417847,0.2637037932872772
9713,8633d367-42af-4dab-8d0f-c6dc16c14bc0.png,Original,1175 ms,Original,0,0,0,0
9713,6c2177ec-a83b-41c0-bb21-048350efaaae.png,Altered,646 ms,pointy_nose,-0.493869577755665,0.23042915761470795,0.3948795795440674,0.26398053765296936
9713,98b9141d-1bd4-4743-b2f3-c7f0576490f7.png,Altered,714 ms,bags_under_eyes,0.45675860040716354,0.2294689416885376,0.3855076730251312,0.2656805217266083
9713,bea0b416-7913-4fef-89dc-eabf922a2b26.png,Original,1022 ms,Original,0,0,0,0
9713,9ac91d92-0444-42aa-a4dc-6e6277038989.png,Altered,1275 ms,age,-0.6168605882095359,0.22994503378868103,0.3891328275203705,0.26209235191345215
9713,52c450d7-df64-4b4e-b789-b04cefe1d64b.png,Altered,776 ms,smiling,-0.161803483140619,0.2301582396030426,0.3867799639701843,0.26277512311935425
9713,5b1b31f6-3b8f-4f1c-8d60-b87c572ff27f.png,Altered,608 ms,age,-0.11140107196428595,0.23014569282531738,0.3868739604949951,0.2636886239051819
9713,75fe6d57-4584-4bca-bfab-929ae974b427.png,Altered,1052 ms,narrow_eyes,0.198751827195911,0.2302011251449585,0.38820701837539673,0.2648146152496338
9713,12346ff8-cd15-46b7-9394-7c78bb5bd60c.png,Original,990 ms,Original,0,0,0,0
9713,e4b5291c-ef86-452d-991a-09a720d1980e.png,Original,2339 ms,Original,0,0,0,0
9713,d50b4c18-c99f-46d0-8552-50b72f45e151.png,Altered,935 ms,narrow_eyes,-0.7427559318031902,0.22987310588359833,0.37983238697052,0.26142990589141846
9713,2e073b25-15ed-4213-ab29-4c331fce2344.png,Altered,990 ms,smiling,0.31945672411427695,0.2298317402601242,0.38521653413772583,0.26649606227874756
9774,680bfc72-42f2-4d8f-a2df-f21e923fdfc0.png,Original,6079 ms,Original,0,0,0,0
9774,e26eae77-677a-4924-9289-4cace6c11241.png,Altered,1694 ms,narrow_eyes,0.04150670324520056,0.17832277715206146,0.15187297761440277,0.5207961201667786
9774,ac77cd05-1df6-4939-a088-44f240aea323.png,Altered,1054 ms,bags_under_eyes,0.41406863753055445,0.1785682886838913,0.15260905027389526,0.5204670429229736
9774,bcefd1d0-af8d-4c87-ab1c-576bde3a8137.png,Original,1195 ms,Original,0,0,0,0
9774,1e827b75-44c7-474a-85fe-aa57812ae4d0.png,Altered,966 ms,chubby,-0.6820427120181447,0.17836710810661316,0.1539110541343689,0.5186740159988403
9774,b08378c5-78b9-4b22-a5bd-fb75a92ac54d.png,Altered,678 ms,smiling,0.14518067656506783,0.17818135023117065,0.15181945264339447,0.5211207270622253
9774,5ea51597-4697-4243-8ca3-453f81ca40a1.png,Original,894 ms,Original,0,0,0,0
9774,db92379c-73cc-4fef-a4b4-ca5900232a44.png,Altered,856 ms,bags_under_eyes,-0.38274450570025964,0.1784096211194992,0.1516599953174591,0.5205028653144836
9774,0a062d20-9533-43fa-9e0b-dac714635532.png,Altered,610 ms,narrow_eyes,-0.5354373143419131,0.17915570735931396,0.153662770986557,0.5187132954597473
9774,eef562cd-75b4-4581-baa5-dc31d80c3472.png,Altered,675 ms,age,-0.19256562866662263,0.17885825037956238,0.15084049105644226,0.5202521681785583
9774,e5a09db4-e282-4aae-a9d0-e51e5ddef1cf.png,Altered,852 ms,age,-0.7554277752317125,0.18023228645324707,0.14760452508926392,0.5209540128707886
9774,21c2fa24-ea58-4a66-a0c5-e7c095b2ae71.png,Altered,800 ms,narrow_eyes,-0.12008207972146612,0.17870044708251953,0.15239815413951874,0.5201460123062134
9774,315e20df-83e5-4d27-a0cf-f7144fdf3012.png,Altered,632 ms,smiling,0.023982325897979884,0.17837199568748474,0.15192604064941406,0.520717978477478
9774,95a3346f-dcb1-4110-a8a9-e93f5521e3c3.png,Altered,2581 ms,smiling,-0.9929262638262875,0.18066024780273438,0.15426352620124817,0.5179403424263
9774,a9a06434-430a-40d0-995d-94beb397b0fa.png,Altered,581 ms,bags_under_eyes,0.5334021354814715,0.17853805422782898,0.1528071016073227,0.5205004811286926
9774,f6264dea-07e4-445d-9a15-fcc8280762ec.png,Altered,583 ms,narrow_eyes,0.31676806753887865,0.17805442214012146,0.15110434591770172,0.5216172933578491
9774,b29dad66-79c8-490e-a5a1-d2c167cee256.png,Altered,706 ms,pointy_nose,-0.5238666188420193,0.17819905281066895,0.14812496304512024,0.5235979557037354
9774,83eb08a5-26ea-41f4-87c6-26aa77bcdec6.png,Altered,727 ms,chubby,0.07700962142741252,0.17842134833335876,0.15180225670337677,0.5207829475402832
9774,d5e13b11-225d-443b-b188-8dd0d5d05570.png,Altered,487 ms,pointy_nose,0.834287094354887,0.17882892489433289,0.15933044254779816,0.514467179775238
9774,1846d904-a94b-401e-aa78-ada5579df805.png,Altered,559 ms,chubby,0.6447053318276947,0.17865173518657684,0.1508854329586029,0.5222625136375427
9774,2255ffcb-401c-496a-b879-0d42ca066a22.png,Altered,504 ms,narrow_eyes,0.5798646259061819,0.17758695781230927,0.1505293846130371,0.5224607586860657
9774,042b081d-a183-46a3-8504-2c8edeeac8c9.png,Altered,560 ms,chubby,0.7786400006517997,0.1785484254360199,0.15061041712760925,0.5226510763168335
9774,255f96df-3083-4065-b21c-6769a236e4b9.png,Altered,587 ms,pointy_nose,0.14987862253696904,0.1785765290260315,0.15328583121299744,0.5196149349212646
9774,85e4ccd9-84c7-44c0-a421-01760d2ac1ed.png,Altered,1905 ms,age,0.05484721375200485,0.17825965583324432,0.15239930152893066,0.5207392573356628
9774,f1bbdbaf-fbea-41c9-8a86-639c47de6ab5.png,Altered,669 ms,pointy_nose,-0.5211255934931069,0.17821423709392548,0.14813725650310516,0.5235961675643921
9774,9827ffa2-e9ba-4804-b773-8ac50f933458.png,Altered,538 ms,pointy_nose,0.05336113519769148,0.1785164773464203,0.15245382487773895,0.5202586054801941
9774,737353ad-0b07-4b30-83f2-96e33493473f.png,Altered,469 ms,age,-0.6069568281938691,0.17975573241710663,0.14837169647216797,0.5204717516899109
9774,d26e5941-a683-49fa-bb1c-3e5a132330be.png,Altered,469 ms,age,0.9547125270852752,0.1774839609861374,0.15813402831554413,0.5250545144081116
9774,050f2cc3-4368-4f91-92e8-db182ac6283a.png,Altered,591 ms,bags_under_eyes,-0.13875332468300128,0.17841868102550507,0.15186366438865662,0.5205878615379333
9774,8d94c63d-894e-49c5-96bc-56e7ea03e76b.png,Altered,511 ms,chubby,0.3435789368266653,0.17854779958724976,0.15136489272117615,0.5213635563850403
9774,673f63f8-13a2-4bf7-b8ea-793ae611a53f.png,Altered,605 ms,smiling,-0.9256485500012326,0.18049654364585876,0.15420560538768768,0.5180186033248901
9774,db20e282-7b50-4ca5-baab-37802e423e8f.png,Altered,579 ms,smiling,-0.3418244156520649,0.17931386828422546,0.1526930034160614,0.5195383429527283
9774,d0db372e-2e74-43a9-b752-e1640c684281.png,Original,1366 ms,Original,0,0,0,0
9774,8eb07651-b13f-4df7-95ad-e05c2271d543.png,Original,756 ms,Original,0,0,0,0
9774,309e6cfc-1fd7-431f-be6f-937a6473fd33.png,Altered,844 ms,bags_under_eyes,0.11349138242154533,0.17846757173538208,0.1522391140460968,0.5205792784690857
9886,c7f50eba-4b62-4ca1-b6a1-d77e38a5ca14.png,Altered,2485 ms,narrow_eyes,0.7654473814654907,0.21042051911354065,0.34840983152389526,0.42927607893943787
9886,25530896-d114-43d1-81f1-b4662fdddf12.png,Altered,1191 ms,age,0.35704082515709756,0.21052169799804688,0.3476058840751648,0.426989883184433
9886,13786ef4-9a76-4655-a693-18ee868c7d7c.png,Altered,1096 ms,pointy_nose,0.42140649139484077,0.2109939455986023,0.3514183759689331,0.42418748140335083
9886,3523b902-da1f-4bc6-991c-25f4ba1577c6.png,Altered,757 ms,narrow_eyes,0.449274818309517,0.210538849234581,0.34883272647857666,0.4285060465335846
9886,c6c092d7-0005-4cc6-a18c-b2a5966cd69b.png,Altered,771 ms,age,0.06863032438487515,0.2108822762966156,0.34897634387016296,0.42724180221557617
9886,6c20cf70-c47f-43b8-8b97-c1742abfc67d.png,Altered,1136 ms,smiling,-0.40343251797500357,0.21108214557170868,0.3518493175506592,0.4269304573535919
9886,70536bc7-217c-4c7a-bda5-9188295db846.png,Altered,778 ms,bags_under_eyes,-0.5424671622989212,0.21072745323181152,0.3497786223888397,0.4264655113220215
9886,ecd87562-3cf3-4f1b-8130-528f903fb266.png,Altered,720 ms,smiling,-0.3840891123998633,0.21108680963516235,0.35167598724365234,0.42692071199417114
9886,57dfaaae-891d-435d-8067-6f84e1b0d75d.png,Altered,1001 ms,chubby,-0.2613050967576107,0.21098332107067108,0.3527160882949829,0.42475005984306335
9886,a7b86b93-2981-440c-9278-eef77ade517b.png,Altered,1062 ms,smiling,-0.30009485991952545,0.21100294589996338,0.35112929344177246,0.4270109236240387
9886,446b129f-2f27-4d7f-a56f-6fc727e3916b.png,Altered,923 ms,chubby,-0.24648812445576684,0.21095964312553406,0.35254234075546265,0.4249155521392822
9886,2fbd0cdd-c9e7-4d45-a784-7135929663ae.png,Altered,808 ms,age,-0.7529102804761179,0.2120433747768402,0.35454803705215454,0.4264526665210724
9886,9ac7050f-3cfe-4de7-8d96-3b6a27c5a43d.png,Altered,823 ms,narrow_eyes,0.6900760130615471,0.21043840050697327,0.348540723323822,0.42909032106399536
9886,f605d53e-da81-4689-bc85-ebde5a022cf2.png,Original,1976 ms,Original,0,0,0,0
9886,35ea4aa9-4234-4174-8b0d-4af577da5df0.png,Original,1246 ms,Original,0,0,0,0
9886,52681537-1321-4343-903a-884aeedb89f4.png,Altered,1507 ms,age,0.7229327747613457,0.21042045950889587,0.3461970090866089,0.4276890158653259
9886,18cd3bee-5784-4334-8766-1ccdc422fa24.png,Original,1653 ms,Original,0,0,0,0
9886,7d6789f2-721a-46e9-ae6e-b4a2949d93ac.png,Altered,1385 ms,chubby,0.7089620029278076,0.21009916067123413,0.34164080023765564,0.43355992436408997
9886,ea0ade42-d703-4d9f-9d35-9b44f0545f58.png,Altered,1067 ms,smiling,-0.8797791550092398,0.21193668246269226,0.354911744594574,0.42643868923187256
9886,8f7b5e6f-f4ee-46e8-a2e1-aa50eb6420dc.png,Original,3386 ms,Original,0,0,0,0
9886,59ac1ede-e0cc-403d-aad5-82f6416376d4.png,Altered,1751 ms,chubby,0.63095915766949,0.21011792123317719,0.34234604239463806,0.43279337882995605
9886,d6b16e52-95ab-4fd3-ac62-e92c4ed55ab8.png,Altered,961 ms,pointy_nose,0.5806669833016946,0.21096909046173096,0.35196298360824585,0.4229622781276703
9886,a64a621b-a7fa-432b-b97e-57295e173f2c.png,Altered,940 ms,pointy_nose,0.9059617310304018,0.21132612228393555,0.3537686765193939,0.41999173164367676
9886,60dae791-094c-434b-8de2-f5e14e4842ba.png,Altered,709 ms,bags_under_eyes,-0.03185983745759913,0.2105827033519745,0.3493804335594177,0.4271675944328308
9886,f52fd3d6-8bc8-499b-ab82-c07e7fac7cf8.png,Altered,821 ms,bags_under_eyes,-0.3549037490913407,0.21066206693649292,0.3498704433441162,0.4267359972000122
9886,4cf1d510-8d5e-4fac-a68e-ce021e8f9133.png,Altered,694 ms,pointy_nose,0.30402689657567694,0.2107444405555725,0.35068878531455994,0.4250537157058716
9886,beb544bb-eb12-4626-af33-7fdd80b016e3.png,Altered,779 ms,age,-0.3873700741331749,0.21127232909202576,0.3516397476196289,0.42682161927223206
9886,f7b1f192-60f7-4e12-8f9e-a36ebe5a9bf4.png,Altered,829 ms,bags_under_eyes,-0.5529040267253669,0.2107820212841034,0.34978485107421875,0.42644956707954407
9886,9ca678ae-aa2b-4bf5-a8ff-7373aaf30426.png,Altered,718 ms,narrow_eyes,0.006368743831299817,0.210629403591156,0.34930557012557983,0.4272300601005554
9886,373c3d2f-2e30-40b7-88b8-ef5574764f31.png,Altered,594 ms,smiling,0.4103202741037921,0.21038195490837097,0.3468875288963318,0.4274151921272278
9886,ad518eb9-18e5-4d88-8f83-d3f557455186.png,Altered,268 ms,bags_under_eyes,-0.09805993444906913,0.21061351895332336,0.34940046072006226,0.42705562710762024
9886,6149eca2-6804-4ce8-afd8-3db53766f71f.png,Altered,608 ms,chubby,0.8404731589559054,0.2099631279706955,0.34043070673942566,0.43479013442993164
9886,2826a03f-8571-41db-bb4f-b24c3da30bf9.png,Original,1800 ms,Original,0,0,0,0
9886,9822f8d7-801a-4f30-8d59-454f46d55411.png,Altered,1581 ms,narrow_eyes,-0.35677582815780173,0.21080677211284637,0.3497489392757416,0.4261254370212555
9886,36729974-4e8c-4b99-a538-b98fec0bf158.png,Altered,846 ms,pointy_nose,-0.6660527835256147,0.2103366255760193,0.3465355336666107,0.43088918924331665
9895,abad799d-6e9b-4475-b267-75e372e6d0ce.png,Altered,2155 ms,pointy_nose,0.30629155896308813,0.17311811447143555,0.08805263042449951,0.4607141613960266
9895,aec6b2d5-913e-4b4f-a338-6856dcb8015e.png,Altered,896 ms,age,-0.02192734278796027,0.1731172651052475,0.08961208909749985,0.46106600761413574
9895,913c38c0-85f1-4c78-93c7-efa88af9d277.png,Altered,994 ms,bags_under_eyes,0.804827209083385,0.1732875108718872,0.08974488824605942,0.4630870819091797
9895,fe745608-91ca-42fc-bcfb-8e1ace4cac77.png,Altered,985 ms,smiling,0.39744130108460585,0.17368380725383759,0.0895300805568695,0.46004626154899597
9895,8beb8291-7231-4167-82b6-0acfb9a27303.png,Altered,840 ms,chubby,-0.24676817684936392,0.1731465458869934,0.08922886848449707,0.46005356311798096
9895,3d6f1775-1798-4eb9-9604-8da0f29112e8.png,Altered,930 ms,smiling,0.6113045145084597,0.17371194064617157,0.08956608176231384,0.4589115381240845
9895,001224dd-2fea-49f7-9ec1-452a0697a245.png,Altered,868 ms,age,0.5849247251822403,0.17316779494285583,0.08848168700933456,0.4621011018753052
9895,4978d8ca-9a66-463a-bc06-8a673b6c423a.png,Altered,895 ms,narrow_eyes,-0.2578577461643039,0.17316409945487976,0.0889229029417038,0.4613816738128662
9895,2ea58043-500a-41e1-a355-f9999e81beb5.png,Altered,966 ms,narrow_eyes,-0.1950750719194685,0.17319338023662567,0.08905795216560364,0.4613374173641205
9895,82e5ea92-f9c6-4a0e-8ba1-5046643e387d.png,Original,4635 ms,Original,0,0,0,0
9895,f27f7573-cf9c-4400-8e19-31673d145ef7.png,Altered,1488 ms,narrow_eyes,0.5825275723152792,0.17387446761131287,0.09118872880935669,0.4594494700431824
9895,198cc894-d895-4454-929b-23ea41640bf9.png,Original,3292 ms,Original,0,0,0,0
9895,f5e4ba42-5450-4992-8088-83dd21ede5b4.png,Altered,1092 ms,pointy_nose,-0.6646569715072039,0.17365524172782898,0.09388107061386108,0.46033620834350586
9895,58d661b9-4314-45d9-8910-01a6d4f6754b.png,Original,1512 ms,Original,0,0,0,0
9895,d0e54b7f-aaa4-48cc-97d5-36e484f73bc3.png,Altered,899 ms,age,0.2445197614532686,0.17320971190929413,0.08906575292348862,0.4618430733680725
9895,5f844ed0-1fd0-4545-9516-e623bb021359.png,Altered,800 ms,chubby,-0.08715091193097924,0.1730928122997284,0.08944368362426758,0.4607255458831787
9895,452ffddb-f6dd-4272-8cb0-5cefce6e6b91.png,Original,1553 ms,Original,0,0,0,0
9895,ed4e285b-8444-4665-83f2-448f926ede58.png,Altered,868 ms,bags_under_eyes,-0.9428170108126723,0.1737026870250702,0.08984621614217758,0.45722314715385437
9895,6c87f568-3d62-4516-9679-4de28b74e3ef.png,Altered,1580 ms,chubby,0.6073543742436545,0.17337119579315186,0.09069141000509262,0.463580459356308
9895,15f2f74f-87d7-4305-8ca9-fb229d100425.png,Altered,854 ms,smiling,0.7588834469713732,0.17391572892665863,0.0896182507276535,0.4581238329410553
9895,eb735e5c-1fbc-4879-8091-f6e7c990ed8c.png,Altered,637 ms,smiling,0.3426232354300316,0.17379900813102722,0.08953176438808441,0.4602380096912384
9895,3d5d5cf3-d892-46d6-99c0-5dee59edb118.png,Altered,711 ms,age,0.593168732822333,0.1731185019016266,0.08846824616193771,0.46211954951286316
9895,7a5d3012-993c-44ef-a3b0-09aeeff8271a.png,Altered,694 ms,bags_under_eyes,-0.1697256289805864,0.1730913370847702,0.08955608308315277,0.46047917008399963
9895,2320ec9a-80b5-4384-8886-c33c66df1234.png,Altered,770 ms,pointy_nose,0.8273198385355947,0.1734435260295868,0.08640140295028687,0.4594901502132416
9895,9127479a-5aec-40ef-b10b-c74a1cedce49.png,Altered,776 ms,pointy_nose,-0.9582358868469323,0.17358729243278503,0.09638261049985886,0.459136426448822
9895,3e240964-3cc6-4a1f-b7bd-076130d040b4.png,Altered,732 ms,age,-0.7181691580532348,0.17343994975090027,0.091378353536129,0.45865535736083984
9895,b7d47955-1aa9-43a4-9009-ca62a5a5809c.png,Altered,685 ms,chubby,-0.9271170874965438,0.17413440346717834,0.0889018177986145,0.4568084478378296
9895,89005f52-6f0b-4f6f-80a9-b093bb630459.png,Altered,1055 ms,pointy_nose,-0.8480614745204473,0.17365655303001404,0.0953904539346695,0.45963430404663086
9895,70d6f243-b181-44c2-9e02-ca3b17f6adc5.png,Altered,928 ms,narrow_eyes,0.9712285680069419,0.17433568835258484,0.09237616509199142,0.4571710526943207
9895,6a49d15e-e0c0-4e93-adc8-f6bc4fdd9341.png,Altered,903 ms,bags_under_eyes,-0.40592918873659767,0.17321674525737762,0.08963561058044434,0.45944446325302124
9895,772c6c9e-64f1-4cfc-ac3b-8900504be5bd.png,Original,1281 ms,Original,0,0,0,0
9895,7398c198-c0a2-4e60-966b-87028077f921.png,Altered,1126 ms,chubby,0.36907469408945004,0.1733522117137909,0.09011159837245941,0.4627915620803833
9895,98b81eb2-8ff9-4915-ac2b-02a9cdf6db2d.png,Altered,677 ms,bags_under_eyes,0.2816105143036549,0.17330360412597656,0.08959071338176727,0.4619116187095642
9895,8444565a-f5e6-4dd2-a099-edf500e27c36.png,Altered,759 ms,smiling,0.11162626548319654,0.17318111658096313,0.0895446166396141,0.4608342945575714
9895,98720047-c30b-411e-9794-898f532360e3.png,Altered,848 ms,narrow_eyes,-0.2928980446947793,0.17317140102386475,0.08884020894765854,0.46136409044265747
